Supplemental results for CODEML (seqf: D:\pamlX\KARS1_test3\Human_KARS1_orthologues_primates.fa  treef: D:\pamlX\KARS1_test3\KARS1_gene_tree_primates.nh)


Model 7: beta

MLEs of dN/dS (w) for site classes (K=10)

p:   0.10000  0.10000  0.10000  0.10000  0.10000  0.10000  0.10000  0.10000  0.10000  0.10000
w:   0.00000  0.00001  0.00031  0.00289  0.01506  0.05560  0.15971  0.36866  0.67728  0.95171

Naive Empirical Bayes (NEB) probabilities for 10 classes & postmean_w
(amino acids refer to 1st sequence: ENSP00000303043_Hsap/1-1791)

   1 N   0.00000 0.00000 0.00000 0.00000 0.00000 0.00000 0.00000 0.00283 0.14928 0.84789 (10)  0.909
   2 E   0.15732 0.15731 0.15708 0.15512 0.14620 0.12004 0.07249 0.02657 0.00616 0.00171 ( 1)  0.037
   3 L   0.14561 0.14560 0.14546 0.14427 0.13877 0.12195 0.08765 0.04548 0.01755 0.00766 ( 1)  0.059
   4 K   0.15732 0.15731 0.15708 0.15512 0.14620 0.12004 0.07249 0.02657 0.00616 0.00171 ( 1)  0.037
   5 R   0.15402 0.15402 0.15381 0.15211 0.14428 0.12106 0.07732 0.03177 0.00876 0.00285 ( 1)  0.042
   6 R   0.00000 0.00000 0.00000 0.00010 0.00256 0.02927 0.15324 0.33029 0.29845 0.18608 ( 8)  0.527
   7 L   0.14549 0.14549 0.14535 0.14417 0.13871 0.12201 0.08786 0.04569 0.01761 0.00763 ( 1)  0.059
   8 K   0.15732 0.15731 0.15708 0.15512 0.14620 0.12004 0.07249 0.02657 0.00616 0.00171 ( 1)  0.037
   9 A   0.15442 0.15442 0.15421 0.15248 0.14455 0.12102 0.07682 0.03110 0.00834 0.00264 ( 1)  0.041
  10 E   0.15731 0.15730 0.15707 0.15511 0.14618 0.12003 0.07250 0.02660 0.00618 0.00173 ( 1)  0.037
  11 K   0.15732 0.15731 0.15708 0.15512 0.14620 0.12004 0.07249 0.02657 0.00616 0.00171 ( 1)  0.037
  12 K   0.15724 0.15724 0.15700 0.15505 0.14613 0.12000 0.07254 0.02673 0.00629 0.00179 ( 1)  0.037
  13 V   0.15443 0.15442 0.15421 0.15248 0.14455 0.12102 0.07681 0.03109 0.00834 0.00264 ( 1)  0.041
  14 A   0.15442 0.15442 0.15421 0.15248 0.14455 0.12102 0.07682 0.03110 0.00834 0.00264 ( 1)  0.041
  15 E   0.15730 0.15730 0.15706 0.15511 0.14618 0.12003 0.07250 0.02660 0.00619 0.00173 ( 1)  0.037
  16 K   0.15728 0.15727 0.15704 0.15508 0.14616 0.12002 0.07252 0.02665 0.00623 0.00175 ( 1)  0.037
  17 E   0.15732 0.15731 0.15708 0.15512 0.14620 0.12004 0.07249 0.02657 0.00616 0.00171 ( 1)  0.037
  18 A   0.15442 0.15442 0.15421 0.15248 0.14455 0.12102 0.07682 0.03110 0.00834 0.00264 ( 1)  0.041
  19 K   0.15726 0.15725 0.15702 0.15507 0.14614 0.12001 0.07253 0.02669 0.00626 0.00177 ( 1)  0.037
  20 Q   0.15270 0.15270 0.15250 0.15090 0.14352 0.12148 0.07928 0.03386 0.00977 0.00328 ( 1)  0.044
  21 K   0.15727 0.15726 0.15703 0.15508 0.14615 0.12001 0.07252 0.02667 0.00624 0.00176 ( 1)  0.037
  22 E   0.15732 0.15731 0.15708 0.15512 0.14620 0.12004 0.07249 0.02657 0.00616 0.00171 ( 1)  0.037
  23 L   0.15441 0.15440 0.15420 0.15247 0.14454 0.12102 0.07684 0.03113 0.00836 0.00265 ( 1)  0.041
  24 S   0.15993 0.15992 0.15966 0.15747 0.14755 0.11882 0.06828 0.02269 0.00457 0.00113 ( 1)  0.033
  25 E   0.15732 0.15731 0.15708 0.15512 0.14620 0.12004 0.07249 0.02657 0.00616 0.00171 ( 1)  0.037
  26 K   0.15730 0.15729 0.15706 0.15510 0.14617 0.12003 0.07251 0.02662 0.00620 0.00174 ( 1)  0.037
  27 Q   0.15260 0.15259 0.15240 0.15079 0.14342 0.12142 0.07932 0.03405 0.00998 0.00342 ( 1)  0.045
  28 A   0.15442 0.15442 0.15421 0.15248 0.14455 0.12102 0.07682 0.03110 0.00834 0.00264 ( 1)  0.041
  29 T   0.15442 0.15442 0.15421 0.15248 0.14455 0.12102 0.07682 0.03111 0.00834 0.00264 ( 1)  0.041
  30 A   0.00000 0.00000 0.00000 0.00000 0.00000 0.00000 0.00000 0.00031 0.06794 0.93176 (10)  0.933
  31 A   0.00000 0.00000 0.00000 0.00000 0.00007 0.00293 0.04446 0.22521 0.38363 0.34370 ( 9)  0.677
  32 A   0.00000 0.00004 0.00117 0.01062 0.05256 0.16254 0.29670 0.27785 0.13730 0.06121 ( 7)  0.311
  33 T   0.15442 0.15442 0.15421 0.15248 0.14455 0.12102 0.07682 0.03111 0.00834 0.00264 ( 1)  0.041
  34 N   0.00000 0.00000 0.00000 0.00000 0.00000 0.00000 0.00000 0.00130 0.11734 0.88136 (10)  0.919
  35 H   0.00000 0.00000 0.00000 0.00000 0.00013 0.00523 0.07161 0.29500 0.37188 0.25615 ( 9)  0.616
  36 T   0.15442 0.15442 0.15421 0.15248 0.14455 0.12102 0.07682 0.03111 0.00834 0.00264 ( 1)  0.041
  37 D   0.00000 0.00005 0.00152 0.01380 0.06751 0.20084 0.33217 0.25576 0.09517 0.03316 ( 7)  0.256
  38 N   0.00000 0.00005 0.00153 0.01385 0.06773 0.20147 0.33290 0.25554 0.09437 0.03255 ( 7)  0.255
  39 G   0.15430 0.15430 0.15409 0.15237 0.14448 0.12105 0.07699 0.03129 0.00844 0.00269 ( 1)  0.042
  40 V   0.00000 0.00000 0.00000 0.00011 0.00273 0.03103 0.16033 0.33657 0.29272 0.17652 ( 8)  0.518
  41 G   0.15442 0.15441 0.15421 0.15248 0.14454 0.12102 0.07682 0.03111 0.00835 0.00264 ( 1)  0.041
  42 P   0.00000 0.00000 0.00000 0.00000 0.00000 0.00000 0.00000 0.00061 0.08378 0.91562 (10)  0.928
  43 E   0.15732 0.15731 0.15708 0.15512 0.14620 0.12004 0.07249 0.02657 0.00616 0.00171 ( 1)  0.037
  44 E   0.15722 0.15721 0.15698 0.15503 0.14610 0.11998 0.07256 0.02677 0.00633 0.00181 ( 1)  0.037
  45 E   0.15732 0.15731 0.15708 0.15512 0.14620 0.12004 0.07249 0.02657 0.00616 0.00171 ( 1)  0.037
  46 S   0.15992 0.15991 0.15966 0.15747 0.14754 0.11881 0.06828 0.02269 0.00457 0.00113 ( 1)  0.033
  47 V   0.00000 0.00000 0.00000 0.00000 0.00000 0.00001 0.00105 0.03568 0.28598 0.67728 (10)  0.852
  48 D   0.15995 0.15994 0.15968 0.15749 0.14756 0.11882 0.06827 0.02265 0.00454 0.00111 ( 1)  0.033
  49 P   0.15442 0.15442 0.15421 0.15248 0.14455 0.12102 0.07682 0.03110 0.00835 0.00265 ( 1)  0.041
  50 N   0.15994 0.15993 0.15968 0.15749 0.14756 0.11882 0.06827 0.02265 0.00454 0.00111 ( 1)  0.033
  51 R   0.15721 0.15721 0.15697 0.15503 0.14613 0.12006 0.07264 0.02674 0.00625 0.00176 ( 1)  0.037
  52 H   0.00000 0.00005 0.00153 0.01383 0.06764 0.20122 0.33267 0.25567 0.09464 0.03275 ( 7)  0.255
  53 A   0.00000 0.00004 0.00114 0.01038 0.05141 0.15947 0.29338 0.27904 0.14102 0.06411 ( 7)  0.316
  54 K   0.15732 0.15731 0.15708 0.15512 0.14620 0.12004 0.07249 0.02657 0.00616 0.00171 ( 1)  0.037
  55 R   0.15442 0.15442 0.15421 0.15248 0.14455 0.12101 0.07682 0.03111 0.00834 0.00264 ( 1)  0.041
  56 A   0.15442 0.15442 0.15421 0.15248 0.14455 0.12102 0.07682 0.03110 0.00834 0.00264 ( 1)  0.041
  57 S   0.15442 0.15441 0.15421 0.15248 0.14454 0.12102 0.07682 0.03111 0.00835 0.00264 ( 1)  0.041
  58 G   0.15442 0.15441 0.15420 0.15247 0.14454 0.12102 0.07683 0.03112 0.00835 0.00265 ( 1)  0.041
  59 G   0.00000 0.00000 0.00000 0.00007 0.00182 0.02130 0.11911 0.29333 0.32337 0.24100 ( 9)  0.577
  60 D   0.00000 0.00005 0.00149 0.01348 0.06601 0.19718 0.32943 0.25856 0.09871 0.03509 ( 7)  0.260
  61 I   0.16130 0.16129 0.16101 0.15870 0.14820 0.11804 0.06596 0.02074 0.00386 0.00089 ( 1)  0.031
  62 I   0.15732 0.15731 0.15708 0.15512 0.14620 0.12004 0.07249 0.02657 0.00616 0.00172 ( 1)  0.037
  63 G   0.15120 0.15119 0.15101 0.14950 0.14256 0.12169 0.08120 0.03632 0.01127 0.00406 ( 1)  0.047
  64 V   0.15442 0.15442 0.15421 0.15248 0.14455 0.12102 0.07682 0.03111 0.00834 0.00264 ( 1)  0.041
  65 Q   0.15270 0.15270 0.15250 0.15090 0.14352 0.12148 0.07928 0.03386 0.00977 0.00328 ( 1)  0.044
  66 G   0.15442 0.15441 0.15420 0.15247 0.14454 0.12102 0.07683 0.03112 0.00835 0.00265 ( 1)  0.041
  67 N   0.15994 0.15993 0.15968 0.15749 0.14756 0.11882 0.06827 0.02265 0.00454 0.00111 ( 1)  0.033
  68 P   0.15442 0.15442 0.15421 0.15248 0.14455 0.12102 0.07682 0.03110 0.00834 0.00264 ( 1)  0.041
  69 G   0.15430 0.15429 0.15408 0.15236 0.14447 0.12105 0.07700 0.03130 0.00845 0.00269 ( 1)  0.042
  70 K   0.15722 0.15721 0.15698 0.15502 0.14610 0.11998 0.07256 0.02678 0.00633 0.00181 ( 1)  0.037
  71 T   0.15442 0.15442 0.15421 0.15248 0.14455 0.12102 0.07682 0.03111 0.00834 0.00264 ( 1)  0.041
  72 K   0.15730 0.15729 0.15706 0.15510 0.14617 0.12003 0.07251 0.02662 0.00620 0.00174 ( 1)  0.037
  73 K   0.15732 0.15731 0.15708 0.15512 0.14620 0.12004 0.07249 0.02657 0.00616 0.00171 ( 1)  0.037
  74 G   0.15442 0.15441 0.15421 0.15248 0.14454 0.12102 0.07682 0.03111 0.00835 0.00264 ( 1)  0.041
  75 E   0.15726 0.15725 0.15702 0.15507 0.14614 0.12001 0.07253 0.02669 0.00626 0.00177 ( 1)  0.037
  76 L   0.14538 0.14538 0.14524 0.14407 0.13863 0.12200 0.08797 0.04586 0.01774 0.00772 ( 1)  0.060
  77 S   0.15995 0.15994 0.15968 0.15749 0.14756 0.11882 0.06827 0.02265 0.00454 0.00111 ( 1)  0.033
  78 I   0.15725 0.15724 0.15701 0.15506 0.14613 0.12000 0.07253 0.02671 0.00628 0.00178 ( 1)  0.037
  79 I   0.15732 0.15731 0.15708 0.15512 0.14620 0.12004 0.07249 0.02657 0.00616 0.00172 ( 1)  0.037
  80 P   0.00000 0.00004 0.00115 0.01049 0.05192 0.16082 0.29485 0.27852 0.13937 0.06285 ( 7)  0.314
  81 Y   0.00000 0.00000 0.00000 0.00010 0.00251 0.02869 0.15088 0.32806 0.30031 0.18945 ( 8)  0.530
  82 E   0.15732 0.15731 0.15708 0.15512 0.14620 0.12004 0.07249 0.02657 0.00616 0.00171 ( 1)  0.037
  83 I   0.15732 0.15731 0.15708 0.15512 0.14620 0.12004 0.07249 0.02657 0.00616 0.00172 ( 1)  0.037
  84 T   0.15442 0.15441 0.15421 0.15248 0.14454 0.12102 0.07682 0.03111 0.00835 0.00264 ( 1)  0.041
  85 L   0.14548 0.14548 0.14534 0.14415 0.13869 0.12198 0.08783 0.04570 0.01766 0.00769 ( 1)  0.059
  86 L   0.14538 0.14538 0.14524 0.14407 0.13863 0.12200 0.08797 0.04586 0.01774 0.00772 ( 1)  0.060
  87 S   0.15433 0.15432 0.15412 0.15239 0.14449 0.12104 0.07695 0.03125 0.00842 0.00268 ( 1)  0.041
  88 P   0.15442 0.15442 0.15421 0.15248 0.14455 0.12102 0.07682 0.03110 0.00834 0.00264 ( 1)  0.041
  89 C   0.15727 0.15726 0.15703 0.15507 0.14615 0.12001 0.07252 0.02667 0.00625 0.00176 ( 1)  0.037
  90 L   0.14925 0.14925 0.14908 0.14769 0.14130 0.12196 0.08368 0.03951 0.01322 0.00506 ( 1)  0.051
  91 H   0.15994 0.15993 0.15968 0.15749 0.14756 0.11882 0.06827 0.02265 0.00454 0.00111 ( 1)  0.033
  92 M   0.16572 0.16571 0.16538 0.16260 0.15008 0.11496 0.05814 0.01497 0.00208 0.00037 ( 1)  0.026
  93 L   0.14538 0.14538 0.14524 0.14406 0.13863 0.12200 0.08797 0.04587 0.01774 0.00771 ( 1)  0.060
  94 P   0.15442 0.15442 0.15421 0.15248 0.14455 0.12102 0.07682 0.03110 0.00834 0.00264 ( 1)  0.041
  95 H   0.15994 0.15993 0.15968 0.15749 0.14756 0.11882 0.06827 0.02265 0.00454 0.00111 ( 1)  0.033
  96 L   0.15442 0.15441 0.15421 0.15247 0.14454 0.12102 0.07683 0.03111 0.00835 0.00264 ( 1)  0.041
  97 H   0.15994 0.15993 0.15968 0.15749 0.14756 0.11882 0.06827 0.02265 0.00454 0.00111 ( 1)  0.033
  98 F   0.15995 0.15994 0.15968 0.15749 0.14756 0.11882 0.06826 0.02264 0.00454 0.00111 ( 1)  0.033
  99 G   0.15442 0.15441 0.15421 0.15248 0.14454 0.12102 0.07682 0.03111 0.00835 0.00264 ( 1)  0.041
 100 L   0.15430 0.15429 0.15409 0.15237 0.14447 0.12105 0.07699 0.03130 0.00845 0.00269 ( 1)  0.042
 101 K   0.15732 0.15731 0.15708 0.15512 0.14620 0.12004 0.07249 0.02657 0.00616 0.00171 ( 1)  0.037
 102 D   0.00000 0.00000 0.00000 0.00015 0.00391 0.04303 0.20496 0.36681 0.25442 0.12671 ( 8)  0.463
 103 K   0.15732 0.15731 0.15708 0.15512 0.14620 0.12004 0.07249 0.02657 0.00616 0.00171 ( 1)  0.037
 104 E   0.15732 0.15731 0.15708 0.15512 0.14620 0.12004 0.07249 0.02657 0.00616 0.00171 ( 1)  0.037
 105 T   0.15442 0.15441 0.15421 0.15248 0.14454 0.12102 0.07682 0.03111 0.00835 0.00264 ( 1)  0.041
 106 R   0.15651 0.15650 0.15628 0.15437 0.14564 0.12005 0.07345 0.02796 0.00706 0.00218 ( 1)  0.038
 107 Y   0.15443 0.15442 0.15421 0.15248 0.14455 0.12102 0.07682 0.03110 0.00834 0.00264 ( 1)  0.041
 108 R   0.00000 0.00004 0.00114 0.01037 0.05137 0.15936 0.29325 0.27908 0.14116 0.06421 ( 7)  0.316
 109 Q   0.15270 0.15270 0.15250 0.15090 0.14352 0.12148 0.07928 0.03386 0.00977 0.00328 ( 1)  0.044
 110 R   0.15442 0.15442 0.15421 0.15248 0.14455 0.12101 0.07682 0.03111 0.00834 0.00264 ( 1)  0.041
 111 Y   0.15443 0.15442 0.15421 0.15248 0.14455 0.12102 0.07682 0.03110 0.00834 0.00264 ( 1)  0.041
 112 L   0.14898 0.14897 0.14881 0.14743 0.14110 0.12194 0.08395 0.03996 0.01358 0.00529 ( 1)  0.052
 113 D   0.15993 0.15992 0.15966 0.15748 0.14755 0.11882 0.06828 0.02269 0.00457 0.00113 ( 1)  0.033
 114 L   0.14925 0.14925 0.14908 0.14769 0.14130 0.12196 0.08368 0.03951 0.01322 0.00506 ( 1)  0.051
 115 I   0.15732 0.15731 0.15708 0.15512 0.14620 0.12004 0.07249 0.02657 0.00616 0.00172 ( 1)  0.037
 116 L   0.14539 0.14538 0.14524 0.14407 0.13864 0.12200 0.08797 0.04586 0.01774 0.00772 ( 1)  0.060
 117 N   0.15994 0.15993 0.15968 0.15749 0.14756 0.11882 0.06827 0.02265 0.00454 0.00111 ( 1)  0.033
 118 D   0.15995 0.15994 0.15968 0.15749 0.14756 0.11882 0.06827 0.02265 0.00454 0.00111 ( 1)  0.033
 119 F   0.15986 0.15985 0.15959 0.15741 0.14749 0.11878 0.06834 0.02283 0.00467 0.00118 ( 1)  0.033
 120 V   0.15443 0.15442 0.15422 0.15249 0.14455 0.12102 0.07681 0.03108 0.00833 0.00264 ( 1)  0.041
 121 R   0.15731 0.15730 0.15707 0.15512 0.14619 0.12004 0.07250 0.02658 0.00617 0.00172 ( 1)  0.037
 122 Q   0.15270 0.15270 0.15250 0.15090 0.14352 0.12148 0.07928 0.03386 0.00977 0.00328 ( 1)  0.044
 123 K   0.15732 0.15731 0.15708 0.15512 0.14620 0.12004 0.07249 0.02657 0.00616 0.00171 ( 1)  0.037
 124 F   0.15995 0.15994 0.15968 0.15749 0.14756 0.11882 0.06826 0.02264 0.00454 0.00111 ( 1)  0.033
 125 I   0.15731 0.15730 0.15707 0.15512 0.14619 0.12003 0.07250 0.02659 0.00617 0.00172 ( 1)  0.037
 126 I   0.00000 0.00000 0.00000 0.00000 0.00000 0.00031 0.01291 0.14026 0.39441 0.45211 (10)  0.751
 127 R   0.00000 0.00004 0.00113 0.01031 0.05104 0.15842 0.29204 0.27916 0.14243 0.06542 ( 7)  0.318
 128 S   0.15442 0.15441 0.15421 0.15248 0.14454 0.12102 0.07682 0.03111 0.00835 0.00264 ( 1)  0.041
 129 K   0.15732 0.15731 0.15708 0.15512 0.14620 0.12004 0.07249 0.02657 0.00616 0.00171 ( 1)  0.037
 130 I   0.00000 0.00000 0.00000 0.00000 0.00000 0.00000 0.00000 0.00093 0.10263 0.89644 (10)  0.923
 131 I   0.00000 0.00000 0.00000 0.00000 0.00000 0.00033 0.01360 0.14500 0.39678 0.44429 (10)  0.747
 132 T   0.15442 0.15441 0.15421 0.15248 0.14454 0.12102 0.07682 0.03111 0.00835 0.00264 ( 1)  0.041
 133 Y   0.00000 0.00004 0.00116 0.01049 0.05194 0.16090 0.29497 0.27857 0.13927 0.06267 ( 7)  0.314
 134 I   0.16109 0.16108 0.16081 0.15851 0.14808 0.11810 0.06628 0.02108 0.00402 0.00095 ( 1)  0.031
 135 R   0.15366 0.15366 0.15346 0.15177 0.14405 0.12109 0.07776 0.03236 0.00914 0.00306 ( 1)  0.043
 136 S   0.15995 0.15994 0.15968 0.15749 0.14756 0.11882 0.06827 0.02265 0.00454 0.00111 ( 1)  0.033
 137 F   0.15992 0.15991 0.15965 0.15746 0.14754 0.11881 0.06829 0.02271 0.00458 0.00113 ( 1)  0.033
 138 L   0.00000 0.00000 0.00000 0.00000 0.00000 0.00001 0.00134 0.04136 0.29793 0.65937 (10)  0.845
 139 D   0.15994 0.15993 0.15967 0.15749 0.14756 0.11882 0.06827 0.02266 0.00455 0.00112 ( 1)  0.033
 140 E   0.00000 0.00005 0.00131 0.01186 0.05841 0.17791 0.31239 0.27069 0.11932 0.04807 ( 7)  0.287
 141 L   0.14538 0.14538 0.14524 0.14407 0.13863 0.12200 0.08797 0.04586 0.01774 0.00772 ( 1)  0.060
 142 G   0.15120 0.15119 0.15101 0.14950 0.14256 0.12169 0.08120 0.03632 0.01127 0.00406 ( 1)  0.047
 143 F   0.15993 0.15992 0.15966 0.15748 0.14755 0.11882 0.06828 0.02268 0.00456 0.00112 ( 1)  0.033
 144 L   0.14540 0.14539 0.14525 0.14408 0.13864 0.12200 0.08796 0.04584 0.01773 0.00771 ( 1)  0.060
 145 E   0.15732 0.15731 0.15708 0.15512 0.14620 0.12004 0.07249 0.02657 0.00616 0.00171 ( 1)  0.037
 146 I   0.00000 0.00005 0.00132 0.01202 0.05914 0.17971 0.31381 0.26935 0.11752 0.04709 ( 7)  0.285
 147 E   0.00000 0.00000 0.00000 0.00012 0.00314 0.03525 0.17665 0.34926 0.27901 0.15657 ( 8)  0.497
 148 T   0.00000 0.00003 0.00085 0.00770 0.03867 0.12523 0.25548 0.29111 0.18315 0.09778 ( 8)  0.373
 149 P   0.00000 0.00000 0.00000 0.00009 0.00238 0.02729 0.14527 0.32310 0.30488 0.19698 ( 8)  0.538
 150 M   0.00000 0.00007 0.00192 0.01733 0.08373 0.23923 0.35672 0.22329 0.06135 0.01637 ( 7)  0.211
 151 M   0.00000 0.00000 0.00000 0.00019 0.00473 0.05123 0.23457 0.38379 0.22817 0.09733 ( 8)  0.429
 152 N   0.00000 0.00000 0.00000 0.00000 0.00000 0.00038 0.01533 0.15677 0.40253 0.42498 (10)  0.737
 153 I   0.00000 0.00000 0.00000 0.00000 0.00009 0.00375 0.05459 0.25395 0.38161 0.30600 ( 9)  0.652
 154 I   0.00000 0.00000 0.00000 0.00000 0.00008 0.00349 0.05138 0.24536 0.38277 0.31692 ( 9)  0.660
 155 P   0.15442 0.15442 0.15421 0.15248 0.14455 0.12102 0.07682 0.03110 0.00834 0.00264 ( 1)  0.041
 156 A   0.00000 0.00000 0.00000 0.00000 0.00006 0.00259 0.04022 0.21247 0.38376 0.36090 ( 9)  0.688
 157 K   0.00000 0.00000 0.00000 0.00000 0.00000 0.00013 0.00663 0.09617 0.37068 0.52638 (10)  0.789
 158 P   0.15442 0.15442 0.15421 0.15248 0.14455 0.12102 0.07682 0.03110 0.00834 0.00264 ( 1)  0.041
 159 F   0.15992 0.15991 0.15965 0.15746 0.14754 0.11881 0.06829 0.02271 0.00458 0.00113 ( 1)  0.033
 160 I   0.00000 0.00000 0.00000 0.00009 0.00238 0.02743 0.14672 0.32693 0.30442 0.19203 ( 8)  0.534
 161 T   0.00000 0.00003 0.00086 0.00780 0.03912 0.12638 0.25649 0.29034 0.18192 0.09708 ( 8)  0.371
 162 Y   0.00000 0.00000 0.00000 0.00010 0.00260 0.02967 0.15496 0.33207 0.29714 0.18344 ( 8)  0.525
 163 H   0.00000 0.00000 0.00000 0.00015 0.00371 0.04106 0.19854 0.36469 0.26024 0.13160 ( 8)  0.470
 164 N   0.00000 0.00000 0.00000 0.00007 0.00172 0.02086 0.12380 0.31510 0.32456 0.21390 ( 9)  0.561
 165 E   0.00000 0.00000 0.00000 0.00011 0.00295 0.03330 0.16945 0.34464 0.28529 0.16426 ( 8)  0.506
 166 L   0.00000 0.00003 0.00074 0.00677 0.03402 0.11086 0.23136 0.28266 0.20543 0.12814 ( 8)  0.409
 167 D   0.15991 0.15991 0.15965 0.15746 0.14754 0.11881 0.06829 0.02271 0.00458 0.00113 ( 1)  0.033
 168 M   0.00000 0.00000 0.00000 0.00019 0.00473 0.05123 0.23457 0.38379 0.22817 0.09733 ( 8)  0.429
 169 N   0.00000 0.00000 0.00000 0.00013 0.00337 0.03759 0.18554 0.35577 0.27143 0.14616 ( 8)  0.486
 170 L   0.00000 0.00000 0.00000 0.00000 0.00000 0.00012 0.00597 0.08448 0.34912 0.56030 (10)  0.802
 171 Y   0.00000 0.00004 0.00111 0.01013 0.05019 0.15606 0.28904 0.27942 0.14559 0.06842 ( 7)  0.322
 172 M   0.00000 0.00007 0.00196 0.01772 0.08549 0.24318 0.35849 0.21946 0.05844 0.01520 ( 7)  0.207
 173 R   0.15442 0.15442 0.15421 0.15248 0.14455 0.12101 0.07682 0.03111 0.00834 0.00264 ( 1)  0.041
 174 I   0.00000 0.00000 0.00000 0.00000 0.00000 0.00015 0.00709 0.09798 0.36919 0.52560 (10)  0.788
 175 A   0.00000 0.00004 0.00112 0.01018 0.05047 0.15696 0.29069 0.28006 0.14405 0.06642 ( 7)  0.320
 176 P   0.15442 0.15442 0.15421 0.15248 0.14455 0.12102 0.07682 0.03110 0.00835 0.00264 ( 1)  0.041
 177 E   0.00000 0.00000 0.00000 0.00007 0.00178 0.02115 0.12115 0.30356 0.32509 0.22720 ( 9)  0.569
 178 L   0.00000 0.00004 0.00112 0.01016 0.05035 0.15661 0.29023 0.28006 0.14453 0.06690 ( 7)  0.321
 179 Y   0.00000 0.00004 0.00114 0.01037 0.05134 0.15928 0.29316 0.27911 0.14126 0.06429 ( 7)  0.316
 180 H   0.00000 0.00005 0.00150 0.01361 0.06661 0.19869 0.33069 0.25753 0.09715 0.03416 ( 7)  0.258
 181 K   0.00000 0.00000 0.00000 0.00006 0.00146 0.01790 0.10904 0.29552 0.33565 0.24037 ( 9)  0.583
 182 M   0.00000 0.00000 0.00000 0.00000 0.00000 0.00000 0.00027 0.02706 0.30598 0.66668 (10)  0.852
 183 L   0.15309 0.15309 0.15289 0.15125 0.14374 0.12135 0.07869 0.03324 0.00949 0.00317 ( 1)  0.044
 184 V   0.15442 0.15441 0.15421 0.15248 0.14454 0.12102 0.07682 0.03111 0.00835 0.00264 ( 1)  0.041
 185 V   0.15442 0.15442 0.15421 0.15248 0.14455 0.12102 0.07682 0.03111 0.00834 0.00264 ( 1)  0.041
 186 G   0.15442 0.15441 0.15421 0.15248 0.14454 0.12102 0.07682 0.03111 0.00835 0.00264 ( 1)  0.041
 187 G   0.15442 0.15441 0.15421 0.15248 0.14454 0.12102 0.07682 0.03111 0.00835 0.00264 ( 1)  0.041
 188 I   0.00000 0.00000 0.00000 0.00000 0.00008 0.00348 0.05116 0.24396 0.38205 0.31926 ( 9)  0.661
 189 D   0.00000 0.00005 0.00152 0.01380 0.06749 0.20080 0.33209 0.25575 0.09525 0.03323 ( 7)  0.256
 190 R   0.15130 0.15129 0.15111 0.14960 0.14262 0.12167 0.08105 0.03615 0.01118 0.00402 ( 1)  0.047
 191 V   0.15442 0.15442 0.15421 0.15248 0.14455 0.12102 0.07682 0.03111 0.00834 0.00264 ( 1)  0.041
 192 Y   0.00000 0.00000 0.00000 0.00009 0.00243 0.02790 0.14765 0.32507 0.30290 0.19395 ( 8)  0.535
 193 E   0.15732 0.15731 0.15708 0.15512 0.14620 0.12004 0.07249 0.02657 0.00616 0.00171 ( 1)  0.037
 194 I   0.15732 0.15731 0.15708 0.15512 0.14620 0.12004 0.07249 0.02657 0.00616 0.00172 ( 1)  0.037
 195 G   0.15120 0.15119 0.15101 0.14950 0.14256 0.12169 0.08120 0.03632 0.01127 0.00406 ( 1)  0.047
 196 R   0.00000 0.00000 0.00000 0.00010 0.00257 0.02927 0.15326 0.33031 0.29844 0.18605 ( 8)  0.527
 197 Q   0.15270 0.15270 0.15250 0.15090 0.14352 0.12148 0.07928 0.03386 0.00977 0.00328 ( 1)  0.044
 198 F   0.15995 0.15994 0.15968 0.15749 0.14756 0.11882 0.06826 0.02264 0.00454 0.00111 ( 1)  0.033
 199 R   0.00000 0.00003 0.00100 0.00910 0.04526 0.14273 0.27388 0.28346 0.16222 0.08232 ( 8)  0.345
 200 N   0.15994 0.15993 0.15968 0.15749 0.14756 0.11882 0.06827 0.02265 0.00454 0.00111 ( 1)  0.033
 201 E   0.15722 0.15721 0.15698 0.15503 0.14610 0.11998 0.07256 0.02677 0.00633 0.00181 ( 1)  0.037
 202 G   0.15391 0.15390 0.15370 0.15200 0.14424 0.12115 0.07755 0.03193 0.00878 0.00284 ( 1)  0.042
 203 I   0.15732 0.15731 0.15708 0.15512 0.14620 0.12004 0.07249 0.02657 0.00616 0.00172 ( 1)  0.037
 204 D   0.00000 0.00005 0.00149 0.01349 0.06605 0.19730 0.32959 0.25854 0.09854 0.03495 ( 7)  0.260
 205 L   0.14918 0.14918 0.14901 0.14763 0.14125 0.12196 0.08375 0.03962 0.01331 0.00512 ( 1)  0.051
 206 T   0.00000 0.00004 0.00118 0.01070 0.05292 0.16349 0.29770 0.27738 0.13614 0.06045 ( 7)  0.309
 207 H   0.15994 0.15993 0.15968 0.15749 0.14756 0.11882 0.06827 0.02265 0.00454 0.00111 ( 1)  0.033
 208 N   0.15992 0.15992 0.15966 0.15747 0.14754 0.11882 0.06828 0.02269 0.00457 0.00113 ( 1)  0.033
 209 P   0.15442 0.15442 0.15421 0.15248 0.14455 0.12102 0.07682 0.03110 0.00834 0.00264 ( 1)  0.041
 210 E   0.15732 0.15731 0.15708 0.15512 0.14620 0.12004 0.07249 0.02657 0.00616 0.00171 ( 1)  0.037
 211 F   0.15991 0.15990 0.15964 0.15746 0.14753 0.11881 0.06829 0.02272 0.00459 0.00114 ( 1)  0.033
 212 T   0.00000 0.00004 0.00117 0.01067 0.05278 0.16312 0.29733 0.27764 0.13660 0.06065 ( 7)  0.310
 213 T   0.15442 0.15442 0.15421 0.15248 0.14455 0.12102 0.07682 0.03111 0.00834 0.00264 ( 1)  0.041
 214 C   0.15732 0.15731 0.15708 0.15512 0.14620 0.12004 0.07249 0.02657 0.00616 0.00171 ( 1)  0.037
 215 E   0.15730 0.15729 0.15706 0.15510 0.14618 0.12003 0.07250 0.02661 0.00619 0.00173 ( 1)  0.037
 216 F   0.15993 0.15992 0.15966 0.15748 0.14755 0.11882 0.06828 0.02269 0.00457 0.00113 ( 1)  0.033
 217 Y   0.15443 0.15442 0.15421 0.15248 0.14455 0.12102 0.07682 0.03110 0.00834 0.00264 ( 1)  0.041
 218 M   0.16572 0.16571 0.16538 0.16260 0.15008 0.11496 0.05814 0.01497 0.00208 0.00037 ( 1)  0.026
 219 A   0.00000 0.00004 0.00117 0.01061 0.05248 0.16232 0.29646 0.27795 0.13757 0.06141 ( 7)  0.311
 220 Y   0.00000 0.00004 0.00117 0.01066 0.05275 0.16304 0.29728 0.27772 0.13667 0.06066 ( 7)  0.310
 221 A   0.15442 0.15442 0.15421 0.15248 0.14455 0.12102 0.07682 0.03110 0.00834 0.00264 ( 1)  0.041
 222 D   0.15993 0.15992 0.15966 0.15748 0.14755 0.11882 0.06828 0.02268 0.00456 0.00112 ( 1)  0.033
 223 Y   0.15443 0.15442 0.15421 0.15248 0.14455 0.12102 0.07682 0.03110 0.00834 0.00264 ( 1)  0.041
 224 H   0.00000 0.00000 0.00000 0.00000 0.00012 0.00488 0.06759 0.28537 0.37424 0.26780 ( 9)  0.625
 225 D   0.00000 0.00005 0.00150 0.01359 0.06650 0.19837 0.33025 0.25758 0.09762 0.03455 ( 7)  0.259
 226 L   0.00000 0.00000 0.00000 0.00000 0.00000 0.00000 0.00000 0.00060 0.08344 0.91596 (10)  0.928
 227 M   0.00000 0.00000 0.00000 0.00025 0.00639 0.06690 0.28122 0.39139 0.18702 0.06684 ( 8)  0.383
 228 E   0.15732 0.15731 0.15708 0.15512 0.14620 0.12004 0.07249 0.02657 0.00616 0.00171 ( 1)  0.037
 229 I   0.15732 0.15731 0.15708 0.15512 0.14620 0.12004 0.07249 0.02657 0.00616 0.00172 ( 1)  0.037
 230 T   0.00000 0.00000 0.00000 0.00011 0.00272 0.03087 0.15969 0.33592 0.29313 0.17756 ( 8)  0.519
 231 E   0.15732 0.15731 0.15708 0.15512 0.14620 0.12004 0.07249 0.02657 0.00616 0.00171 ( 1)  0.037
 232 K   0.00000 0.00000 0.00000 0.00012 0.00319 0.03576 0.17848 0.35031 0.27738 0.15475 ( 8)  0.495
 233 M   0.00000 0.00000 0.00000 0.00000 0.00001 0.00075 0.02732 0.22330 0.41566 0.33297 ( 9)  0.685
 234 V   0.00000 0.00004 0.00117 0.01066 0.05274 0.16300 0.29718 0.27765 0.13675 0.06080 ( 7)  0.310
 235 S   0.14757 0.14757 0.14742 0.14612 0.14015 0.12199 0.08555 0.04226 0.01517 0.00620 ( 1)  0.055
 236 G   0.00000 0.00000 0.00000 0.00000 0.00006 0.00265 0.04096 0.21442 0.38335 0.35856 ( 9)  0.687
 237 M   0.00000 0.00007 0.00198 0.01791 0.08635 0.24510 0.35936 0.21760 0.05702 0.01462 ( 7)  0.205
 238 V   0.15442 0.15441 0.15421 0.15248 0.14454 0.12102 0.07682 0.03111 0.00835 0.00264 ( 1)  0.041
 239 K   0.15732 0.15731 0.15708 0.15512 0.14620 0.12004 0.07249 0.02657 0.00616 0.00171 ( 1)  0.037
 240 H   0.15992 0.15991 0.15965 0.15747 0.14754 0.11881 0.06829 0.02270 0.00458 0.00113 ( 1)  0.033
 241 I   0.00000 0.00005 0.00134 0.01220 0.06001 0.18200 0.31612 0.26822 0.11486 0.04520 ( 7)  0.281
 242 T   0.15442 0.15442 0.15421 0.15248 0.14455 0.12102 0.07682 0.03111 0.00835 0.00264 ( 1)  0.041
 243 G   0.15420 0.15419 0.15398 0.15227 0.14441 0.12108 0.07715 0.03146 0.00853 0.00273 ( 1)  0.042
 244 S   0.00000 0.00000 0.00000 0.00000 0.00000 0.00000 0.00002 0.00685 0.19669 0.79644 (10)  0.894
 245 Y   0.15443 0.15442 0.15421 0.15248 0.14455 0.12102 0.07682 0.03110 0.00834 0.00264 ( 1)  0.041
 246 K   0.15728 0.15727 0.15704 0.15508 0.14616 0.12002 0.07252 0.02665 0.00623 0.00175 ( 1)  0.037
 247 V   0.00000 0.00000 0.00000 0.00000 0.00000 0.00000 0.00004 0.00581 0.17296 0.82120 (10)  0.901
 248 T   0.00000 0.00000 0.00000 0.00010 0.00257 0.02928 0.15330 0.33036 0.29840 0.18599 ( 8)  0.527
 249 Y   0.15443 0.15442 0.15421 0.15248 0.14455 0.12102 0.07682 0.03110 0.00834 0.00264 ( 1)  0.041
 250 H   0.15994 0.15993 0.15968 0.15749 0.14756 0.11882 0.06827 0.02265 0.00454 0.00111 ( 1)  0.033
 251 P   0.15442 0.15442 0.15421 0.15248 0.14455 0.12102 0.07682 0.03110 0.00835 0.00265 ( 1)  0.041
 252 D   0.00000 0.00005 0.00153 0.01384 0.06768 0.20134 0.33278 0.25561 0.09452 0.03266 ( 7)  0.255
 253 G   0.15442 0.15441 0.15421 0.15248 0.14455 0.12102 0.07683 0.03110 0.00834 0.00265 ( 1)  0.041
 254 P   0.15442 0.15442 0.15421 0.15248 0.14455 0.12102 0.07682 0.03110 0.00835 0.00265 ( 1)  0.041
 255 E   0.15732 0.15731 0.15708 0.15512 0.14620 0.12004 0.07249 0.02657 0.00616 0.00171 ( 1)  0.037
 256 G   0.00000 0.00004 0.00115 0.01041 0.05156 0.15986 0.29380 0.27890 0.14056 0.06373 ( 7)  0.315
 257 Q   0.15260 0.15259 0.15240 0.15079 0.14342 0.12142 0.07932 0.03406 0.00998 0.00343 ( 1)  0.045
 258 A   0.15442 0.15442 0.15421 0.15248 0.14455 0.12102 0.07682 0.03110 0.00834 0.00264 ( 1)  0.041
 259 Y   0.15443 0.15442 0.15421 0.15248 0.14455 0.12102 0.07682 0.03110 0.00834 0.00264 ( 1)  0.041
 260 D   0.00000 0.00000 0.00000 0.00000 0.00000 0.00000 0.00000 0.00017 0.05739 0.94244 (10)  0.936
 261 V   0.00000 0.00000 0.00000 0.00000 0.00000 0.00033 0.01380 0.14615 0.39702 0.44269 (10)  0.746
 262 D   0.00000 0.00005 0.00153 0.01384 0.06767 0.20123 0.33237 0.25538 0.09487 0.03305 ( 7)  0.255
 263 F   0.15995 0.15994 0.15968 0.15749 0.14756 0.11882 0.06826 0.02264 0.00454 0.00111 ( 1)  0.033
 264 T   0.15442 0.15442 0.15421 0.15248 0.14455 0.12102 0.07682 0.03111 0.00834 0.00264 ( 1)  0.041
 265 P   0.15442 0.15442 0.15421 0.15248 0.14455 0.12102 0.07682 0.03110 0.00835 0.00265 ( 1)  0.041
 266 P   0.15442 0.15442 0.15421 0.15248 0.14455 0.12102 0.07682 0.03110 0.00834 0.00264 ( 1)  0.041
 267 F   0.15993 0.15992 0.15966 0.15748 0.14755 0.11882 0.06828 0.02269 0.00457 0.00113 ( 1)  0.033
 268 R   0.00000 0.00003 0.00100 0.00905 0.04503 0.14179 0.27149 0.28156 0.16413 0.08590 ( 8)  0.349
 269 R   0.14746 0.14745 0.14729 0.14597 0.13987 0.12144 0.08492 0.04238 0.01606 0.00716 ( 1)  0.056
 270 I   0.15730 0.15729 0.15706 0.15511 0.14618 0.12003 0.07250 0.02660 0.00619 0.00173 ( 1)  0.037
 271 N   0.00000 0.00000 0.00000 0.00000 0.00000 0.00000 0.00016 0.01839 0.26551 0.71594 (10)  0.868
 272 M   0.16572 0.16571 0.16538 0.16260 0.15008 0.11496 0.05814 0.01497 0.00208 0.00037 ( 1)  0.026
 273 V   0.00000 0.00000 0.00000 0.00000 0.00000 0.00000 0.00000 0.00018 0.05964 0.94018 (10)  0.935
 274 E   0.15732 0.15731 0.15708 0.15512 0.14620 0.12004 0.07249 0.02657 0.00616 0.00171 ( 1)  0.037
 275 E   0.00000 0.00005 0.00134 0.01214 0.05974 0.18135 0.31563 0.26875 0.11549 0.04551 ( 7)  0.282
 276 L   0.15382 0.15381 0.15361 0.15192 0.14418 0.12118 0.07768 0.03208 0.00885 0.00287 ( 1)  0.042
 277 E   0.15732 0.15731 0.15708 0.15512 0.14620 0.12004 0.07249 0.02657 0.00616 0.00171 ( 1)  0.037
 278 K   0.00000 0.00005 0.00131 0.01191 0.05864 0.17851 0.31295 0.27034 0.11865 0.04763 ( 7)  0.286
 279 A   0.00000 0.00004 0.00117 0.01062 0.05254 0.16249 0.29665 0.27787 0.13736 0.06125 ( 7)  0.311
 280 L   0.00000 0.00000 0.00000 0.00000 0.00004 0.00155 0.02611 0.16227 0.37341 0.43661 (10)  0.733
 281 G   0.00000 0.00000 0.00000 0.00010 0.00256 0.02922 0.15304 0.33002 0.29855 0.18650 ( 8)  0.527
 282 M   0.00000 0.00000 0.00000 0.00000 0.00000 0.00007 0.00685 0.12606 0.41531 0.45172 (10)  0.759
 283 K   0.15730 0.15729 0.15706 0.15510 0.14617 0.12003 0.07251 0.02662 0.00620 0.00174 ( 1)  0.037
 284 L   0.14539 0.14538 0.14524 0.14407 0.13864 0.12200 0.08797 0.04586 0.01774 0.00772 ( 1)  0.060
 285 P   0.15442 0.15442 0.15421 0.15248 0.14455 0.12102 0.07682 0.03110 0.00835 0.00265 ( 1)  0.041
 286 E   0.00000 0.00000 0.00000 0.00013 0.00325 0.03636 0.18105 0.35300 0.27536 0.15085 ( 8)  0.491
 287 T   0.15442 0.15442 0.15421 0.15248 0.14455 0.12102 0.07682 0.03110 0.00834 0.00264 ( 1)  0.041
 288 N   0.00000 0.00000 0.00000 0.00000 0.00013 0.00509 0.06969 0.28884 0.37198 0.26428 ( 9)  0.621
 289 L   0.15442 0.15441 0.15420 0.15247 0.14454 0.12102 0.07683 0.03111 0.00835 0.00264 ( 1)  0.041
 290 F   0.15995 0.15994 0.15968 0.15749 0.14756 0.11882 0.06826 0.02264 0.00454 0.00111 ( 1)  0.033
 291 E   0.15732 0.15731 0.15708 0.15512 0.14620 0.12004 0.07249 0.02657 0.00616 0.00171 ( 1)  0.037
 292 T   0.15442 0.15442 0.15421 0.15248 0.14455 0.12102 0.07682 0.03111 0.00834 0.00264 ( 1)  0.041
 293 E   0.15732 0.15731 0.15708 0.15512 0.14620 0.12004 0.07249 0.02657 0.00616 0.00171 ( 1)  0.037
 294 E   0.00000 0.00000 0.00000 0.00000 0.00002 0.00095 0.01832 0.13886 0.37642 0.46543 (10)  0.752
 295 T   0.00000 0.00000 0.00000 0.00000 0.00001 0.00065 0.01318 0.11191 0.35892 0.51533 (10)  0.777
 296 R   0.00000 0.00000 0.00000 0.00000 0.00000 0.00002 0.00232 0.06139 0.34331 0.59296 (10)  0.820
 297 K   0.00000 0.00000 0.00000 0.00000 0.00000 0.00000 0.00002 0.00616 0.18815 0.80567 (10)  0.896
 298 I   0.00000 0.00000 0.00000 0.00000 0.00009 0.00392 0.05650 0.25871 0.38062 0.30016 ( 9)  0.648
 299 L   0.00000 0.00000 0.00000 0.00000 0.00000 0.00000 0.00040 0.02528 0.27452 0.69980 (10)  0.861
 300 D   0.00000 0.00000 0.00000 0.00000 0.00000 0.00000 0.00062 0.03451 0.30702 0.65784 (10)  0.847
 301 D   0.00000 0.00000 0.00000 0.00000 0.00000 0.00047 0.01837 0.17506 0.40794 0.39816 ( 9)  0.723
 302 I   0.00000 0.00000 0.00000 0.00000 0.00000 0.00000 0.00077 0.03571 0.30595 0.65757 (10)  0.846
 303 C   0.00000 0.00000 0.00000 0.00012 0.00314 0.03521 0.17649 0.34913 0.27912 0.15679 ( 8)  0.497
 304 V   0.00000 0.00000 0.00000 0.00000 0.00000 0.00000 0.00054 0.02427 0.25770 0.71748 (10)  0.866
 305 A   0.00000 0.00000 0.00000 0.00000 0.00000 0.00000 0.00006 0.00928 0.20204 0.78862 (10)  0.891
 306 K   0.00000 0.00000 0.00000 0.00000 0.00002 0.00086 0.01674 0.13084 0.37177 0.47977 (10)  0.759
 307 A   0.00000 0.00000 0.00000 0.00000 0.00000 0.00021 0.00949 0.11482 0.37795 0.49752 (10)  0.773
 308 V   0.00000 0.00004 0.00118 0.01067 0.05280 0.16317 0.29740 0.27764 0.13653 0.06058 ( 7)  0.310
 309 E   0.15732 0.15731 0.15708 0.15512 0.14620 0.12004 0.07249 0.02657 0.00616 0.00171 ( 1)  0.037
 310 C   0.15732 0.15731 0.15708 0.15512 0.14619 0.12004 0.07249 0.02658 0.00617 0.00172 ( 1)  0.037
 311 P   0.00000 0.00004 0.00117 0.01062 0.05254 0.16248 0.29664 0.27789 0.13737 0.06126 ( 7)  0.311
 312 P   0.00000 0.00004 0.00116 0.01055 0.05219 0.16155 0.29560 0.27818 0.13851 0.06222 ( 7)  0.313
 313 P   0.15442 0.15442 0.15421 0.15248 0.14455 0.12102 0.07682 0.03110 0.00834 0.00264 ( 1)  0.041
 314 R   0.15009 0.15008 0.14991 0.14847 0.14184 0.12183 0.08259 0.03813 0.01240 0.00465 ( 1)  0.049
 315 T   0.15442 0.15442 0.15421 0.15248 0.14455 0.12102 0.07682 0.03111 0.00834 0.00264 ( 1)  0.041
 316 T   0.15442 0.15441 0.15421 0.15248 0.14454 0.12102 0.07682 0.03111 0.00835 0.00264 ( 1)  0.041
 317 A   0.15442 0.15442 0.15421 0.15248 0.14455 0.12102 0.07682 0.03110 0.00834 0.00264 ( 1)  0.041
 318 R   0.15728 0.15727 0.15704 0.15509 0.14617 0.12005 0.07255 0.02664 0.00620 0.00173 ( 1)  0.037
 319 L   0.15442 0.15441 0.15420 0.15247 0.14454 0.12102 0.07683 0.03112 0.00835 0.00264 ( 1)  0.041
 320 L   0.15429 0.15429 0.15408 0.15236 0.14447 0.12105 0.07700 0.03131 0.00845 0.00269 ( 1)  0.042
 321 D   0.15984 0.15983 0.15958 0.15739 0.14747 0.11878 0.06835 0.02287 0.00469 0.00119 ( 1)  0.033
 322 K   0.15730 0.15729 0.15706 0.15510 0.14617 0.12003 0.07251 0.02662 0.00620 0.00174 ( 1)  0.037
 323 L   0.15442 0.15441 0.15421 0.15247 0.14454 0.12102 0.07683 0.03111 0.00835 0.00264 ( 1)  0.041
 324 V   0.15443 0.15442 0.15421 0.15248 0.14455 0.12102 0.07682 0.03110 0.00834 0.00264 ( 1)  0.041
 325 G   0.15430 0.15429 0.15408 0.15236 0.14447 0.12105 0.07700 0.03131 0.00845 0.00269 ( 1)  0.042
 326 E   0.00000 0.00005 0.00135 0.01229 0.06042 0.18304 0.31703 0.26757 0.11375 0.04450 ( 7)  0.280
 327 F   0.00000 0.00000 0.00000 0.00015 0.00378 0.04170 0.20075 0.36569 0.25826 0.12967 ( 8)  0.468
 328 L   0.14538 0.14538 0.14524 0.14407 0.13863 0.12200 0.08797 0.04586 0.01774 0.00772 ( 1)  0.060
 329 E   0.15730 0.15729 0.15706 0.15510 0.14617 0.12003 0.07251 0.02662 0.00620 0.00174 ( 1)  0.037
 330 V   0.00000 0.00000 0.00000 0.00010 0.00265 0.03020 0.15698 0.33355 0.29537 0.18114 ( 8)  0.522
 331 T   0.15442 0.15442 0.15421 0.15248 0.14455 0.12102 0.07682 0.03111 0.00834 0.00264 ( 1)  0.041
 332 C   0.15732 0.15731 0.15708 0.15512 0.14620 0.12004 0.07249 0.02657 0.00616 0.00171 ( 1)  0.037
 333 I   0.15732 0.15731 0.15708 0.15512 0.14620 0.12004 0.07249 0.02657 0.00616 0.00172 ( 1)  0.037
 334 N   0.15994 0.15993 0.15968 0.15749 0.14756 0.11882 0.06827 0.02265 0.00454 0.00111 ( 1)  0.033
 335 P   0.15442 0.15442 0.15421 0.15248 0.14455 0.12102 0.07682 0.03110 0.00834 0.00264 ( 1)  0.041
 336 T   0.15443 0.15442 0.15422 0.15248 0.14455 0.12102 0.07681 0.03109 0.00834 0.00264 ( 1)  0.041
 337 F   0.15995 0.15994 0.15968 0.15749 0.14756 0.11882 0.06826 0.02264 0.00454 0.00111 ( 1)  0.033
 338 I   0.15732 0.15731 0.15708 0.15512 0.14620 0.12004 0.07249 0.02657 0.00616 0.00172 ( 1)  0.037
 339 C   0.15732 0.15731 0.15708 0.15512 0.14620 0.12004 0.07249 0.02657 0.00616 0.00171 ( 1)  0.037
 340 D   0.15995 0.15994 0.15968 0.15749 0.14756 0.11882 0.06827 0.02265 0.00454 0.00111 ( 1)  0.033
 341 H   0.15994 0.15993 0.15968 0.15749 0.14756 0.11882 0.06827 0.02265 0.00454 0.00111 ( 1)  0.033
 342 P   0.15442 0.15442 0.15421 0.15248 0.14455 0.12102 0.07682 0.03110 0.00835 0.00265 ( 1)  0.041
 343 Q   0.15270 0.15270 0.15250 0.15090 0.14352 0.12148 0.07928 0.03386 0.00977 0.00328 ( 1)  0.044
 344 I   0.16130 0.16129 0.16101 0.15870 0.14820 0.11804 0.06596 0.02074 0.00386 0.00089 ( 1)  0.031
 345 M   0.00000 0.00007 0.00199 0.01801 0.08681 0.24614 0.35983 0.21659 0.05625 0.01430 ( 7)  0.204
 346 S   0.15993 0.15992 0.15966 0.15748 0.14755 0.11882 0.06828 0.02268 0.00456 0.00112 ( 1)  0.033
 347 P   0.15442 0.15442 0.15421 0.15248 0.14455 0.12102 0.07682 0.03110 0.00834 0.00264 ( 1)  0.041
 348 L   0.14866 0.14865 0.14849 0.14713 0.14087 0.12190 0.08425 0.04048 0.01400 0.00556 ( 1)  0.053
 349 A   0.15442 0.15442 0.15421 0.15248 0.14455 0.12102 0.07682 0.03110 0.00834 0.00264 ( 1)  0.041
 350 K   0.15730 0.15729 0.15706 0.15511 0.14618 0.12003 0.07250 0.02660 0.00619 0.00173 ( 1)  0.037
 351 W   0.00000 0.00000 0.00000 0.00003 0.00088 0.01139 0.07804 0.25373 0.35608 0.29985 ( 9)  0.633
 352 H   0.00000 0.00000 0.00000 0.00015 0.00384 0.04229 0.20281 0.36679 0.25644 0.12768 ( 8)  0.465
 353 R   0.00000 0.00004 0.00117 0.01066 0.05271 0.16294 0.29713 0.27771 0.13682 0.06082 ( 7)  0.310
 354 S   0.00000 0.00004 0.00115 0.01047 0.05184 0.16061 0.29461 0.27861 0.13965 0.06303 ( 7)  0.314
 355 K   0.15730 0.15729 0.15706 0.15510 0.14618 0.12003 0.07250 0.02661 0.00619 0.00173 ( 1)  0.037
 356 E   0.00000 0.00000 0.00000 0.00000 0.00000 0.00033 0.01357 0.14476 0.39657 0.44476 (10)  0.747
 357 G   0.00000 0.00004 0.00118 0.01071 0.05297 0.16363 0.29787 0.27744 0.13599 0.06017 ( 7)  0.309
 358 L   0.14538 0.14538 0.14524 0.14407 0.13863 0.12200 0.08797 0.04586 0.01774 0.00772 ( 1)  0.060
 359 T   0.15443 0.15442 0.15421 0.15248 0.14455 0.12102 0.07681 0.03109 0.00834 0.00264 ( 1)  0.041
 360 E   0.15732 0.15731 0.15708 0.15512 0.14620 0.12004 0.07249 0.02657 0.00616 0.00171 ( 1)  0.037
 361 R   0.00000 0.00000 0.00000 0.00009 0.00243 0.02785 0.14741 0.32476 0.30305 0.19440 ( 8)  0.535
 362 F   0.15995 0.15994 0.15968 0.15749 0.14756 0.11882 0.06826 0.02264 0.00454 0.00111 ( 1)  0.033
 363 E   0.15731 0.15730 0.15707 0.15511 0.14619 0.12003 0.07250 0.02659 0.00618 0.00173 ( 1)  0.037
 364 L   0.14535 0.14535 0.14521 0.14403 0.13860 0.12196 0.08795 0.04590 0.01783 0.00781 ( 1)  0.060
 365 F   0.00000 0.00005 0.00149 0.01349 0.06605 0.19731 0.32958 0.25851 0.09854 0.03497 ( 7)  0.260
 366 L   0.14538 0.14538 0.14524 0.14407 0.13863 0.12200 0.08797 0.04586 0.01774 0.00772 ( 1)  0.060
 367 N   0.15994 0.15993 0.15968 0.15749 0.14756 0.11882 0.06827 0.02265 0.00454 0.00111 ( 1)  0.033
 368 D   0.00000 0.00005 0.00153 0.01384 0.06767 0.20132 0.33279 0.25564 0.09451 0.03264 ( 7)  0.255
 369 P   0.15442 0.15442 0.15421 0.15248 0.14455 0.12102 0.07682 0.03110 0.00834 0.00264 ( 1)  0.041
 370 M   0.00000 0.00000 0.00000 0.00000 0.00000 0.00000 0.00000 0.00061 0.09293 0.90645 (10)  0.926
 371 R   0.00000 0.00000 0.00000 0.00000 0.00000 0.00018 0.00814 0.10385 0.36887 0.51896 (10)  0.783
 372 Q   0.00000 0.00004 0.00108 0.00978 0.04857 0.15188 0.28517 0.28200 0.15024 0.07123 ( 7)  0.328
 373 R   0.15117 0.15117 0.15099 0.14948 0.14254 0.12169 0.08122 0.03636 0.01131 0.00408 ( 1)  0.047
 374 Q   0.00000 0.00004 0.00108 0.00986 0.04893 0.15286 0.28630 0.28173 0.14901 0.07019 ( 7)  0.327
 375 L   0.00000 0.00000 0.00000 0.00009 0.00243 0.02779 0.14719 0.32454 0.30321 0.19474 ( 8)  0.535
 376 F   0.00000 0.00005 0.00153 0.01385 0.06773 0.20146 0.33287 0.25551 0.09440 0.03260 ( 7)  0.255
 377 E   0.00000 0.00005 0.00135 0.01224 0.06019 0.18248 0.31662 0.26801 0.11428 0.04477 ( 7)  0.280
 378 E   0.00000 0.00000 0.00000 0.00000 0.00010 0.00413 0.05903 0.26528 0.37954 0.29191 ( 9)  0.642
 379 Q   0.00000 0.00003 0.00081 0.00736 0.03697 0.12018 0.24787 0.28984 0.19064 0.10631 ( 8)  0.384


lnL = -5997.530974


Model 8: beta&w>1

MLEs of dN/dS (w) for site classes (K=11)

p:   0.09413  0.09413  0.09413  0.09413  0.09413  0.09413  0.09413  0.09413  0.09413  0.09413  0.05871
w:   0.00001  0.00046  0.00322  0.01168  0.03067  0.06678  0.12899  0.23063  0.39494  0.68139  2.09281

Naive Empirical Bayes (NEB) probabilities for 11 classes & postmean_w & P(w>1)
(amino acids refer to 1st sequence: ENSP00000303043_Hsap/1-1791)

   1 N   0.00000 0.00000 0.00000 0.00000 0.00000 0.00000 0.00000 0.00001 0.00072 0.02726 0.97201 (11)  2.053  0.972
   2 E   0.14942 0.14912 0.14729 0.14182 0.13029 0.11091 0.08409 0.05359 0.02600 0.00747 0.00001 ( 1)  0.052  0.000
   3 L   0.13586 0.13568 0.13460 0.13132 0.12426 0.11188 0.09343 0.06970 0.04357 0.01943 0.00028 ( 1)  0.072  0.000
   4 K   0.14942 0.14912 0.14729 0.14182 0.13029 0.11091 0.08409 0.05359 0.02600 0.00747 0.00001 ( 1)  0.052  0.000
   5 R   0.14551 0.14525 0.14365 0.13888 0.12875 0.11152 0.08713 0.05835 0.03071 0.01021 0.00004 ( 1)  0.057  0.000
   6 R   0.00000 0.00000 0.00010 0.00131 0.00838 0.03432 0.09968 0.21205 0.32329 0.31178 0.00910 ( 9)  0.423  0.009
   7 L   0.13573 0.13555 0.13447 0.13122 0.12421 0.11191 0.09355 0.06988 0.04373 0.01948 0.00026 ( 1)  0.073  0.000
   8 K   0.14942 0.14912 0.14729 0.14182 0.13029 0.11091 0.08409 0.05359 0.02600 0.00747 0.00001 ( 1)  0.052  0.000
   9 A   0.14597 0.14571 0.14409 0.13925 0.12897 0.11150 0.08683 0.05780 0.03008 0.00976 0.00003 ( 1)  0.057  0.000
  10 E   0.14941 0.14910 0.14727 0.14181 0.13027 0.11090 0.08409 0.05361 0.02603 0.00750 0.00001 ( 1)  0.052  0.000
  11 K   0.14942 0.14912 0.14729 0.14182 0.13029 0.11091 0.08409 0.05359 0.02600 0.00747 0.00001 ( 1)  0.052  0.000
  12 K   0.14934 0.14904 0.14721 0.14175 0.13022 0.11087 0.08410 0.05368 0.02615 0.00761 0.00002 ( 1)  0.052  0.000
  13 V   0.14598 0.14571 0.14410 0.13926 0.12898 0.11151 0.08683 0.05779 0.03007 0.00976 0.00003 ( 1)  0.057  0.000
  14 A   0.14597 0.14571 0.14409 0.13925 0.12897 0.11150 0.08683 0.05780 0.03008 0.00976 0.00003 ( 1)  0.057  0.000
  15 E   0.14940 0.14910 0.14727 0.14181 0.13027 0.11090 0.08409 0.05361 0.02603 0.00750 0.00001 ( 1)  0.052  0.000
  16 K   0.14938 0.14908 0.14725 0.14179 0.13025 0.11089 0.08409 0.05364 0.02608 0.00755 0.00001 ( 1)  0.052  0.000
  17 E   0.14942 0.14912 0.14729 0.14182 0.13029 0.11091 0.08409 0.05359 0.02600 0.00747 0.00001 ( 1)  0.052  0.000
  18 A   0.14598 0.14571 0.14409 0.13925 0.12897 0.11150 0.08683 0.05780 0.03007 0.00976 0.00003 ( 1)  0.057  0.000
  19 K   0.14936 0.14906 0.14723 0.14177 0.13024 0.11088 0.08410 0.05366 0.02611 0.00758 0.00001 ( 1)  0.052  0.000
  20 Q   0.14351 0.14327 0.14180 0.13738 0.12796 0.11182 0.08868 0.06079 0.03312 0.01160 0.00005 ( 1)  0.060  0.000
  21 K   0.14937 0.14907 0.14724 0.14178 0.13025 0.11088 0.08409 0.05364 0.02609 0.00756 0.00001 ( 1)  0.052  0.000
  22 E   0.14942 0.14912 0.14729 0.14182 0.13029 0.11091 0.08409 0.05359 0.02600 0.00747 0.00001 ( 1)  0.052  0.000
  23 L   0.14596 0.14570 0.14408 0.13924 0.12897 0.11151 0.08684 0.05782 0.03009 0.00977 0.00003 ( 1)  0.057  0.000
  24 S   0.15265 0.15231 0.15026 0.14417 0.13136 0.11010 0.08129 0.04962 0.02247 0.00575 0.00001 ( 1)  0.048  0.000
  25 E   0.14942 0.14912 0.14729 0.14182 0.13029 0.11091 0.08409 0.05359 0.02600 0.00747 0.00001 ( 1)  0.052  0.000
  26 K   0.14940 0.14909 0.14726 0.14180 0.13027 0.11089 0.08409 0.05362 0.02605 0.00752 0.00001 ( 1)  0.052  0.000
  27 Q   0.14342 0.14318 0.14170 0.13729 0.12788 0.11177 0.08868 0.06088 0.03331 0.01182 0.00006 ( 1)  0.060  0.000
  28 A   0.14597 0.14571 0.14409 0.13925 0.12897 0.11150 0.08683 0.05780 0.03008 0.00976 0.00003 ( 1)  0.057  0.000
  29 T   0.14597 0.14571 0.14409 0.13925 0.12897 0.11150 0.08683 0.05780 0.03008 0.00976 0.00003 ( 1)  0.057  0.000
  30 A   0.00000 0.00000 0.00000 0.00000 0.00000 0.00000 0.00000 0.00000 0.00001 0.00120 0.99880 (11)  2.091  0.999
  31 A   0.00000 0.00000 0.00000 0.00003 0.00058 0.00519 0.02925 0.11221 0.29692 0.50544 0.05038 (10)  0.597  0.050
  32 A   0.00002 0.00117 0.00817 0.02863 0.06966 0.13115 0.19738 0.23513 0.20980 0.11775 0.00115 ( 8)  0.256  0.001
  33 T   0.14597 0.14571 0.14409 0.13925 0.12897 0.11150 0.08683 0.05780 0.03008 0.00976 0.00003 ( 1)  0.057  0.000
  34 N   0.00000 0.00000 0.00000 0.00000 0.00000 0.00000 0.00000 0.00000 0.00020 0.01229 0.98751 (11)  2.075  0.988
  35 H   0.00000 0.00000 0.00000 0.00006 0.00092 0.00792 0.04227 0.14807 0.33861 0.44830 0.01385 (10)  0.508  0.014
  36 T   0.14597 0.14571 0.14409 0.13925 0.12897 0.11150 0.08683 0.05780 0.03008 0.00976 0.00003 ( 1)  0.057  0.000
  37 D   0.00002 0.00144 0.00998 0.03470 0.08307 0.15166 0.21651 0.23670 0.18406 0.08159 0.00027 ( 8)  0.224  0.000
  38 N   0.00002 0.00144 0.01000 0.03478 0.08326 0.15197 0.21684 0.23682 0.18371 0.08091 0.00025 ( 8)  0.224  0.000
  39 G   0.14584 0.14557 0.14396 0.13915 0.12892 0.11152 0.08693 0.05797 0.03025 0.00987 0.00003 ( 1)  0.057  0.000
  40 V   0.00000 0.00000 0.00011 0.00137 0.00877 0.03576 0.10311 0.21673 0.32415 0.30244 0.00756 ( 9)  0.416  0.008
  41 G   0.14597 0.14571 0.14409 0.13925 0.12897 0.11150 0.08683 0.05780 0.03008 0.00977 0.00003 ( 1)  0.057  0.000
  42 P   0.00000 0.00000 0.00000 0.00000 0.00000 0.00000 0.00000 0.00000 0.00003 0.00224 0.99773 (11)  2.090  0.998
  43 E   0.14942 0.14912 0.14729 0.14182 0.13029 0.11091 0.08409 0.05359 0.02600 0.00747 0.00001 ( 1)  0.052  0.000
  44 E   0.14932 0.14902 0.14719 0.14173 0.13021 0.11086 0.08410 0.05371 0.02620 0.00765 0.00002 ( 1)  0.052  0.000
  45 E   0.14942 0.14912 0.14729 0.14182 0.13029 0.11091 0.08409 0.05359 0.02600 0.00747 0.00001 ( 1)  0.052  0.000
  46 S   0.15265 0.15231 0.15026 0.14416 0.13136 0.11010 0.08129 0.04963 0.02248 0.00575 0.00001 ( 1)  0.048  0.000
  47 V   0.00000 0.00000 0.00000 0.00000 0.00000 0.00001 0.00024 0.00329 0.03019 0.20435 0.76192 (11)  1.747  0.762
  48 D   0.15267 0.15233 0.15028 0.14419 0.13138 0.11011 0.08129 0.04960 0.02243 0.00571 0.00001 ( 1)  0.048  0.000
  49 P   0.14598 0.14571 0.14409 0.13925 0.12897 0.11150 0.08683 0.05780 0.03008 0.00977 0.00003 ( 1)  0.057  0.000
  50 N   0.15267 0.15233 0.15028 0.14418 0.13138 0.11011 0.08129 0.04960 0.02243 0.00571 0.00001 ( 1)  0.048  0.000
  51 R   0.14930 0.14900 0.14717 0.14173 0.13023 0.11092 0.08417 0.05374 0.02616 0.00757 0.00001 ( 1)  0.052  0.000
  52 H   0.00002 0.00144 0.00999 0.03473 0.08316 0.15182 0.21670 0.23681 0.18390 0.08119 0.00026 ( 8)  0.224  0.000
  53 A   0.00002 0.00115 0.00803 0.02813 0.06855 0.12939 0.19560 0.23470 0.21185 0.12129 0.00130 ( 8)  0.259  0.001
  54 K   0.14942 0.14912 0.14729 0.14182 0.13029 0.11091 0.08409 0.05359 0.02600 0.00747 0.00001 ( 1)  0.052  0.000
  55 R   0.14597 0.14571 0.14409 0.13925 0.12897 0.11150 0.08683 0.05780 0.03008 0.00976 0.00003 ( 1)  0.057  0.000
  56 A   0.14597 0.14571 0.14409 0.13925 0.12897 0.11150 0.08683 0.05780 0.03008 0.00976 0.00003 ( 1)  0.057  0.000
  57 S   0.14597 0.14571 0.14409 0.13925 0.12897 0.11150 0.08683 0.05780 0.03008 0.00977 0.00003 ( 1)  0.057  0.000
  58 G   0.14597 0.14570 0.14408 0.13925 0.12897 0.11150 0.08683 0.05781 0.03009 0.00977 0.00003 ( 1)  0.057  0.000
  59 G   0.00000 0.00000 0.00008 0.00102 0.00657 0.02750 0.08278 0.18676 0.31332 0.35758 0.02439 (10)  0.474  0.024
  60 D   0.00002 0.00141 0.00978 0.03405 0.08166 0.14959 0.21476 0.23692 0.18683 0.08470 0.00030 ( 8)  0.227  0.000
  61 I   0.15479 0.15443 0.15223 0.14568 0.13199 0.10945 0.07933 0.04701 0.02030 0.00479 0.00000 ( 1)  0.046  0.000
  62 I   0.14942 0.14912 0.14729 0.14182 0.13029 0.11091 0.08409 0.05359 0.02600 0.00747 0.00001 ( 1)  0.052  0.000
  63 G   0.14232 0.14209 0.14068 0.13645 0.12741 0.11187 0.08947 0.06221 0.03472 0.01272 0.00007 ( 1)  0.062  0.000
  64 V   0.14597 0.14571 0.14409 0.13925 0.12897 0.11150 0.08683 0.05780 0.03008 0.00976 0.00003 ( 1)  0.057  0.000
  65 Q   0.14351 0.14327 0.14180 0.13738 0.12796 0.11182 0.08868 0.06079 0.03312 0.01160 0.00005 ( 1)  0.060  0.000
  66 G   0.14597 0.14570 0.14408 0.13925 0.12897 0.11150 0.08683 0.05781 0.03009 0.00977 0.00003 ( 1)  0.057  0.000
  67 N   0.15267 0.15233 0.15028 0.14418 0.13138 0.11011 0.08129 0.04960 0.02243 0.00571 0.00001 ( 1)  0.048  0.000
  68 P   0.14597 0.14571 0.14409 0.13925 0.12897 0.11150 0.08683 0.05780 0.03008 0.00976 0.00003 ( 1)  0.057  0.000
  69 G   0.14583 0.14556 0.14395 0.13914 0.12891 0.11153 0.08694 0.05798 0.03025 0.00987 0.00003 ( 1)  0.057  0.000
  70 K   0.14932 0.14902 0.14719 0.14173 0.13021 0.11086 0.08410 0.05371 0.02620 0.00766 0.00002 ( 1)  0.052  0.000
  71 T   0.14597 0.14571 0.14409 0.13925 0.12897 0.11150 0.08683 0.05780 0.03008 0.00976 0.00003 ( 1)  0.057  0.000
  72 K   0.14940 0.14909 0.14726 0.14180 0.13027 0.11089 0.08409 0.05362 0.02605 0.00752 0.00001 ( 1)  0.052  0.000
  73 K   0.14942 0.14912 0.14729 0.14182 0.13029 0.11091 0.08409 0.05359 0.02600 0.00747 0.00001 ( 1)  0.052  0.000
  74 G   0.14597 0.14571 0.14409 0.13925 0.12897 0.11150 0.08683 0.05780 0.03008 0.00977 0.00003 ( 1)  0.057  0.000
  75 E   0.14936 0.14906 0.14723 0.14177 0.13024 0.11088 0.08410 0.05366 0.02612 0.00758 0.00001 ( 1)  0.052  0.000
  76 L   0.13561 0.13544 0.13436 0.13113 0.12415 0.11191 0.09361 0.07001 0.04390 0.01962 0.00027 ( 1)  0.073  0.000
  77 S   0.15267 0.15233 0.15028 0.14419 0.13138 0.11011 0.08129 0.04960 0.02243 0.00571 0.00001 ( 1)  0.048  0.000
  78 I   0.14935 0.14905 0.14722 0.14176 0.13023 0.11087 0.08409 0.05367 0.02614 0.00760 0.00002 ( 1)  0.052  0.000
  79 I   0.14942 0.14912 0.14729 0.14182 0.13029 0.11091 0.08409 0.05359 0.02600 0.00747 0.00001 ( 1)  0.052  0.000
  80 P   0.00002 0.00116 0.00809 0.02835 0.06905 0.13018 0.19640 0.23490 0.21092 0.11968 0.00125 ( 8)  0.258  0.001
  81 Y   0.00000 0.00000 0.00010 0.00129 0.00828 0.03394 0.09878 0.21078 0.32296 0.31424 0.00962 ( 9)  0.426  0.010
  82 E   0.14942 0.14912 0.14729 0.14182 0.13029 0.11091 0.08409 0.05359 0.02600 0.00747 0.00001 ( 1)  0.052  0.000
  83 I   0.14942 0.14912 0.14729 0.14182 0.13029 0.11091 0.08409 0.05359 0.02600 0.00747 0.00001 ( 1)  0.052  0.000
  84 T   0.14597 0.14571 0.14409 0.13925 0.12897 0.11150 0.08683 0.05780 0.03008 0.00977 0.00003 ( 1)  0.057  0.000
  85 L   0.13572 0.13554 0.13446 0.13121 0.12419 0.11189 0.09353 0.06987 0.04375 0.01954 0.00028 ( 1)  0.073  0.000
  86 L   0.13561 0.13544 0.13436 0.13113 0.12415 0.11191 0.09361 0.07001 0.04390 0.01962 0.00027 ( 1)  0.073  0.000
  87 S   0.14587 0.14560 0.14399 0.13917 0.12893 0.11152 0.08691 0.05793 0.03021 0.00984 0.00003 ( 1)  0.057  0.000
  88 P   0.14597 0.14571 0.14409 0.13925 0.12897 0.11150 0.08683 0.05780 0.03008 0.00976 0.00003 ( 1)  0.057  0.000
  89 C   0.14937 0.14907 0.14724 0.14178 0.13025 0.11088 0.08409 0.05365 0.02610 0.00757 0.00001 ( 1)  0.052  0.000
  90 L   0.13968 0.13947 0.13820 0.13439 0.12620 0.11201 0.09124 0.06534 0.03821 0.01513 0.00012 ( 1)  0.066  0.000
  91 H   0.15267 0.15233 0.15028 0.14418 0.13138 0.11011 0.08129 0.04960 0.02243 0.00571 0.00001 ( 1)  0.048  0.000
  92 M   0.16061 0.16017 0.15751 0.14964 0.13338 0.10722 0.07367 0.04001 0.01501 0.00278 0.00000 ( 1)  0.040  0.000
  93 L   0.13561 0.13543 0.13436 0.13113 0.12415 0.11191 0.09362 0.07001 0.04390 0.01962 0.00027 ( 1)  0.073  0.000
  94 P   0.14597 0.14571 0.14409 0.13925 0.12897 0.11150 0.08683 0.05780 0.03008 0.00976 0.00003 ( 1)  0.057  0.000
  95 H   0.15267 0.15233 0.15028 0.14418 0.13138 0.11011 0.08129 0.04960 0.02243 0.00571 0.00001 ( 1)  0.048  0.000
  96 L   0.14597 0.14570 0.14409 0.13925 0.12897 0.11150 0.08683 0.05780 0.03008 0.00977 0.00003 ( 1)  0.057  0.000
  97 H   0.15267 0.15233 0.15028 0.14418 0.13138 0.11011 0.08129 0.04960 0.02243 0.00571 0.00001 ( 1)  0.048  0.000
  98 F   0.15267 0.15234 0.15029 0.14419 0.13138 0.11011 0.08128 0.04960 0.02243 0.00571 0.00001 ( 1)  0.048  0.000
  99 G   0.14597 0.14571 0.14409 0.13925 0.12897 0.11150 0.08683 0.05780 0.03008 0.00977 0.00003 ( 1)  0.057  0.000
 100 L   0.14583 0.14556 0.14395 0.13914 0.12891 0.11152 0.08694 0.05798 0.03026 0.00987 0.00003 ( 1)  0.057  0.000
 101 K   0.14942 0.14912 0.14729 0.14182 0.13029 0.11091 0.08409 0.05359 0.02600 0.00747 0.00001 ( 1)  0.052  0.000
 102 D   0.00000 0.00000 0.00014 0.00179 0.01123 0.04468 0.12337 0.24180 0.32365 0.25050 0.00284 ( 9)  0.379  0.003
 103 K   0.14942 0.14912 0.14729 0.14182 0.13029 0.11091 0.08409 0.05359 0.02600 0.00747 0.00001 ( 1)  0.052  0.000
 104 E   0.14942 0.14912 0.14729 0.14182 0.13029 0.11091 0.08409 0.05359 0.02600 0.00747 0.00001 ( 1)  0.052  0.000
 105 T   0.14597 0.14571 0.14409 0.13925 0.12897 0.11150 0.08683 0.05780 0.03008 0.00977 0.00003 ( 1)  0.057  0.000
 106 R   0.14849 0.14819 0.14640 0.14107 0.12980 0.11086 0.08463 0.05470 0.02735 0.00847 0.00003 ( 1)  0.054  0.000
 107 Y   0.14598 0.14571 0.14409 0.13925 0.12897 0.11151 0.08683 0.05780 0.03007 0.00976 0.00003 ( 1)  0.057  0.000
 108 R   0.00002 0.00115 0.00802 0.02812 0.06852 0.12934 0.19554 0.23468 0.21191 0.12140 0.00130 ( 8)  0.260  0.001
 109 Q   0.14351 0.14327 0.14180 0.13738 0.12796 0.11182 0.08868 0.06079 0.03312 0.01160 0.00005 ( 1)  0.060  0.000
 110 R   0.14597 0.14571 0.14409 0.13925 0.12897 0.11150 0.08683 0.05780 0.03008 0.00976 0.00003 ( 1)  0.057  0.000
 111 Y   0.14598 0.14571 0.14409 0.13925 0.12897 0.11151 0.08683 0.05780 0.03007 0.00976 0.00003 ( 1)  0.057  0.000
 112 L   0.13940 0.13919 0.13793 0.13415 0.12605 0.11199 0.09139 0.06566 0.03862 0.01549 0.00013 ( 1)  0.066  0.000
 113 D   0.15265 0.15231 0.15026 0.14417 0.13136 0.11010 0.08129 0.04962 0.02247 0.00574 0.00001 ( 1)  0.048  0.000
 114 L   0.13968 0.13947 0.13820 0.13439 0.12620 0.11201 0.09124 0.06534 0.03821 0.01513 0.00012 ( 1)  0.066  0.000
 115 I   0.14942 0.14912 0.14729 0.14182 0.13029 0.11091 0.08409 0.05359 0.02600 0.00747 0.00001 ( 1)  0.052  0.000
 116 L   0.13561 0.13544 0.13436 0.13113 0.12415 0.11191 0.09361 0.07001 0.04389 0.01962 0.00027 ( 1)  0.073  0.000
 117 N   0.15267 0.15233 0.15028 0.14418 0.13138 0.11011 0.08129 0.04960 0.02243 0.00571 0.00001 ( 1)  0.048  0.000
 118 D   0.15267 0.15233 0.15028 0.14419 0.13138 0.11011 0.08129 0.04960 0.02243 0.00571 0.00001 ( 1)  0.048  0.000
 119 F   0.15258 0.15225 0.15020 0.14410 0.13131 0.11007 0.08131 0.04971 0.02261 0.00586 0.00001 ( 1)  0.049  0.000
 120 V   0.14598 0.14572 0.14410 0.13926 0.12898 0.11151 0.08682 0.05778 0.03006 0.00975 0.00003 ( 1)  0.057  0.000
 121 R   0.14941 0.14911 0.14728 0.14182 0.13028 0.11091 0.08409 0.05360 0.02601 0.00748 0.00001 ( 1)  0.052  0.000
 122 Q   0.14351 0.14327 0.14180 0.13738 0.12796 0.11182 0.08868 0.06079 0.03312 0.01160 0.00005 ( 1)  0.060  0.000
 123 K   0.14942 0.14912 0.14729 0.14182 0.13029 0.11091 0.08409 0.05359 0.02600 0.00747 0.00001 ( 1)  0.052  0.000
 124 F   0.15267 0.15234 0.15029 0.14419 0.13138 0.11011 0.08128 0.04960 0.02243 0.00571 0.00001 ( 1)  0.048  0.000
 125 I   0.14941 0.14911 0.14728 0.14182 0.13028 0.11090 0.08409 0.05360 0.02601 0.00749 0.00001 ( 1)  0.052  0.000
 126 I   0.00000 0.00000 0.00000 0.00000 0.00004 0.00073 0.00779 0.05173 0.22252 0.59748 0.11971 (10)  0.759  0.120
 127 R   0.00002 0.00115 0.00798 0.02799 0.06822 0.12884 0.19498 0.23442 0.21240 0.12260 0.00140 ( 8)  0.261  0.001
 128 S   0.14597 0.14571 0.14409 0.13925 0.12897 0.11150 0.08683 0.05780 0.03008 0.00977 0.00003 ( 1)  0.057  0.000
 129 K   0.14942 0.14912 0.14729 0.14182 0.13029 0.11091 0.08409 0.05359 0.02600 0.00747 0.00001 ( 1)  0.052  0.000
 130 I   0.00000 0.00000 0.00000 0.00000 0.00000 0.00000 0.00000 0.00000 0.00010 0.00698 0.99293 (11)  2.083  0.993
 131 I   0.00000 0.00000 0.00000 0.00000 0.00004 0.00077 0.00817 0.05381 0.22846 0.59987 0.10888 (10)  0.740  0.109
 132 T   0.14597 0.14571 0.14409 0.13925 0.12897 0.11150 0.08683 0.05780 0.03008 0.00977 0.00003 ( 1)  0.057  0.000
 133 Y   0.00002 0.00116 0.00809 0.02834 0.06902 0.13015 0.19638 0.23491 0.21099 0.11972 0.00122 ( 8)  0.258  0.001
 134 I   0.15451 0.15415 0.15197 0.14547 0.13188 0.10949 0.07955 0.04736 0.02065 0.00498 0.00000 ( 1)  0.046  0.000
 135 R   0.14509 0.14483 0.14326 0.13856 0.12855 0.11152 0.08739 0.05884 0.03127 0.01062 0.00005 ( 1)  0.058  0.000
 136 S   0.15267 0.15233 0.15028 0.14419 0.13138 0.11011 0.08129 0.04960 0.02243 0.00571 0.00001 ( 1)  0.048  0.000
 137 F   0.15264 0.15230 0.15025 0.14416 0.13135 0.11010 0.08129 0.04964 0.02249 0.00576 0.00001 ( 1)  0.048  0.000
 138 L   0.00000 0.00000 0.00000 0.00000 0.00000 0.00001 0.00031 0.00410 0.03535 0.21902 0.74120 (11)  1.715  0.741
 139 D   0.15266 0.15233 0.15028 0.14418 0.13137 0.11011 0.08129 0.04961 0.02245 0.00573 0.00001 ( 1)  0.048  0.000
 140 E   0.00002 0.00127 0.00886 0.03095 0.07484 0.13924 0.20532 0.23658 0.20004 0.10226 0.00063 ( 8)  0.243  0.001
 141 L   0.13561 0.13544 0.13436 0.13113 0.12415 0.11191 0.09361 0.07001 0.04390 0.01962 0.00027 ( 1)  0.073  0.000
 142 G   0.14232 0.14209 0.14068 0.13645 0.12741 0.11187 0.08947 0.06221 0.03472 0.01272 0.00007 ( 1)  0.062  0.000
 143 F   0.15266 0.15232 0.15027 0.14417 0.13136 0.11011 0.08129 0.04962 0.02246 0.00574 0.00001 ( 1)  0.048  0.000
 144 L   0.13562 0.13545 0.13437 0.13114 0.12415 0.11191 0.09361 0.07000 0.04388 0.01961 0.00027 ( 1)  0.073  0.000
 145 E   0.14942 0.14912 0.14729 0.14182 0.13029 0.11091 0.08409 0.05359 0.02600 0.00747 0.00001 ( 1)  0.052  0.000
 146 I   0.00002 0.00129 0.00896 0.03130 0.07560 0.14037 0.20629 0.23650 0.19854 0.10051 0.00062 ( 8)  0.241  0.001
 147 E   0.00000 0.00000 0.00012 0.00152 0.00964 0.03896 0.11055 0.22638 0.32486 0.28272 0.00524 ( 9)  0.401  0.005
 148 T   0.00001 0.00090 0.00626 0.02214 0.05506 0.10793 0.17357 0.22877 0.23653 0.16550 0.00333 ( 9)  0.297  0.003
 149 P   0.00000 0.00000 0.00010 0.00124 0.00792 0.03263 0.09566 0.20652 0.32220 0.32277 0.01096 (10)  0.433  0.011
 150 M   0.00003 0.00175 0.01210 0.04173 0.09816 0.17325 0.23334 0.23203 0.15487 0.05270 0.00005 ( 7)  0.196  0.000
 151 M   0.00000 0.00000 0.00016 0.00204 0.01275 0.05017 0.13574 0.25666 0.32214 0.21927 0.00108 ( 9)  0.359  0.001
 152 N   0.00000 0.00000 0.00000 0.00000 0.00005 0.00086 0.00907 0.05872 0.24246 0.60565 0.08319 (10)  0.697  0.083
 153 I   0.00000 0.00000 0.00000 0.00004 0.00071 0.00624 0.03442 0.12716 0.31678 0.48557 0.02908 (10)  0.551  0.029
 154 I   0.00000 0.00000 0.00000 0.00004 0.00066 0.00589 0.03272 0.12242 0.31103 0.49296 0.03427 (10)  0.563  0.034
 155 P   0.14598 0.14571 0.14409 0.13925 0.12897 0.11150 0.08683 0.05780 0.03007 0.00976 0.00003 ( 1)  0.057  0.000
 156 A   0.00000 0.00000 0.00000 0.00003 0.00052 0.00470 0.02683 0.10498 0.28650 0.51346 0.06297 (10)  0.623  0.063
 157 K   0.00000 0.00000 0.00000 0.00000 0.00002 0.00032 0.00379 0.02947 0.15685 0.56252 0.24704 (10)  0.970  0.247
 158 P   0.14597 0.14571 0.14409 0.13925 0.12897 0.11150 0.08683 0.05780 0.03008 0.00976 0.00003 ( 1)  0.057  0.000
 159 F   0.15264 0.15230 0.15025 0.14416 0.13135 0.11010 0.08129 0.04964 0.02249 0.00576 0.00001 ( 1)  0.048  0.000
 160 I   0.00000 0.00000 0.00010 0.00121 0.00777 0.03215 0.09479 0.20617 0.32389 0.32432 0.00961 (10)  0.431  0.010
 161 T   0.00001 0.00091 0.00632 0.02236 0.05554 0.10865 0.17422 0.22877 0.23557 0.16431 0.00334 ( 9)  0.296  0.003
 162 Y   0.00000 0.00000 0.00010 0.00132 0.00846 0.03464 0.10046 0.21319 0.32367 0.30960 0.00855 ( 9)  0.421  0.009
 163 H   0.00000 0.00000 0.00014 0.00171 0.01078 0.04310 0.12002 0.23830 0.32499 0.25805 0.00292 ( 9)  0.384  0.003
 164 N   0.00000 0.00000 0.00007 0.00089 0.00585 0.02531 0.07971 0.18869 0.32647 0.36095 0.01206 (10)  0.456  0.012
 165 E   0.00000 0.00000 0.00011 0.00144 0.00918 0.03730 0.10679 0.22179 0.32510 0.29235 0.00593 ( 9)  0.408  0.006
 166 L   0.00001 0.00083 0.00581 0.02057 0.05124 0.10080 0.16362 0.22039 0.23943 0.18844 0.00885 ( 9)  0.322  0.009
 167 D   0.15264 0.15230 0.15025 0.14415 0.13135 0.11010 0.08129 0.04964 0.02250 0.00576 0.00001 ( 1)  0.048  0.000
 168 M   0.00000 0.00000 0.00016 0.00204 0.01275 0.05017 0.13574 0.25666 0.32214 0.21927 0.00108 ( 9)  0.359  0.001
 169 N   0.00000 0.00000 0.00013 0.00159 0.01006 0.04049 0.11408 0.23089 0.32505 0.27343 0.00428 ( 9)  0.395  0.004
 170 L   0.00000 0.00000 0.00000 0.00000 0.00001 0.00026 0.00299 0.02238 0.11687 0.43826 0.41922 (10)  1.228  0.419
 171 Y   0.00002 0.00113 0.00789 0.02765 0.06745 0.12756 0.19354 0.23377 0.21367 0.12566 0.00166 ( 8)  0.263  0.002
 172 M   0.00003 0.00178 0.01233 0.04252 0.09981 0.17550 0.23486 0.23112 0.15176 0.05025 0.00004 ( 7)  0.193  0.000
 173 R   0.14597 0.14571 0.14409 0.13925 0.12897 0.11150 0.08683 0.05780 0.03008 0.00976 0.00003 ( 1)  0.057  0.000
 174 I   0.00000 0.00000 0.00000 0.00000 0.00002 0.00035 0.00405 0.03048 0.15685 0.54906 0.25919 (10)  0.986  0.259
 175 A   0.00002 0.00113 0.00790 0.02772 0.06763 0.12794 0.19413 0.23436 0.21356 0.12419 0.00141 ( 8)  0.262  0.001
 176 P   0.14598 0.14571 0.14409 0.13925 0.12897 0.11150 0.08683 0.05780 0.03007 0.00976 0.00003 ( 1)  0.057  0.000
 177 E   0.00000 0.00000 0.00007 0.00095 0.00620 0.02631 0.08078 0.18669 0.31975 0.36313 0.01610 (10)  0.463  0.016
 178 L   0.00002 0.00113 0.00789 0.02768 0.06753 0.12777 0.19394 0.23426 0.21372 0.12461 0.00146 ( 8)  0.262  0.001
 179 Y   0.00002 0.00115 0.00801 0.02808 0.06843 0.12921 0.19541 0.23465 0.21206 0.12167 0.00131 ( 8)  0.260  0.001
 180 H   0.00002 0.00142 0.00986 0.03432 0.08226 0.15049 0.21556 0.23690 0.18565 0.08322 0.00028 ( 8)  0.226  0.000
 181 K   0.00000 0.00000 0.00006 0.00079 0.00524 0.02281 0.07282 0.17679 0.31997 0.38386 0.01764 (10)  0.477  0.018
 182 M   0.00000 0.00000 0.00000 0.00000 0.00000 0.00000 0.00009 0.00283 0.04919 0.46776 0.48014 (11)  1.344  0.480
 183 L   0.14436 0.14411 0.14259 0.13802 0.12830 0.11170 0.08803 0.05975 0.03209 0.01100 0.00005 ( 1)  0.059  0.000
 184 V   0.14597 0.14571 0.14409 0.13925 0.12897 0.11150 0.08683 0.05780 0.03008 0.00977 0.00003 ( 1)  0.057  0.000
 185 V   0.14597 0.14571 0.14409 0.13925 0.12897 0.11150 0.08683 0.05780 0.03008 0.00976 0.00003 ( 1)  0.057  0.000
 186 G   0.14597 0.14571 0.14409 0.13925 0.12897 0.11150 0.08683 0.05780 0.03008 0.00977 0.00003 ( 1)  0.057  0.000
 187 G   0.14597 0.14571 0.14409 0.13925 0.12897 0.11150 0.08683 0.05780 0.03008 0.00977 0.00003 ( 1)  0.057  0.000
 188 I   0.00000 0.00000 0.00000 0.00004 0.00066 0.00588 0.03260 0.12184 0.30943 0.49213 0.03742 (10)  0.569  0.037
 189 D   0.00002 0.00144 0.00998 0.03469 0.08307 0.15165 0.21648 0.23668 0.18407 0.08165 0.00027 ( 8)  0.225  0.000
 190 R   0.14243 0.14220 0.14078 0.13654 0.12746 0.11186 0.08938 0.06206 0.03457 0.01263 0.00007 ( 1)  0.062  0.000
 191 V   0.14597 0.14571 0.14409 0.13925 0.12897 0.11150 0.08683 0.05780 0.03008 0.00976 0.00003 ( 1)  0.057  0.000
 192 Y   0.00000 0.00000 0.00010 0.00126 0.00805 0.03312 0.09680 0.20802 0.32235 0.31969 0.01061 ( 9)  0.430  0.011
 193 E   0.14942 0.14912 0.14729 0.14182 0.13029 0.11091 0.08409 0.05359 0.02600 0.00747 0.00001 ( 1)  0.052  0.000
 194 I   0.14942 0.14912 0.14729 0.14182 0.13029 0.11091 0.08409 0.05359 0.02600 0.00747 0.00001 ( 1)  0.052  0.000
 195 G   0.14232 0.14209 0.14068 0.13645 0.12741 0.11187 0.08947 0.06221 0.03472 0.01272 0.00007 ( 1)  0.062  0.000
 196 R   0.00000 0.00000 0.00010 0.00131 0.00838 0.03432 0.09969 0.21206 0.32330 0.31175 0.00909 ( 9)  0.423  0.009
 197 Q   0.14351 0.14327 0.14180 0.13738 0.12796 0.11182 0.08868 0.06079 0.03312 0.01160 0.00005 ( 1)  0.060  0.000
 198 F   0.15267 0.15234 0.15029 0.14419 0.13138 0.11011 0.08128 0.04960 0.02243 0.00571 0.00001 ( 1)  0.048  0.000
 199 R   0.00002 0.00105 0.00730 0.02566 0.06295 0.12037 0.18609 0.23161 0.22178 0.14071 0.00248 ( 8)  0.276  0.002
 200 N   0.15267 0.15233 0.15028 0.14418 0.13138 0.11011 0.08129 0.04960 0.02243 0.00571 0.00001 ( 1)  0.048  0.000
 201 E   0.14932 0.14902 0.14719 0.14173 0.13021 0.11086 0.08410 0.05371 0.02620 0.00765 0.00002 ( 1)  0.052  0.000
 202 G   0.14537 0.14511 0.14353 0.13880 0.12873 0.11158 0.08728 0.05853 0.03082 0.01021 0.00004 ( 1)  0.058  0.000
 203 I   0.14942 0.14912 0.14729 0.14182 0.13029 0.11091 0.08409 0.05359 0.02600 0.00747 0.00001 ( 1)  0.052  0.000
 204 D   0.00002 0.00141 0.00979 0.03406 0.08169 0.14964 0.21482 0.23695 0.18677 0.08456 0.00030 ( 8)  0.227  0.000
 205 L   0.13961 0.13940 0.13813 0.13433 0.12616 0.11201 0.09128 0.06542 0.03831 0.01522 0.00012 ( 1)  0.066  0.000
 206 T   0.00002 0.00118 0.00821 0.02877 0.06997 0.13165 0.19787 0.23522 0.20916 0.11677 0.00117 ( 8)  0.256  0.001
 207 H   0.15267 0.15233 0.15028 0.14418 0.13138 0.11011 0.08129 0.04960 0.02243 0.00571 0.00001 ( 1)  0.048  0.000
 208 N   0.15265 0.15231 0.15026 0.14416 0.13136 0.11010 0.08129 0.04963 0.02248 0.00575 0.00001 ( 1)  0.048  0.000
 209 P   0.14597 0.14571 0.14409 0.13925 0.12897 0.11150 0.08683 0.05780 0.03008 0.00976 0.00003 ( 1)  0.057  0.000
 210 E   0.14942 0.14912 0.14729 0.14182 0.13029 0.11091 0.08409 0.05359 0.02600 0.00747 0.00001 ( 1)  0.052  0.000
 211 F   0.15264 0.15230 0.15025 0.14415 0.13135 0.11010 0.08129 0.04964 0.02250 0.00577 0.00001 ( 1)  0.048  0.000
 212 T   0.00002 0.00118 0.00820 0.02871 0.06986 0.13146 0.19769 0.23521 0.20943 0.11711 0.00112 ( 8)  0.256  0.001
 213 T   0.14597 0.14571 0.14409 0.13925 0.12897 0.11150 0.08683 0.05780 0.03008 0.00976 0.00003 ( 1)  0.057  0.000
 214 C   0.14942 0.14912 0.14729 0.14182 0.13029 0.11091 0.08409 0.05359 0.02600 0.00747 0.00001 ( 1)  0.052  0.000
 215 E   0.14940 0.14910 0.14727 0.14181 0.13027 0.11090 0.08409 0.05361 0.02604 0.00751 0.00001 ( 1)  0.052  0.000
 216 F   0.15265 0.15231 0.15027 0.14417 0.13136 0.11010 0.08129 0.04962 0.02247 0.00574 0.00001 ( 1)  0.048  0.000
 217 Y   0.14598 0.14571 0.14409 0.13925 0.12897 0.11151 0.08683 0.05780 0.03007 0.00976 0.00003 ( 1)  0.057  0.000
 218 M   0.16061 0.16017 0.15751 0.14964 0.13338 0.10722 0.07367 0.04001 0.01501 0.00278 0.00000 ( 1)  0.040  0.000
 219 A   0.00002 0.00117 0.00816 0.02859 0.06958 0.13103 0.19726 0.23510 0.20994 0.11798 0.00116 ( 8)  0.257  0.001
 220 Y   0.00002 0.00118 0.00819 0.02870 0.06982 0.13141 0.19765 0.23521 0.20951 0.11719 0.00111 ( 8)  0.256  0.001
 221 A   0.14597 0.14571 0.14409 0.13925 0.12897 0.11150 0.08683 0.05780 0.03008 0.00976 0.00003 ( 1)  0.057  0.000
 222 D   0.15266 0.15232 0.15027 0.14417 0.13136 0.11011 0.08129 0.04962 0.02246 0.00574 0.00001 ( 1)  0.048  0.000
 223 Y   0.14598 0.14571 0.14409 0.13925 0.12897 0.11151 0.08683 0.05780 0.03007 0.00976 0.00003 ( 1)  0.057  0.000
 224 H   0.00000 0.00000 0.00000 0.00005 0.00087 0.00753 0.04043 0.14317 0.33355 0.45708 0.01733 (10)  0.518  0.017
 225 D   0.00002 0.00142 0.00985 0.03426 0.08212 0.15025 0.21529 0.23681 0.18593 0.08377 0.00030 ( 8)  0.226  0.000
 226 L   0.00000 0.00000 0.00000 0.00000 0.00000 0.00000 0.00000 0.00000 0.00003 0.00221 0.99777 (11)  2.090  0.998
 227 M   0.00000 0.00000 0.00021 0.00263 0.01619 0.06181 0.15910 0.27798 0.30892 0.17276 0.00040 ( 9)  0.330  0.000
 228 E   0.14942 0.14912 0.14729 0.14182 0.13029 0.11091 0.08409 0.05359 0.02600 0.00747 0.00001 ( 1)  0.052  0.000
 229 I   0.14942 0.14912 0.14729 0.14182 0.13029 0.11091 0.08409 0.05359 0.02600 0.00747 0.00001 ( 1)  0.052  0.000
 230 T   0.00000 0.00000 0.00011 0.00137 0.00873 0.03562 0.10278 0.21626 0.32394 0.30319 0.00800 ( 9)  0.417  0.008
 231 E   0.14942 0.14912 0.14729 0.14182 0.13029 0.11091 0.08409 0.05359 0.02600 0.00747 0.00001 ( 1)  0.052  0.000
 232 K   0.00000 0.00000 0.00012 0.00154 0.00974 0.03932 0.11133 0.22729 0.32471 0.28078 0.00518 ( 9)  0.400  0.005
 233 M   0.00000 0.00000 0.00000 0.00000 0.00008 0.00150 0.01480 0.08643 0.30282 0.57159 0.02278 (10)  0.579  0.023
 234 V   0.00002 0.00118 0.00819 0.02870 0.06982 0.13140 0.19762 0.23518 0.20950 0.11727 0.00113 ( 8)  0.256  0.001
 235 S   0.13842 0.13822 0.13701 0.13338 0.12556 0.11198 0.09197 0.06679 0.03997 0.01653 0.00017 ( 1)  0.068  0.000
 236 G   0.00000 0.00000 0.00000 0.00003 0.00053 0.00479 0.02725 0.10611 0.28764 0.51063 0.06301 (10)  0.622  0.063
 237 M   0.00003 0.00180 0.01245 0.04291 0.10063 0.17663 0.23562 0.23068 0.15020 0.04901 0.00004 ( 7)  0.192  0.000
 238 V   0.14597 0.14571 0.14409 0.13925 0.12897 0.11150 0.08683 0.05780 0.03008 0.00977 0.00003 ( 1)  0.057  0.000
 239 K   0.14942 0.14912 0.14729 0.14182 0.13029 0.11091 0.08409 0.05359 0.02600 0.00747 0.00001 ( 1)  0.052  0.000
 240 H   0.15264 0.15231 0.15026 0.14416 0.13136 0.11010 0.08129 0.04963 0.02249 0.00576 0.00001 ( 1)  0.048  0.000
 241 I   0.00002 0.00130 0.00907 0.03164 0.07637 0.14158 0.20749 0.23672 0.19707 0.09819 0.00055 ( 8)  0.239  0.001
 242 T   0.14597 0.14571 0.14409 0.13925 0.12897 0.11150 0.08683 0.05780 0.03008 0.00976 0.00003 ( 1)  0.057  0.000
 243 G   0.14571 0.14545 0.14384 0.13905 0.12887 0.11154 0.08703 0.05812 0.03040 0.00996 0.00003 ( 1)  0.057  0.000
 244 S   0.00000 0.00000 0.00000 0.00000 0.00000 0.00000 0.00000 0.00011 0.00380 0.08231 0.91378 (11)  1.970  0.914
 245 Y   0.14598 0.14571 0.14409 0.13925 0.12897 0.11151 0.08683 0.05780 0.03007 0.00976 0.00003 ( 1)  0.057  0.000
 246 K   0.14938 0.14908 0.14725 0.14179 0.13025 0.11089 0.08409 0.05364 0.02608 0.00755 0.00001 ( 1)  0.052  0.000
 247 V   0.00000 0.00000 0.00000 0.00000 0.00000 0.00000 0.00000 0.00006 0.00162 0.03563 0.96269 (11)  2.040  0.963
 248 T   0.00000 0.00000 0.00010 0.00131 0.00838 0.03433 0.09970 0.21208 0.32330 0.31169 0.00910 ( 9)  0.423  0.009
 249 Y   0.14598 0.14571 0.14409 0.13925 0.12897 0.11151 0.08683 0.05780 0.03007 0.00976 0.00003 ( 1)  0.057  0.000
 250 H   0.15267 0.15233 0.15028 0.14418 0.13138 0.11011 0.08129 0.04960 0.02243 0.00571 0.00001 ( 1)  0.048  0.000
 251 P   0.14598 0.14571 0.14409 0.13925 0.12897 0.11150 0.08683 0.05780 0.03008 0.00977 0.00003 ( 1)  0.057  0.000
 252 D   0.00002 0.00144 0.00999 0.03475 0.08320 0.15189 0.21676 0.23681 0.18381 0.08106 0.00025 ( 8)  0.224  0.000
 253 G   0.14597 0.14571 0.14409 0.13925 0.12897 0.11151 0.08683 0.05780 0.03007 0.00976 0.00003 ( 1)  0.057  0.000
 254 P   0.14598 0.14571 0.14409 0.13925 0.12897 0.11150 0.08683 0.05780 0.03008 0.00977 0.00003 ( 1)  0.057  0.000
 255 E   0.14942 0.14912 0.14729 0.14182 0.13029 0.11091 0.08409 0.05359 0.02600 0.00747 0.00001 ( 1)  0.052  0.000
 256 G   0.00002 0.00116 0.00804 0.02819 0.06869 0.12961 0.19582 0.23475 0.21160 0.12084 0.00128 ( 8)  0.259  0.001
 257 Q   0.14342 0.14318 0.14170 0.13729 0.12788 0.11177 0.08868 0.06088 0.03331 0.01182 0.00006 ( 1)  0.060  0.000
 258 A   0.14598 0.14571 0.14409 0.13925 0.12897 0.11150 0.08683 0.05780 0.03008 0.00976 0.00003 ( 1)  0.057  0.000
 259 Y   0.14598 0.14571 0.14409 0.13925 0.12897 0.11151 0.08683 0.05780 0.03007 0.00976 0.00003 ( 1)  0.057  0.000
 260 D   0.00000 0.00000 0.00000 0.00000 0.00000 0.00000 0.00000 0.00000 0.00000 0.00083 0.99917 (11)  2.092  0.999
 261 V   0.00000 0.00000 0.00000 0.00000 0.00004 0.00078 0.00828 0.05434 0.22960 0.59877 0.10820 (10)  0.739  0.108
 262 D   0.00002 0.00144 0.01000 0.03477 0.08323 0.15188 0.21666 0.23663 0.18376 0.08134 0.00027 ( 8)  0.224  0.000
 263 F   0.15267 0.15234 0.15029 0.14419 0.13138 0.11011 0.08128 0.04960 0.02243 0.00571 0.00001 ( 1)  0.048  0.000
 264 T   0.14597 0.14571 0.14409 0.13925 0.12897 0.11150 0.08683 0.05780 0.03008 0.00976 0.00003 ( 1)  0.057  0.000
 265 P   0.14598 0.14571 0.14409 0.13925 0.12897 0.11150 0.08683 0.05780 0.03008 0.00977 0.00003 ( 1)  0.057  0.000
 266 P   0.14597 0.14571 0.14409 0.13925 0.12897 0.11150 0.08683 0.05780 0.03008 0.00976 0.00003 ( 1)  0.057  0.000
 267 F   0.15265 0.15231 0.15027 0.14417 0.13136 0.11010 0.08129 0.04962 0.02247 0.00574 0.00001 ( 1)  0.048  0.000
 268 R   0.00002 0.00105 0.00729 0.02561 0.06280 0.11997 0.18523 0.23044 0.22140 0.14294 0.00327 ( 8)  0.279  0.003
 269 R   0.13817 0.13797 0.13675 0.13307 0.12520 0.11156 0.09163 0.06680 0.04064 0.01781 0.00040 ( 1)  0.070  0.000
 270 I   0.14940 0.14910 0.14727 0.14181 0.13027 0.11090 0.08409 0.05361 0.02603 0.00751 0.00001 ( 1)  0.052  0.000
 271 N   0.00000 0.00000 0.00000 0.00000 0.00000 0.00000 0.00003 0.00112 0.02202 0.25940 0.71743 (11)  1.687  0.717
 272 M   0.16061 0.16017 0.15751 0.14964 0.13338 0.10722 0.07367 0.04001 0.01501 0.00278 0.00000 ( 1)  0.040  0.000
 273 V   0.00000 0.00000 0.00000 0.00000 0.00000 0.00000 0.00000 0.00000 0.00001 0.00104 0.99895 (11)  2.091  0.999
 274 E   0.14942 0.14912 0.14729 0.14182 0.13029 0.11091 0.08409 0.05359 0.02600 0.00747 0.00001 ( 1)  0.052  0.000
 275 E   0.00002 0.00130 0.00903 0.03153 0.07613 0.14122 0.20718 0.23676 0.19757 0.09872 0.00055 ( 8)  0.240  0.001
 276 L   0.14523 0.14497 0.14340 0.13869 0.12867 0.11160 0.08739 0.05870 0.03100 0.01032 0.00004 ( 1)  0.058  0.000
 277 E   0.14942 0.14912 0.14729 0.14182 0.13029 0.11091 0.08409 0.05359 0.02600 0.00747 0.00001 ( 1)  0.052  0.000
 278 K   0.00002 0.00128 0.00889 0.03105 0.07507 0.13960 0.20566 0.23661 0.19959 0.10162 0.00062 ( 8)  0.242  0.001
 279 A   0.00002 0.00117 0.00817 0.02862 0.06964 0.13112 0.19735 0.23512 0.20983 0.11780 0.00116 ( 8)  0.256  0.001
 280 L   0.00000 0.00000 0.00000 0.00002 0.00032 0.00292 0.01742 0.07339 0.22597 0.50058 0.17940 (10)  0.825  0.179
 281 G   0.00000 0.00000 0.00010 0.00131 0.00837 0.03428 0.09958 0.21188 0.32316 0.31197 0.00934 ( 9)  0.424  0.009
 282 M   0.00000 0.00000 0.00000 0.00000 0.00000 0.00019 0.00354 0.03656 0.21507 0.67617 0.06847 (10)  0.698  0.068
 283 K   0.14940 0.14909 0.14726 0.14180 0.13027 0.11089 0.08409 0.05362 0.02604 0.00752 0.00001 ( 1)  0.052  0.000
 284 L   0.13561 0.13544 0.13436 0.13113 0.12415 0.11191 0.09361 0.07001 0.04389 0.01962 0.00027 ( 1)  0.073  0.000
 285 P   0.14598 0.14571 0.14409 0.13925 0.12897 0.11150 0.08683 0.05780 0.03008 0.00977 0.00003 ( 1)  0.057  0.000
 286 E   0.00000 0.00000 0.00012 0.00155 0.00985 0.03975 0.11241 0.22890 0.32525 0.27762 0.00453 ( 9)  0.397  0.005
 287 T   0.14598 0.14571 0.14409 0.13925 0.12897 0.11151 0.08683 0.05780 0.03007 0.00976 0.00003 ( 1)  0.057  0.000
 288 N   0.00000 0.00000 0.00000 0.00005 0.00090 0.00780 0.04159 0.14584 0.33512 0.45121 0.01749 (10)  0.516  0.017
 289 L   0.14597 0.14570 0.14408 0.13925 0.12897 0.11150 0.08683 0.05781 0.03008 0.00977 0.00003 ( 1)  0.057  0.000
 290 F   0.15267 0.15234 0.15029 0.14419 0.13138 0.11011 0.08128 0.04960 0.02243 0.00571 0.00001 ( 1)  0.048  0.000
 291 E   0.14942 0.14912 0.14729 0.14182 0.13029 0.11091 0.08409 0.05359 0.02600 0.00747 0.00001 ( 1)  0.052  0.000
 292 T   0.14597 0.14571 0.14409 0.13925 0.12897 0.11150 0.08683 0.05780 0.03008 0.00976 0.00003 ( 1)  0.057  0.000
 293 E   0.14942 0.14912 0.14729 0.14182 0.13029 0.11091 0.08409 0.05359 0.02600 0.00747 0.00001 ( 1)  0.052  0.000
 294 E   0.00000 0.00000 0.00000 0.00001 0.00019 0.00183 0.01197 0.05709 0.20560 0.54219 0.18112 (10)  0.845  0.181
 295 T   0.00000 0.00000 0.00000 0.00001 0.00012 0.00119 0.00799 0.04006 0.15652 0.47612 0.31799 (10)  1.062  0.318
 296 R   0.00000 0.00000 0.00000 0.00000 0.00000 0.00005 0.00105 0.01279 0.09781 0.48344 0.40486 (10)  1.218  0.405
 297 K   0.00000 0.00000 0.00000 0.00000 0.00000 0.00000 0.00000 0.00008 0.00280 0.06415 0.93297 (11)  1.997  0.933
 298 I   0.00000 0.00000 0.00000 0.00004 0.00073 0.00645 0.03538 0.12978 0.31962 0.48093 0.02706 (10)  0.546  0.027
 299 L   0.00000 0.00000 0.00000 0.00000 0.00000 0.00000 0.00009 0.00189 0.02547 0.22807 0.74448 (11)  1.724  0.744
 300 D   0.00000 0.00000 0.00000 0.00000 0.00000 0.00000 0.00019 0.00400 0.04907 0.37338 0.57335 (11)  1.475  0.573
 301 D   0.00000 0.00000 0.00000 0.00000 0.00005 0.00103 0.01065 0.06670 0.26154 0.59998 0.06004 (10)  0.655  0.060
 302 I   0.00000 0.00000 0.00000 0.00000 0.00000 0.00001 0.00025 0.00438 0.04947 0.36400 0.58189 (11)  1.486  0.582
 303 C   0.00000 0.00000 0.00012 0.00152 0.00962 0.03887 0.11032 0.22609 0.32483 0.28328 0.00536 ( 9)  0.402  0.005
 304 V   0.00000 0.00000 0.00000 0.00000 0.00000 0.00000 0.00009 0.00146 0.01653 0.14707 0.83485 (11)  1.854  0.835
 305 A   0.00000 0.00000 0.00000 0.00000 0.00000 0.00000 0.00000 0.00014 0.00345 0.05756 0.93884 (11)  2.005  0.939
 306 K   0.00000 0.00000 0.00000 0.00001 0.00017 0.00163 0.01074 0.05196 0.19154 0.52682 0.21714 (10)  0.903  0.217
 307 A   0.00000 0.00000 0.00000 0.00000 0.00003 0.00051 0.00562 0.03918 0.18220 0.55964 0.21281 (10)  0.908  0.213
 308 V   0.00002 0.00118 0.00820 0.02872 0.06987 0.13149 0.19773 0.23522 0.20940 0.11704 0.00112 ( 8)  0.256  0.001
 309 E   0.14942 0.14912 0.14729 0.14182 0.13029 0.11091 0.08409 0.05359 0.02600 0.00747 0.00001 ( 1)  0.052  0.000
 310 C   0.14942 0.14911 0.14728 0.14182 0.13028 0.11090 0.08409 0.05359 0.02601 0.00748 0.00001 ( 1)  0.052  0.000
 311 P   0.00002 0.00117 0.00817 0.02862 0.06964 0.13112 0.19735 0.23513 0.20984 0.11780 0.00115 ( 8)  0.256  0.001
 312 P   0.00002 0.00117 0.00813 0.02847 0.06931 0.13059 0.19681 0.23497 0.21043 0.11889 0.00122 ( 8)  0.257  0.001
 313 P   0.14597 0.14571 0.14409 0.13925 0.12897 0.11150 0.08683 0.05780 0.03008 0.00976 0.00003 ( 1)  0.057  0.000
 314 R   0.14103 0.14081 0.13947 0.13544 0.12682 0.11194 0.09034 0.06374 0.03642 0.01390 0.00010 ( 1)  0.064  0.000
 315 T   0.14597 0.14571 0.14409 0.13925 0.12897 0.11150 0.08683 0.05780 0.03008 0.00976 0.00003 ( 1)  0.057  0.000
 316 T   0.14597 0.14571 0.14409 0.13925 0.12897 0.11150 0.08683 0.05780 0.03008 0.00977 0.00003 ( 1)  0.057  0.000
 317 A   0.14597 0.14571 0.14409 0.13925 0.12897 0.11150 0.08683 0.05780 0.03008 0.00976 0.00003 ( 1)  0.057  0.000
 318 R   0.14937 0.14907 0.14724 0.14179 0.13026 0.11091 0.08412 0.05365 0.02606 0.00751 0.00001 ( 1)  0.052  0.000
 319 L   0.14597 0.14570 0.14408 0.13925 0.12897 0.11150 0.08683 0.05781 0.03009 0.00977 0.00003 ( 1)  0.057  0.000
 320 L   0.14582 0.14556 0.14395 0.13914 0.12891 0.11152 0.08694 0.05799 0.03027 0.00988 0.00003 ( 1)  0.057  0.000
 321 D   0.15256 0.15223 0.15018 0.14409 0.13129 0.11007 0.08132 0.04973 0.02264 0.00588 0.00001 ( 1)  0.049  0.000
 322 K   0.14940 0.14909 0.14726 0.14180 0.13027 0.11089 0.08409 0.05362 0.02605 0.00752 0.00001 ( 1)  0.052  0.000
 323 L   0.14597 0.14570 0.14409 0.13925 0.12897 0.11150 0.08683 0.05780 0.03008 0.00977 0.00003 ( 1)  0.057  0.000
 324 V   0.14598 0.14571 0.14409 0.13926 0.12898 0.11151 0.08683 0.05779 0.03007 0.00976 0.00003 ( 1)  0.057  0.000
 325 G   0.14583 0.14556 0.14395 0.13914 0.12891 0.11152 0.08694 0.05798 0.03026 0.00987 0.00003 ( 1)  0.057  0.000
 326 E   0.00002 0.00131 0.00912 0.03181 0.07674 0.14214 0.20799 0.23673 0.19636 0.09725 0.00053 ( 8)  0.239  0.001
 327 F   0.00000 0.00000 0.00014 0.00173 0.01092 0.04361 0.12113 0.23954 0.32468 0.25540 0.00284 ( 9)  0.382  0.003
 328 L   0.13561 0.13544 0.13436 0.13113 0.12415 0.11191 0.09361 0.07001 0.04390 0.01962 0.00027 ( 1)  0.073  0.000
 329 E   0.14940 0.14910 0.14726 0.14180 0.13027 0.11089 0.08409 0.05362 0.02604 0.00752 0.00001 ( 1)  0.052  0.000
 330 V   0.00000 0.00000 0.00011 0.00134 0.00858 0.03506 0.10145 0.21445 0.32366 0.30689 0.00845 ( 9)  0.420  0.008
 331 T   0.14597 0.14571 0.14409 0.13925 0.12897 0.11150 0.08683 0.05780 0.03008 0.00976 0.00003 ( 1)  0.057  0.000
 332 C   0.14942 0.14912 0.14729 0.14182 0.13029 0.11091 0.08409 0.05359 0.02600 0.00747 0.00001 ( 1)  0.052  0.000
 333 I   0.14942 0.14912 0.14729 0.14182 0.13029 0.11091 0.08409 0.05359 0.02600 0.00747 0.00001 ( 1)  0.052  0.000
 334 N   0.15267 0.15233 0.15028 0.14418 0.13138 0.11011 0.08129 0.04960 0.02243 0.00571 0.00001 ( 1)  0.048  0.000
 335 P   0.14597 0.14571 0.14409 0.13925 0.12897 0.11150 0.08683 0.05780 0.03008 0.00976 0.00003 ( 1)  0.057  0.000
 336 T   0.14598 0.14572 0.14410 0.13926 0.12898 0.11151 0.08682 0.05779 0.03006 0.00976 0.00003 ( 1)  0.057  0.000
 337 F   0.15267 0.15234 0.15029 0.14419 0.13138 0.11011 0.08128 0.04960 0.02243 0.00571 0.00001 ( 1)  0.048  0.000
 338 I   0.14942 0.14912 0.14729 0.14182 0.13029 0.11091 0.08409 0.05359 0.02600 0.00747 0.00001 ( 1)  0.052  0.000
 339 C   0.14942 0.14912 0.14729 0.14182 0.13029 0.11091 0.08409 0.05359 0.02600 0.00747 0.00001 ( 1)  0.052  0.000
 340 D   0.15267 0.15233 0.15028 0.14419 0.13138 0.11011 0.08129 0.04960 0.02243 0.00571 0.00001 ( 1)  0.048  0.000
 341 H   0.15267 0.15233 0.15028 0.14418 0.13138 0.11011 0.08129 0.04960 0.02243 0.00571 0.00001 ( 1)  0.048  0.000
 342 P   0.14598 0.14571 0.14409 0.13925 0.12897 0.11150 0.08683 0.05780 0.03008 0.00977 0.00003 ( 1)  0.057  0.000
 343 Q   0.14351 0.14327 0.14180 0.13738 0.12796 0.11182 0.08868 0.06079 0.03312 0.01160 0.00005 ( 1)  0.060  0.000
 344 I   0.15479 0.15443 0.15223 0.14568 0.13199 0.10945 0.07933 0.04701 0.02030 0.00479 0.00000 ( 1)  0.046  0.000
 345 M   0.00003 0.00181 0.01251 0.04311 0.10104 0.17718 0.23600 0.23045 0.14943 0.04840 0.00004 ( 7)  0.191  0.000
 346 S   0.15265 0.15232 0.15027 0.14417 0.13136 0.11011 0.08129 0.04962 0.02247 0.00574 0.00001 ( 1)  0.048  0.000
 347 P   0.14597 0.14571 0.14409 0.13925 0.12897 0.11150 0.08683 0.05780 0.03008 0.00976 0.00003 ( 1)  0.057  0.000
 348 L   0.13907 0.13887 0.13762 0.13389 0.12587 0.11195 0.09154 0.06601 0.03910 0.01592 0.00016 ( 1)  0.067  0.000
 349 A   0.14597 0.14571 0.14409 0.13925 0.12897 0.11150 0.08683 0.05780 0.03008 0.00976 0.00003 ( 1)  0.057  0.000
 350 K   0.14940 0.14910 0.14727 0.14181 0.13027 0.11090 0.08409 0.05361 0.02603 0.00751 0.00001 ( 1)  0.052  0.000
 351 W   0.00000 0.00000 0.00004 0.00051 0.00348 0.01588 0.05442 0.14579 0.30124 0.43752 0.04111 (10)  0.545  0.041
 352 H   0.00000 0.00000 0.00014 0.00175 0.01104 0.04404 0.12207 0.24062 0.32450 0.25311 0.00272 ( 9)  0.381  0.003
 353 R   0.00002 0.00118 0.00819 0.02869 0.06980 0.13137 0.19760 0.23518 0.20955 0.11731 0.00113 ( 8)  0.256  0.001
 354 S   0.00002 0.00116 0.00810 0.02839 0.06913 0.13031 0.19652 0.23492 0.21078 0.11945 0.00122 ( 8)  0.258  0.001
 355 K   0.14940 0.14910 0.14727 0.14181 0.13027 0.11090 0.08409 0.05361 0.02604 0.00751 0.00001 ( 1)  0.052  0.000
 356 E   0.00000 0.00000 0.00000 0.00000 0.00004 0.00077 0.00815 0.05369 0.22802 0.59938 0.10995 (10)  0.742  0.110
 357 G   0.00002 0.00118 0.00822 0.02879 0.07003 0.13174 0.19797 0.23527 0.20912 0.11657 0.00110 ( 8)  0.255  0.001
 358 L   0.13561 0.13544 0.13436 0.13113 0.12415 0.11191 0.09361 0.07001 0.04390 0.01962 0.00027 ( 1)  0.073  0.000
 359 T   0.14598 0.14571 0.14410 0.13926 0.12898 0.11151 0.08683 0.05779 0.03007 0.00976 0.00003 ( 1)  0.057  0.000
 360 E   0.14942 0.14912 0.14729 0.14182 0.13029 0.11091 0.08409 0.05359 0.02600 0.00747 0.00001 ( 1)  0.052  0.000
 361 R   0.00000 0.00000 0.00010 0.00126 0.00804 0.03308 0.09670 0.20786 0.32226 0.31995 0.01075 ( 9)  0.431  0.011
 362 F   0.15267 0.15234 0.15029 0.14419 0.13138 0.11011 0.08128 0.04960 0.02243 0.00571 0.00001 ( 1)  0.048  0.000
 363 E   0.14941 0.14911 0.14728 0.14181 0.13028 0.11090 0.08409 0.05360 0.02602 0.00749 0.00001 ( 1)  0.052  0.000
 364 L   0.13559 0.13542 0.13434 0.13111 0.12412 0.11188 0.09359 0.07001 0.04394 0.01971 0.00029 ( 1)  0.073  0.000
 365 F   0.00002 0.00141 0.00979 0.03406 0.08169 0.14965 0.21482 0.23694 0.18675 0.08456 0.00030 ( 8)  0.227  0.000
 366 L   0.13561 0.13544 0.13436 0.13113 0.12415 0.11191 0.09361 0.07001 0.04390 0.01962 0.00027 ( 1)  0.073  0.000
 367 N   0.15267 0.15233 0.15028 0.14418 0.13138 0.11011 0.08129 0.04960 0.02243 0.00571 0.00001 ( 1)  0.048  0.000
 368 D   0.00002 0.00144 0.00999 0.03475 0.08320 0.15189 0.21677 0.23682 0.18382 0.08104 0.00025 ( 8)  0.224  0.000
 369 P   0.14597 0.14571 0.14409 0.13925 0.12897 0.11150 0.08683 0.05780 0.03008 0.00976 0.00003 ( 1)  0.057  0.000
 370 M   0.00000 0.00000 0.00000 0.00000 0.00000 0.00000 0.00000 0.00000 0.00006 0.00595 0.99399 (11)  2.084  0.994
 371 R   0.00000 0.00000 0.00000 0.00000 0.00002 0.00043 0.00474 0.03378 0.16267 0.53090 0.26747 (10)  0.994  0.267
 372 Q   0.00002 0.00109 0.00758 0.02661 0.06513 0.12396 0.19005 0.23327 0.21815 0.13238 0.00177 ( 8)  0.269  0.002
 373 R   0.14230 0.14206 0.14065 0.13643 0.12740 0.11187 0.08948 0.06223 0.03475 0.01276 0.00007 ( 1)  0.062  0.000
 374 Q   0.00002 0.00109 0.00762 0.02676 0.06546 0.12450 0.19063 0.23346 0.21756 0.13120 0.00170 ( 8)  0.268  0.002
 375 L   0.00000 0.00000 0.00010 0.00126 0.00804 0.03306 0.09665 0.20778 0.32222 0.32008 0.01081 ( 9)  0.431  0.011
 376 F   0.00002 0.00144 0.01000 0.03477 0.08324 0.15195 0.21681 0.23680 0.18373 0.08098 0.00025 ( 8)  0.224  0.000
 377 E   0.00002 0.00131 0.00909 0.03171 0.07653 0.14183 0.20773 0.23677 0.19678 0.09770 0.00054 ( 8)  0.239  0.001
 378 E   0.00000 0.00000 0.00000 0.00005 0.00076 0.00670 0.03656 0.13303 0.32339 0.47563 0.02387 (10)  0.538  0.024
 379 Q   0.00001 0.00086 0.00598 0.02118 0.05279 0.10398 0.16870 0.22575 0.23969 0.17637 0.00469 ( 9)  0.307  0.005

Positively selected sites

	Prob(w>1)  mean w

     1 N      0.972*        2.053
    30 A      0.999**       2.091
    34 N      0.988*        2.075
    42 P      0.998**       2.090
    47 V      0.762         1.747
   130 I      0.993**       2.083
   138 L      0.741         1.715
   226 L      0.998**       2.090
   244 S      0.914         1.970
   247 V      0.963*        2.040
   260 D      0.999**       2.092
   271 N      0.717         1.687
   273 V      0.999**       2.091
   297 K      0.933         1.997
   299 L      0.744         1.724
   300 D      0.573         1.475
   302 I      0.582         1.486
   304 V      0.835         1.854
   305 A      0.939         2.005
   370 M      0.994**       2.084


lnL = -5973.890149

Bayes Empirical Bayes (BEB) probabilities for 11 classes (class) & postmean_w
(amino acids refer to 1st sequence: ENSP00000303043_Hsap/1-1791)

   1 N   0.00000 0.00000 0.00001 0.00010 0.00052 0.00180 0.00493 0.01153 0.02535 0.08444 0.87133 (11)  2.287 +-  0.543
   2 E   0.91002 0.04693 0.01961 0.00979 0.00535 0.00311 0.00191 0.00125 0.00090 0.00113 0.00000 ( 1)  0.069 +-  0.079
   3 L   0.87516 0.05264 0.02568 0.01496 0.00954 0.00647 0.00463 0.00353 0.00297 0.00433 0.00010 ( 1)  0.084 +-  0.119
   4 K   0.91001 0.04693 0.01961 0.00979 0.00535 0.00311 0.00191 0.00125 0.00090 0.00113 0.00000 ( 1)  0.069 +-  0.079
   5 R   0.90086 0.04874 0.02138 0.01122 0.00645 0.00394 0.00255 0.00175 0.00134 0.00176 0.00001 ( 1)  0.073 +-  0.089
   6 R   0.17816 0.08500 0.10285 0.10501 0.09899 0.08974 0.08030 0.07282 0.07038 0.11328 0.00347 ( 1)  0.461 +-  0.324
   7 L   0.87492 0.05271 0.02574 0.01501 0.00957 0.00649 0.00464 0.00353 0.00297 0.00431 0.00009 ( 1)  0.084 +-  0.119
   8 K   0.91001 0.04693 0.01961 0.00979 0.00535 0.00311 0.00191 0.00125 0.00090 0.00113 0.00000 ( 1)  0.069 +-  0.079
   9 A   0.90212 0.04854 0.02117 0.01103 0.00629 0.00382 0.00245 0.00167 0.00126 0.00164 0.00001 ( 1)  0.072 +-  0.088
  10 E   0.90995 0.04693 0.01961 0.00980 0.00536 0.00312 0.00192 0.00125 0.00091 0.00114 0.00000 ( 1)  0.069 +-  0.079
  11 K   0.91001 0.04693 0.01961 0.00979 0.00535 0.00311 0.00191 0.00125 0.00090 0.00113 0.00000 ( 1)  0.069 +-  0.079
  12 K   0.90970 0.04695 0.01965 0.00983 0.00539 0.00315 0.00194 0.00128 0.00093 0.00117 0.00000 ( 1)  0.069 +-  0.079
  13 V   0.90214 0.04854 0.02117 0.01103 0.00629 0.00382 0.00245 0.00167 0.00126 0.00164 0.00001 ( 1)  0.072 +-  0.088
  14 A   0.90212 0.04854 0.02117 0.01103 0.00629 0.00382 0.00245 0.00167 0.00126 0.00164 0.00001 ( 1)  0.072 +-  0.088
  15 E   0.90995 0.04693 0.01962 0.00980 0.00536 0.00312 0.00192 0.00126 0.00091 0.00114 0.00000 ( 1)  0.069 +-  0.079
  16 K   0.90984 0.04694 0.01963 0.00981 0.00537 0.00313 0.00193 0.00126 0.00092 0.00115 0.00000 ( 1)  0.069 +-  0.079
  17 E   0.91002 0.04693 0.01961 0.00979 0.00535 0.00311 0.00191 0.00125 0.00090 0.00113 0.00000 ( 1)  0.069 +-  0.079
  18 A   0.90213 0.04854 0.02117 0.01103 0.00629 0.00382 0.00245 0.00167 0.00126 0.00164 0.00001 ( 1)  0.072 +-  0.088
  19 K   0.90978 0.04695 0.01964 0.00982 0.00538 0.00314 0.00194 0.00127 0.00092 0.00116 0.00000 ( 1)  0.069 +-  0.079
  20 Q   0.89623 0.04965 0.02228 0.01194 0.00700 0.00436 0.00287 0.00201 0.00155 0.00208 0.00001 ( 1)  0.074 +-  0.094
  21 K   0.90982 0.04694 0.01963 0.00982 0.00538 0.00313 0.00193 0.00127 0.00092 0.00116 0.00000 ( 1)  0.069 +-  0.079
  22 E   0.91002 0.04693 0.01961 0.00979 0.00535 0.00311 0.00191 0.00125 0.00090 0.00113 0.00000 ( 1)  0.069 +-  0.079
  23 L   0.90209 0.04855 0.02118 0.01104 0.00630 0.00382 0.00245 0.00167 0.00126 0.00164 0.00001 ( 1)  0.072 +-  0.088
  24 S   0.91685 0.04532 0.01815 0.00869 0.00456 0.00254 0.00150 0.00094 0.00065 0.00079 0.00000 ( 1)  0.067 +-  0.072
  25 E   0.91002 0.04693 0.01961 0.00979 0.00535 0.00311 0.00191 0.00125 0.00090 0.00113 0.00000 ( 1)  0.069 +-  0.079
  26 K   0.90992 0.04694 0.01962 0.00980 0.00536 0.00312 0.00192 0.00126 0.00091 0.00114 0.00000 ( 1)  0.069 +-  0.079
  27 Q   0.89580 0.04967 0.02233 0.01200 0.00705 0.00442 0.00292 0.00205 0.00160 0.00215 0.00002 ( 1)  0.075 +-  0.095
  28 A   0.90212 0.04854 0.02117 0.01103 0.00629 0.00382 0.00245 0.00167 0.00126 0.00164 0.00001 ( 1)  0.072 +-  0.088
  29 T   0.90212 0.04854 0.02117 0.01103 0.00629 0.00382 0.00245 0.00167 0.00126 0.00164 0.00001 ( 1)  0.072 +-  0.088
  30 A   0.00000 0.00000 0.00000 0.00000 0.00001 0.00003 0.00012 0.00039 0.00116 0.00514 0.99316 (11)  2.483 +-  0.157
  31 A   0.01856 0.02702 0.05487 0.07889 0.09611 0.10697 0.11356 0.11919 0.13078 0.23353 0.02052 (10)  0.695 +-  0.355
  32 A   0.62800 0.10046 0.07308 0.05341 0.03924 0.02917 0.02214 0.01746 0.01495 0.02181 0.00027 ( 1)  0.179 +-  0.226
  33 T   0.90212 0.04854 0.02117 0.01103 0.00629 0.00382 0.00245 0.00167 0.00126 0.00164 0.00001 ( 1)  0.072 +-  0.088
  34 N   0.00000 0.00000 0.00000 0.00002 0.00015 0.00064 0.00203 0.00534 0.01301 0.04741 0.93139 (11)  2.384 +-  0.412
  35 H   0.03141 0.04158 0.07726 0.10174 0.11362 0.11601 0.11306 0.10903 0.11001 0.18133 0.00494 (10)  0.610 +-  0.290
  36 T   0.90212 0.04854 0.02117 0.01103 0.00629 0.00382 0.00245 0.00167 0.00126 0.00164 0.00001 ( 1)  0.072 +-  0.088
  37 D   0.68839 0.10125 0.06771 0.04550 0.03076 0.02106 0.01473 0.01070 0.00846 0.01140 0.00005 ( 1)  0.144 +-  0.186
  38 N   0.68927 0.10130 0.06766 0.04541 0.03065 0.02093 0.01460 0.01059 0.00834 0.01120 0.00005 ( 1)  0.143 +-  0.185
  39 G   0.90179 0.04861 0.02123 0.01108 0.00633 0.00385 0.00247 0.00169 0.00127 0.00167 0.00001 ( 1)  0.072 +-  0.088
  40 V   0.18673 0.08801 0.10524 0.10621 0.09898 0.08871 0.07849 0.07038 0.06728 0.10715 0.00281 ( 1)  0.449 +-  0.319
  41 G   0.90211 0.04855 0.02117 0.01103 0.00629 0.00382 0.00245 0.00167 0.00126 0.00164 0.00001 ( 1)  0.072 +-  0.088
  42 P   0.00000 0.00000 0.00000 0.00000 0.00001 0.00007 0.00024 0.00072 0.00199 0.00819 0.98878 (11)  2.476 +-  0.188
  43 E   0.91002 0.04693 0.01961 0.00979 0.00535 0.00311 0.00191 0.00125 0.00090 0.00113 0.00000 ( 1)  0.069 +-  0.079
  44 E   0.90960 0.04696 0.01966 0.00985 0.00540 0.00316 0.00195 0.00129 0.00094 0.00119 0.00000 ( 1)  0.069 +-  0.080
  45 E   0.91002 0.04693 0.01961 0.00979 0.00535 0.00311 0.00191 0.00125 0.00090 0.00113 0.00000 ( 1)  0.069 +-  0.079
  46 S   0.91685 0.04532 0.01815 0.00869 0.00456 0.00254 0.00150 0.00094 0.00065 0.00079 0.00000 ( 1)  0.067 +-  0.072
  47 V   0.00002 0.00028 0.00178 0.00554 0.01232 0.02263 0.03704 0.05712 0.08883 0.21937 0.55507 (11)  1.754 +-  0.833
  48 D   0.91693 0.04532 0.01814 0.00868 0.00455 0.00253 0.00149 0.00093 0.00065 0.00078 0.00000 ( 1)  0.067 +-  0.071
  49 P   0.90212 0.04854 0.02117 0.01103 0.00629 0.00382 0.00245 0.00167 0.00126 0.00164 0.00001 ( 1)  0.072 +-  0.088
  50 N   0.91693 0.04532 0.01814 0.00868 0.00455 0.00253 0.00149 0.00093 0.00065 0.00078 0.00000 ( 1)  0.067 +-  0.071
  51 R   0.90970 0.04698 0.01966 0.00984 0.00539 0.00314 0.00193 0.00127 0.00092 0.00115 0.00000 ( 1)  0.069 +-  0.079
  52 H   0.68884 0.10129 0.06770 0.04546 0.03071 0.02099 0.01466 0.01063 0.00839 0.01128 0.00005 ( 1)  0.143 +-  0.186
  53 A   0.62227 0.10025 0.07345 0.05405 0.03999 0.02994 0.02288 0.01817 0.01567 0.02300 0.00032 ( 1)  0.182 +-  0.230
  54 K   0.91001 0.04693 0.01961 0.00979 0.00535 0.00311 0.00191 0.00125 0.00090 0.00113 0.00000 ( 1)  0.069 +-  0.079
  55 R   0.90212 0.04854 0.02117 0.01103 0.00629 0.00382 0.00245 0.00167 0.00126 0.00164 0.00001 ( 1)  0.072 +-  0.088
  56 A   0.90212 0.04854 0.02117 0.01103 0.00629 0.00382 0.00245 0.00167 0.00126 0.00164 0.00001 ( 1)  0.072 +-  0.088
  57 S   0.90211 0.04855 0.02117 0.01103 0.00629 0.00382 0.00245 0.00167 0.00126 0.00164 0.00001 ( 1)  0.072 +-  0.088
  58 G   0.90210 0.04855 0.02117 0.01103 0.00629 0.00382 0.00245 0.00167 0.00126 0.00164 0.00001 ( 1)  0.072 +-  0.088
  59 G   0.13772 0.06975 0.08939 0.09668 0.09655 0.09274 0.08793 0.08450 0.08654 0.14727 0.01094 (10)  0.529 +-  0.365
  60 D   0.68281 0.10134 0.06837 0.04634 0.03159 0.02179 0.01536 0.01125 0.00895 0.01214 0.00006 ( 1)  0.147 +-  0.190
  61 I   0.92112 0.04422 0.01720 0.00800 0.00407 0.00221 0.00127 0.00077 0.00052 0.00061 0.00000 ( 1)  0.065 +-  0.067
  62 I   0.91001 0.04693 0.01961 0.00979 0.00535 0.00311 0.00191 0.00125 0.00090 0.00113 0.00000 ( 1)  0.069 +-  0.079
  63 G   0.89306 0.05014 0.02282 0.01241 0.00739 0.00468 0.00313 0.00222 0.00175 0.00238 0.00002 ( 1)  0.076 +-  0.098
  64 V   0.90212 0.04854 0.02117 0.01103 0.00629 0.00382 0.00245 0.00167 0.00126 0.00164 0.00001 ( 1)  0.072 +-  0.088
  65 Q   0.89623 0.04965 0.02228 0.01194 0.00700 0.00436 0.00287 0.00201 0.00155 0.00208 0.00001 ( 1)  0.074 +-  0.094
  66 G   0.90210 0.04855 0.02117 0.01103 0.00629 0.00382 0.00245 0.00167 0.00126 0.00164 0.00001 ( 1)  0.072 +-  0.088
  67 N   0.91693 0.04532 0.01814 0.00868 0.00455 0.00253 0.00149 0.00093 0.00065 0.00078 0.00000 ( 1)  0.067 +-  0.071
  68 P   0.90212 0.04854 0.02117 0.01103 0.00629 0.00382 0.00245 0.00167 0.00126 0.00164 0.00001 ( 1)  0.072 +-  0.088
  69 G   0.90177 0.04861 0.02123 0.01108 0.00633 0.00385 0.00247 0.00169 0.00128 0.00167 0.00001 ( 1)  0.072 +-  0.088
  70 K   0.90960 0.04696 0.01966 0.00985 0.00541 0.00316 0.00195 0.00129 0.00094 0.00119 0.00000 ( 1)  0.069 +-  0.080
  71 T   0.90212 0.04854 0.02117 0.01103 0.00629 0.00382 0.00245 0.00167 0.00126 0.00164 0.00001 ( 1)  0.072 +-  0.088
  72 K   0.90991 0.04694 0.01962 0.00980 0.00536 0.00312 0.00192 0.00126 0.00091 0.00114 0.00000 ( 1)  0.069 +-  0.079
  73 K   0.91001 0.04693 0.01961 0.00979 0.00535 0.00311 0.00191 0.00125 0.00090 0.00113 0.00000 ( 1)  0.069 +-  0.079
  74 G   0.90211 0.04855 0.02117 0.01103 0.00629 0.00382 0.00245 0.00167 0.00126 0.00164 0.00001 ( 1)  0.072 +-  0.088
  75 E   0.90977 0.04695 0.01964 0.00982 0.00538 0.00314 0.00194 0.00127 0.00092 0.00116 0.00000 ( 1)  0.069 +-  0.079
  76 L   0.87458 0.05275 0.02579 0.01506 0.00961 0.00653 0.00467 0.00356 0.00300 0.00436 0.00009 ( 1)  0.084 +-  0.120
  77 S   0.91693 0.04532 0.01814 0.00868 0.00455 0.00253 0.00149 0.00093 0.00065 0.00078 0.00000 ( 1)  0.067 +-  0.071
  78 I   0.90972 0.04695 0.01964 0.00983 0.00539 0.00315 0.00194 0.00128 0.00093 0.00117 0.00000 ( 1)  0.069 +-  0.079
  79 I   0.91001 0.04693 0.01961 0.00979 0.00535 0.00311 0.00191 0.00125 0.00090 0.00113 0.00000 ( 1)  0.069 +-  0.079
  80 P   0.62486 0.10035 0.07329 0.05376 0.03965 0.02959 0.02255 0.01784 0.01534 0.02247 0.00030 ( 1)  0.181 +-  0.228
  81 Y   0.17594 0.08420 0.10218 0.10464 0.09894 0.08997 0.08075 0.07346 0.07122 0.11498 0.00371 ( 1)  0.464 +-  0.325
  82 E   0.91002 0.04693 0.01961 0.00979 0.00535 0.00311 0.00191 0.00125 0.00090 0.00113 0.00000 ( 1)  0.069 +-  0.079
  83 I   0.91001 0.04693 0.01961 0.00979 0.00535 0.00311 0.00191 0.00125 0.00090 0.00113 0.00000 ( 1)  0.069 +-  0.079
  84 T   0.90211 0.04855 0.02117 0.01103 0.00629 0.00382 0.00245 0.00167 0.00126 0.00164 0.00001 ( 1)  0.072 +-  0.088
  85 L   0.87483 0.05270 0.02574 0.01502 0.00958 0.00650 0.00466 0.00355 0.00298 0.00434 0.00010 ( 1)  0.084 +-  0.120
  86 L   0.87458 0.05275 0.02579 0.01506 0.00961 0.00653 0.00467 0.00356 0.00300 0.00436 0.00009 ( 1)  0.084 +-  0.120
  87 S   0.90187 0.04859 0.02122 0.01107 0.00632 0.00384 0.00246 0.00168 0.00127 0.00166 0.00001 ( 1)  0.072 +-  0.088
  88 P   0.90212 0.04854 0.02117 0.01103 0.00629 0.00382 0.00245 0.00167 0.00126 0.00164 0.00001 ( 1)  0.072 +-  0.088
  89 C   0.90981 0.04694 0.01963 0.00982 0.00538 0.00314 0.00193 0.00127 0.00092 0.00116 0.00000 ( 1)  0.069 +-  0.079
  90 L   0.88619 0.05124 0.02400 0.01343 0.00822 0.00535 0.00367 0.00268 0.00216 0.00302 0.00004 ( 1)  0.079 +-  0.106
  91 H   0.91693 0.04532 0.01814 0.00868 0.00455 0.00253 0.00149 0.00094 0.00065 0.00078 0.00000 ( 1)  0.067 +-  0.071
  92 M   0.93186 0.04107 0.01466 0.00626 0.00293 0.00146 0.00077 0.00043 0.00027 0.00029 0.00000 ( 1)  0.062 +-  0.056
  93 L   0.87458 0.05275 0.02579 0.01506 0.00961 0.00653 0.00467 0.00356 0.00299 0.00436 0.00009 ( 1)  0.084 +-  0.120
  94 P   0.90212 0.04854 0.02117 0.01103 0.00629 0.00382 0.00245 0.00167 0.00126 0.00164 0.00001 ( 1)  0.072 +-  0.088
  95 H   0.91693 0.04532 0.01814 0.00868 0.00455 0.00253 0.00149 0.00094 0.00065 0.00078 0.00000 ( 1)  0.067 +-  0.071
  96 L   0.90211 0.04855 0.02117 0.01103 0.00629 0.00382 0.00245 0.00167 0.00126 0.00164 0.00001 ( 1)  0.072 +-  0.088
  97 H   0.91693 0.04532 0.01814 0.00868 0.00455 0.00253 0.00149 0.00094 0.00065 0.00078 0.00000 ( 1)  0.067 +-  0.071
  98 F   0.91694 0.04531 0.01814 0.00868 0.00454 0.00253 0.00149 0.00093 0.00065 0.00078 0.00000 ( 1)  0.067 +-  0.071
  99 G   0.90211 0.04855 0.02117 0.01103 0.00629 0.00382 0.00245 0.00167 0.00126 0.00164 0.00001 ( 1)  0.072 +-  0.088
 100 L   0.90177 0.04861 0.02124 0.01109 0.00633 0.00385 0.00247 0.00169 0.00128 0.00167 0.00001 ( 1)  0.072 +-  0.088
 101 K   0.91001 0.04693 0.01961 0.00979 0.00535 0.00311 0.00191 0.00125 0.00090 0.00113 0.00000 ( 1)  0.069 +-  0.079
 102 D   0.23861 0.10476 0.11700 0.11041 0.09632 0.08090 0.06715 0.05657 0.05087 0.07646 0.00096 ( 1)  0.388 +-  0.298
 103 K   0.91001 0.04693 0.01961 0.00979 0.00535 0.00311 0.00191 0.00125 0.00090 0.00113 0.00000 ( 1)  0.069 +-  0.079
 104 E   0.91001 0.04693 0.01961 0.00979 0.00535 0.00311 0.00191 0.00125 0.00090 0.00113 0.00000 ( 1)  0.069 +-  0.079
 105 T   0.90212 0.04855 0.02117 0.01103 0.00629 0.00382 0.00245 0.00167 0.00126 0.00164 0.00001 ( 1)  0.072 +-  0.088
 106 R   0.90727 0.04730 0.02005 0.01019 0.00569 0.00339 0.00214 0.00145 0.00108 0.00141 0.00001 ( 1)  0.070 +-  0.083
 107 Y   0.90213 0.04854 0.02117 0.01103 0.00629 0.00382 0.00245 0.00167 0.00126 0.00164 0.00001 ( 1)  0.072 +-  0.088
 108 R   0.62211 0.10024 0.07346 0.05407 0.04002 0.02996 0.02291 0.01819 0.01569 0.02304 0.00032 ( 1)  0.182 +-  0.230
 109 Q   0.89623 0.04965 0.02228 0.01194 0.00700 0.00436 0.00287 0.00201 0.00155 0.00208 0.00001 ( 1)  0.074 +-  0.094
 110 R   0.90212 0.04854 0.02117 0.01103 0.00629 0.00382 0.00245 0.00167 0.00126 0.00164 0.00001 ( 1)  0.072 +-  0.088
 111 Y   0.90213 0.04854 0.02117 0.01103 0.00629 0.00382 0.00245 0.00167 0.00126 0.00164 0.00001 ( 1)  0.072 +-  0.088
 112 L   0.88530 0.05133 0.02413 0.01355 0.00832 0.00544 0.00375 0.00275 0.00224 0.00314 0.00004 ( 1)  0.079 +-  0.107
 113 D   0.91686 0.04532 0.01815 0.00869 0.00456 0.00254 0.00150 0.00094 0.00065 0.00079 0.00000 ( 1)  0.067 +-  0.071
 114 L   0.88619 0.05124 0.02400 0.01343 0.00822 0.00535 0.00367 0.00268 0.00216 0.00302 0.00004 ( 1)  0.079 +-  0.106
 115 I   0.91001 0.04693 0.01961 0.00979 0.00535 0.00311 0.00191 0.00125 0.00090 0.00113 0.00000 ( 1)  0.069 +-  0.079
 116 L   0.87459 0.05275 0.02579 0.01506 0.00961 0.00653 0.00467 0.00356 0.00300 0.00436 0.00009 ( 1)  0.084 +-  0.120
 117 N   0.91693 0.04532 0.01814 0.00868 0.00455 0.00253 0.00149 0.00093 0.00065 0.00078 0.00000 ( 1)  0.067 +-  0.071
 118 D   0.91693 0.04532 0.01814 0.00868 0.00455 0.00253 0.00149 0.00093 0.00065 0.00078 0.00000 ( 1)  0.067 +-  0.071
 119 F   0.91658 0.04535 0.01819 0.00873 0.00459 0.00257 0.00153 0.00096 0.00067 0.00082 0.00000 ( 1)  0.067 +-  0.072
 120 V   0.90215 0.04854 0.02116 0.01102 0.00629 0.00381 0.00244 0.00167 0.00126 0.00164 0.00001 ( 1)  0.072 +-  0.088
 121 R   0.90999 0.04693 0.01961 0.00979 0.00535 0.00311 0.00191 0.00125 0.00091 0.00113 0.00000 ( 1)  0.069 +-  0.079
 122 Q   0.89623 0.04965 0.02228 0.01194 0.00700 0.00436 0.00287 0.00201 0.00155 0.00208 0.00001 ( 1)  0.074 +-  0.094
 123 K   0.91001 0.04693 0.01961 0.00979 0.00535 0.00311 0.00191 0.00125 0.00090 0.00113 0.00000 ( 1)  0.069 +-  0.079
 124 F   0.91694 0.04531 0.01814 0.00868 0.00454 0.00253 0.00149 0.00093 0.00065 0.00078 0.00000 ( 1)  0.067 +-  0.071
 125 I   0.90998 0.04693 0.01961 0.00979 0.00536 0.00312 0.00192 0.00125 0.00091 0.00114 0.00000 ( 1)  0.069 +-  0.079
 126 I   0.00172 0.00738 0.02415 0.04701 0.07117 0.09356 0.11339 0.13261 0.15915 0.30522 0.04464 (10)  0.815 +-  0.411
 127 R   0.62039 0.10012 0.07350 0.05421 0.04021 0.03019 0.02314 0.01843 0.01595 0.02350 0.00035 ( 1)  0.184 +-  0.231
 128 S   0.90211 0.04855 0.02117 0.01103 0.00629 0.00382 0.00245 0.00167 0.00126 0.00164 0.00001 ( 1)  0.072 +-  0.088
 129 K   0.91001 0.04693 0.01961 0.00979 0.00535 0.00311 0.00191 0.00125 0.00090 0.00113 0.00000 ( 1)  0.069 +-  0.079
 130 I   0.00000 0.00000 0.00000 0.00001 0.00007 0.00031 0.00105 0.00293 0.00753 0.02890 0.95921 (11)  2.429 +-  0.326
 131 I   0.00183 0.00775 0.02519 0.04865 0.07308 0.09532 0.11466 0.13309 0.15855 0.30190 0.03998 (10)  0.804 +-  0.396
 132 T   0.90211 0.04855 0.02117 0.01103 0.00629 0.00382 0.00245 0.00167 0.00126 0.00164 0.00001 ( 1)  0.072 +-  0.088
 133 Y   0.62478 0.10036 0.07331 0.05378 0.03967 0.02961 0.02256 0.01785 0.01534 0.02246 0.00029 ( 1)  0.181 +-  0.228
 134 I   0.92045 0.04435 0.01733 0.00811 0.00416 0.00227 0.00131 0.00081 0.00055 0.00065 0.00000 ( 1)  0.066 +-  0.068
 135 R   0.89971 0.04891 0.02157 0.01139 0.00658 0.00406 0.00264 0.00183 0.00141 0.00188 0.00001 ( 1)  0.073 +-  0.091
 136 S   0.91693 0.04532 0.01814 0.00868 0.00455 0.00253 0.00149 0.00093 0.00065 0.00078 0.00000 ( 1)  0.067 +-  0.071
 137 F   0.91681 0.04533 0.01816 0.00870 0.00456 0.00255 0.00150 0.00094 0.00066 0.00079 0.00000 ( 1)  0.067 +-  0.072
 138 L   0.00003 0.00035 0.00212 0.00635 0.01364 0.02427 0.03860 0.05801 0.08818 0.21357 0.55489 (11)  1.752 +-  0.836
 139 D   0.91690 0.04532 0.01814 0.00868 0.00455 0.00254 0.00149 0.00094 0.00065 0.00078 0.00000 ( 1)  0.067 +-  0.071
 140 E   0.65321 0.10115 0.07122 0.05037 0.03582 0.02577 0.01894 0.01445 0.01199 0.01693 0.00014 ( 1)  0.163 +-  0.209
 141 L   0.87458 0.05275 0.02579 0.01506 0.00961 0.00653 0.00467 0.00356 0.00300 0.00436 0.00009 ( 1)  0.084 +-  0.120
 142 G   0.89306 0.05014 0.02282 0.01241 0.00739 0.00468 0.00313 0.00222 0.00175 0.00238 0.00002 ( 1)  0.076 +-  0.098
 143 F   0.91687 0.04532 0.01815 0.00869 0.00455 0.00254 0.00150 0.00094 0.00065 0.00079 0.00000 ( 1)  0.067 +-  0.071
 144 L   0.87461 0.05275 0.02579 0.01505 0.00961 0.00652 0.00467 0.00356 0.00299 0.00436 0.00009 ( 1)  0.084 +-  0.120
 145 E   0.91002 0.04693 0.01961 0.00979 0.00535 0.00311 0.00191 0.00125 0.00090 0.00113 0.00000 ( 1)  0.069 +-  0.079
 146 I   0.65649 0.10112 0.07085 0.04988 0.03533 0.02533 0.01856 0.01413 0.01169 0.01648 0.00014 ( 1)  0.162 +-  0.207
 147 E   0.20555 0.09434 0.10998 0.10825 0.09843 0.08612 0.07440 0.06519 0.06091 0.09494 0.00188 ( 1)  0.425 +-  0.310
 148 T   0.54667 0.09721 0.07797 0.06237 0.04984 0.04008 0.03275 0.02767 0.02530 0.03921 0.00093 ( 1)  0.231 +-  0.271
 149 P   0.16824 0.08149 0.10002 0.10356 0.09896 0.09090 0.08239 0.07566 0.07402 0.12049 0.00427 ( 1)  0.474 +-  0.329
 150 M   0.74107 0.09939 0.06054 0.03707 0.02284 0.01425 0.00909 0.00603 0.00435 0.00535 0.00001 ( 1)  0.117 +-  0.151
 151 M   0.27053 0.11487 0.12379 0.11240 0.09410 0.07567 0.06000 0.04818 0.04122 0.05892 0.00033 ( 1)  0.352 +-  0.283
 152 N   0.00208 0.00866 0.02767 0.05255 0.07763 0.09955 0.11770 0.13428 0.15718 0.29410 0.02859 (10)  0.776 +-  0.356
 153 I   0.02330 0.03262 0.06385 0.08853 0.10403 0.11171 0.11442 0.11590 0.12276 0.21188 0.01099 (10)  0.655 +-  0.316
 154 I   0.02169 0.03076 0.06094 0.08551 0.10166 0.11042 0.11439 0.11717 0.12547 0.21882 0.01317 (10)  0.666 +-  0.325
 155 P   0.90212 0.04854 0.02117 0.01103 0.00629 0.00382 0.00245 0.00167 0.00126 0.00164 0.00001 ( 1)  0.072 +-  0.088
 156 A   0.01649 0.02451 0.05073 0.07431 0.09219 0.10445 0.11282 0.12043 0.13432 0.24359 0.02616 (10)  0.715 +-  0.376
 157 K   0.00070 0.00358 0.01362 0.03021 0.05131 0.07476 0.09942 0.12652 0.16403 0.33734 0.09851 (10)  0.941 +-  0.540
 158 P   0.90212 0.04854 0.02117 0.01103 0.00629 0.00382 0.00245 0.00167 0.00126 0.00164 0.00001 ( 1)  0.072 +-  0.088
 159 F   0.91681 0.04533 0.01816 0.00870 0.00456 0.00255 0.00150 0.00094 0.00066 0.00079 0.00000 ( 1)  0.067 +-  0.072
 160 I   0.16590 0.08112 0.10024 0.10425 0.09986 0.09177 0.08308 0.07608 0.07412 0.11999 0.00358 ( 1)  0.474 +-  0.324
 161 T   0.54928 0.09722 0.07771 0.06200 0.04945 0.03972 0.03243 0.02739 0.02505 0.03882 0.00093 ( 1)  0.229 +-  0.270
 162 Y   0.18010 0.08572 0.10347 0.10537 0.09907 0.08956 0.07991 0.07225 0.06962 0.11170 0.00322 ( 1)  0.458 +-  0.322
 163 H   0.22988 0.10232 0.11573 0.11046 0.09737 0.08254 0.06908 0.05860 0.05301 0.08004 0.00097 ( 1)  0.396 +-  0.299
 164 N   0.12779 0.06950 0.09290 0.10259 0.10295 0.09814 0.09145 0.08569 0.08501 0.13943 0.00454 (10)  0.515 +-  0.324
 165 E   0.19598 0.09128 0.10787 0.10755 0.09900 0.08762 0.07653 0.06774 0.06389 0.10044 0.00212 ( 1)  0.436 +-  0.313
 166 L   0.51562 0.09309 0.07639 0.06292 0.05206 0.04354 0.03716 0.03291 0.03162 0.05158 0.00310 ( 1)  0.260 +-  0.306
 167 D   0.91681 0.04533 0.01816 0.00870 0.00456 0.00255 0.00150 0.00095 0.00066 0.00079 0.00000 ( 1)  0.067 +-  0.072
 168 M   0.27053 0.11487 0.12379 0.11240 0.09410 0.07567 0.06000 0.04818 0.04122 0.05892 0.00033 ( 1)  0.352 +-  0.283
 169 N   0.21458 0.09734 0.11218 0.10915 0.09810 0.08483 0.07243 0.06272 0.05791 0.08925 0.00149 ( 1)  0.414 +-  0.306
 170 L   0.00060 0.00291 0.01074 0.02352 0.04002 0.05909 0.08037 0.10542 0.14184 0.30520 0.23028 (10)  1.176 +-  0.737
 171 Y   0.61596 0.09982 0.07362 0.05459 0.04072 0.03076 0.02375 0.01905 0.01662 0.02469 0.00042 ( 1)  0.187 +-  0.235
 172 M   0.74601 0.09903 0.05972 0.03620 0.02209 0.01365 0.00862 0.00567 0.00405 0.00494 0.00001 ( 1)  0.115 +-  0.148
 173 R   0.90212 0.04854 0.02117 0.01103 0.00629 0.00382 0.00245 0.00167 0.00126 0.00164 0.00001 ( 1)  0.072 +-  0.088
 174 I   0.00078 0.00383 0.01415 0.03071 0.05143 0.07422 0.09813 0.12452 0.16135 0.33233 0.10855 (10)  0.957 +-  0.562
 175 A   0.61751 0.10009 0.07377 0.05460 0.04063 0.03058 0.02350 0.01875 0.01625 0.02398 0.00035 ( 1)  0.185 +-  0.232
 176 P   0.90212 0.04854 0.02117 0.01103 0.00629 0.00382 0.00245 0.00167 0.00126 0.00164 0.00001 ( 1)  0.072 +-  0.088
 177 E   0.13206 0.06902 0.09040 0.09910 0.09961 0.09570 0.09027 0.08590 0.08673 0.14496 0.00624 (10)  0.521 +-  0.337
 178 L   0.61692 0.10004 0.07378 0.05465 0.04069 0.03066 0.02358 0.01884 0.01635 0.02415 0.00036 ( 1)  0.186 +-  0.233
 179 Y   0.62168 0.10023 0.07349 0.05412 0.04007 0.03002 0.02296 0.01824 0.01574 0.02313 0.00032 ( 1)  0.183 +-  0.230
 180 H   0.68529 0.10133 0.06811 0.04599 0.03123 0.02146 0.01507 0.01099 0.00871 0.01177 0.00006 ( 1)  0.145 +-  0.188
 181 K   0.11276 0.06273 0.08600 0.09757 0.10068 0.09872 0.09461 0.09113 0.09287 0.15618 0.00675 (10)  0.544 +-  0.335
 182 M   0.00000 0.00011 0.00150 0.00701 0.01971 0.04133 0.07223 0.11340 0.17309 0.40340 0.16821 (10)  1.113 +-  0.630
 183 L   0.89822 0.04927 0.02190 0.01163 0.00676 0.00418 0.00273 0.00190 0.00146 0.00194 0.00001 ( 1)  0.074 +-  0.092
 184 V   0.90211 0.04855 0.02117 0.01103 0.00629 0.00382 0.00245 0.00167 0.00126 0.00164 0.00001 ( 1)  0.072 +-  0.088
 185 V   0.90212 0.04854 0.02117 0.01103 0.00629 0.00382 0.00245 0.00167 0.00126 0.00164 0.00001 ( 1)  0.072 +-  0.088
 186 G   0.90211 0.04855 0.02117 0.01103 0.00629 0.00382 0.00245 0.00167 0.00126 0.00164 0.00001 ( 1)  0.072 +-  0.088
 187 G   0.90211 0.04855 0.02117 0.01103 0.00629 0.00382 0.00245 0.00167 0.00126 0.00164 0.00001 ( 1)  0.072 +-  0.088
 188 I   0.02161 0.03060 0.06057 0.08495 0.10103 0.10985 0.11398 0.11700 0.12564 0.21987 0.01491 (10)  0.670 +-  0.333
 189 D   0.68834 0.10124 0.06770 0.04550 0.03077 0.02106 0.01473 0.01071 0.00847 0.01142 0.00005 ( 1)  0.144 +-  0.186
 190 R   0.89334 0.05009 0.02277 0.01237 0.00735 0.00465 0.00311 0.00221 0.00174 0.00236 0.00002 ( 1)  0.076 +-  0.098
 191 V   0.90212 0.04854 0.02117 0.01103 0.00629 0.00382 0.00245 0.00167 0.00126 0.00164 0.00001 ( 1)  0.072 +-  0.088
 192 Y   0.17105 0.08246 0.10076 0.10389 0.09889 0.09052 0.08178 0.07487 0.07304 0.11861 0.00413 ( 1)  0.471 +-  0.328
 193 E   0.91001 0.04693 0.01961 0.00979 0.00535 0.00311 0.00191 0.00125 0.00090 0.00113 0.00000 ( 1)  0.069 +-  0.079
 194 I   0.91001 0.04693 0.01961 0.00979 0.00535 0.00311 0.00191 0.00125 0.00090 0.00113 0.00000 ( 1)  0.069 +-  0.079
 195 G   0.89306 0.05014 0.02282 0.01241 0.00739 0.00468 0.00313 0.00222 0.00175 0.00238 0.00002 ( 1)  0.076 +-  0.098
 196 R   0.17819 0.08501 0.10285 0.10501 0.09899 0.08974 0.08029 0.07281 0.07037 0.11327 0.00347 ( 1)  0.460 +-  0.324
 197 Q   0.89623 0.04965 0.02228 0.01194 0.00700 0.00436 0.00287 0.00201 0.00155 0.00208 0.00001 ( 1)  0.074 +-  0.094
 198 F   0.91694 0.04531 0.01814 0.00868 0.00454 0.00253 0.00149 0.00093 0.00065 0.00078 0.00000 ( 1)  0.067 +-  0.071
 199 R   0.59137 0.09875 0.07499 0.05721 0.04387 0.03404 0.02696 0.02218 0.01982 0.03013 0.00068 ( 1)  0.203 +-  0.250
 200 N   0.91693 0.04532 0.01814 0.00868 0.00455 0.00253 0.00149 0.00093 0.00065 0.00078 0.00000 ( 1)  0.067 +-  0.071
 201 E   0.90960 0.04696 0.01966 0.00985 0.00540 0.00316 0.00195 0.00129 0.00094 0.00118 0.00000 ( 1)  0.069 +-  0.080
 202 G   0.90068 0.04882 0.02144 0.01125 0.00646 0.00395 0.00255 0.00175 0.00133 0.00175 0.00001 ( 1)  0.073 +-  0.089
 203 I   0.91001 0.04693 0.01961 0.00979 0.00535 0.00311 0.00191 0.00125 0.00090 0.00113 0.00000 ( 1)  0.069 +-  0.079
 204 D   0.68297 0.10135 0.06837 0.04633 0.03157 0.02177 0.01534 0.01122 0.00893 0.01210 0.00006 ( 1)  0.146 +-  0.190
 205 L   0.88597 0.05126 0.02404 0.01346 0.00825 0.00537 0.00369 0.00270 0.00218 0.00305 0.00004 ( 1)  0.079 +-  0.106
 206 T   0.62957 0.10051 0.07297 0.05321 0.03901 0.02895 0.02193 0.01727 0.01477 0.02153 0.00028 ( 1)  0.178 +-  0.225
 207 H   0.91693 0.04532 0.01814 0.00868 0.00455 0.00253 0.00149 0.00094 0.00065 0.00078 0.00000 ( 1)  0.067 +-  0.071
 208 N   0.91685 0.04532 0.01815 0.00869 0.00456 0.00254 0.00150 0.00094 0.00065 0.00079 0.00000 ( 1)  0.067 +-  0.072
 209 P   0.90212 0.04854 0.02117 0.01103 0.00629 0.00382 0.00245 0.00167 0.00126 0.00164 0.00001 ( 1)  0.072 +-  0.088
 210 E   0.91002 0.04693 0.01961 0.00979 0.00535 0.00311 0.00191 0.00125 0.00090 0.00113 0.00000 ( 1)  0.069 +-  0.079
 211 F   0.91679 0.04533 0.01816 0.00870 0.00456 0.00255 0.00151 0.00095 0.00066 0.00079 0.00000 ( 1)  0.067 +-  0.072
 212 T   0.62901 0.10050 0.07302 0.05329 0.03911 0.02903 0.02201 0.01733 0.01483 0.02160 0.00027 ( 1)  0.178 +-  0.225
 213 T   0.90212 0.04854 0.02117 0.01103 0.00629 0.00382 0.00245 0.00167 0.00126 0.00164 0.00001 ( 1)  0.072 +-  0.088
 214 C   0.91001 0.04693 0.01961 0.00979 0.00535 0.00311 0.00191 0.00125 0.00090 0.00113 0.00000 ( 1)  0.069 +-  0.079
 215 E   0.90993 0.04693 0.01962 0.00980 0.00536 0.00312 0.00192 0.00126 0.00091 0.00114 0.00000 ( 1)  0.069 +-  0.079
 216 F   0.91685 0.04532 0.01815 0.00869 0.00456 0.00254 0.00150 0.00094 0.00065 0.00079 0.00000 ( 1)  0.067 +-  0.072
 217 Y   0.90213 0.04854 0.02117 0.01103 0.00629 0.00382 0.00245 0.00167 0.00126 0.00164 0.00001 ( 1)  0.072 +-  0.088
 218 M   0.93186 0.04107 0.01466 0.00626 0.00293 0.00146 0.00077 0.00043 0.00027 0.00029 0.00000 ( 1)  0.062 +-  0.056
 219 A   0.62761 0.10045 0.07311 0.05345 0.03929 0.02922 0.02219 0.01751 0.01500 0.02189 0.00028 ( 1)  0.179 +-  0.226
 220 Y   0.62886 0.10050 0.07304 0.05332 0.03913 0.02906 0.02203 0.01735 0.01484 0.02161 0.00026 ( 1)  0.178 +-  0.225
 221 A   0.90212 0.04854 0.02117 0.01103 0.00629 0.00382 0.00245 0.00167 0.00126 0.00164 0.00001 ( 1)  0.072 +-  0.088
 222 D   0.91687 0.04532 0.01815 0.00869 0.00455 0.00254 0.00150 0.00094 0.00065 0.00078 0.00000 ( 1)  0.067 +-  0.071
 223 Y   0.90213 0.04854 0.02117 0.01103 0.00629 0.00382 0.00245 0.00167 0.00126 0.00164 0.00001 ( 1)  0.072 +-  0.088
 224 H   0.02942 0.03939 0.07399 0.09854 0.11130 0.11498 0.11341 0.11071 0.11311 0.18876 0.00638 (10)  0.621 +-  0.297
 225 D   0.68458 0.10129 0.06814 0.04606 0.03132 0.02156 0.01516 0.01108 0.00881 0.01193 0.00006 ( 1)  0.146 +-  0.189
 226 L   0.00000 0.00000 0.00000 0.00000 0.00001 0.00007 0.00024 0.00071 0.00196 0.00809 0.98892 (11)  2.476 +-  0.187
 227 M   0.33154 0.12987 0.12960 0.10927 0.08517 0.06392 0.04741 0.03570 0.02870 0.03869 0.00012 ( 1)  0.299 +-  0.262
 228 E   0.91001 0.04693 0.01961 0.00979 0.00535 0.00311 0.00191 0.00125 0.00090 0.00113 0.00000 ( 1)  0.069 +-  0.079
 229 I   0.91001 0.04693 0.01961 0.00979 0.00535 0.00311 0.00191 0.00125 0.00090 0.00113 0.00000 ( 1)  0.069 +-  0.079
 230 T   0.18589 0.08771 0.10499 0.10606 0.09893 0.08876 0.07862 0.07059 0.06758 0.10780 0.00306 ( 1)  0.450 +-  0.320
 231 E   0.91002 0.04693 0.01961 0.00979 0.00535 0.00311 0.00191 0.00125 0.00090 0.00113 0.00000 ( 1)  0.069 +-  0.079
 232 K   0.20755 0.09496 0.11037 0.10834 0.09827 0.08577 0.07395 0.06467 0.06033 0.09391 0.00187 ( 1)  0.423 +-  0.310
 233 M   0.00405 0.01512 0.04369 0.07517 0.10072 0.11731 0.12614 0.13105 0.13992 0.23980 0.00703 (10)  0.693 +-  0.268
 234 V   0.62879 0.10048 0.07303 0.05331 0.03913 0.02906 0.02204 0.01736 0.01486 0.02166 0.00027 ( 1)  0.178 +-  0.225
 235 S   0.88256 0.05170 0.02456 0.01394 0.00865 0.00572 0.00399 0.00296 0.00243 0.00344 0.00005 ( 1)  0.080 +-  0.110
 236 G   0.01686 0.02494 0.05139 0.07496 0.09265 0.10462 0.11266 0.11995 0.13349 0.24170 0.02677 (10)  0.715 +-  0.379
 237 M   0.74846 0.09886 0.05931 0.03577 0.02172 0.01335 0.00839 0.00549 0.00390 0.00474 0.00001 ( 1)  0.114 +-  0.146
 238 V   0.90211 0.04855 0.02117 0.01103 0.00629 0.00382 0.00245 0.00167 0.00126 0.00164 0.00001 ( 1)  0.072 +-  0.088
 239 K   0.91001 0.04693 0.01961 0.00979 0.00535 0.00311 0.00191 0.00125 0.00090 0.00113 0.00000 ( 1)  0.069 +-  0.079
 240 H   0.91682 0.04532 0.01816 0.00869 0.00456 0.00255 0.00150 0.00094 0.00066 0.00079 0.00000 ( 1)  0.067 +-  0.072
 241 I   0.66012 0.10122 0.07058 0.04945 0.03484 0.02484 0.01809 0.01369 0.01126 0.01578 0.00012 ( 1)  0.159 +-  0.205
 242 T   0.90212 0.04854 0.02117 0.01103 0.00629 0.00382 0.00245 0.00167 0.00126 0.00164 0.00001 ( 1)  0.072 +-  0.088
 243 G   0.90149 0.04867 0.02129 0.01113 0.00637 0.00388 0.00249 0.00170 0.00129 0.00169 0.00001 ( 1)  0.072 +-  0.088
 244 S   0.00000 0.00000 0.00008 0.00061 0.00244 0.00695 0.01595 0.03210 0.06182 0.18192 0.69813 (11)  2.005 +-  0.748
 245 Y   0.90213 0.04854 0.02117 0.01103 0.00629 0.00382 0.00245 0.00167 0.00126 0.00164 0.00001 ( 1)  0.072 +-  0.088
 246 K   0.90984 0.04694 0.01963 0.00981 0.00537 0.00313 0.00193 0.00126 0.00092 0.00115 0.00000 ( 1)  0.069 +-  0.079
 247 V   0.00000 0.00000 0.00004 0.00024 0.00091 0.00261 0.00616 0.01298 0.02642 0.08303 0.86761 (11)  2.280 +-  0.553
 248 T   0.17822 0.08503 0.10287 0.10502 0.09899 0.08973 0.08028 0.07280 0.07036 0.11323 0.00348 ( 1)  0.460 +-  0.324
 249 Y   0.90213 0.04854 0.02117 0.01103 0.00629 0.00382 0.00245 0.00167 0.00126 0.00164 0.00001 ( 1)  0.072 +-  0.088
 250 H   0.91693 0.04532 0.01814 0.00868 0.00455 0.00253 0.00149 0.00094 0.00065 0.00078 0.00000 ( 1)  0.067 +-  0.071
 251 P   0.90212 0.04854 0.02117 0.01103 0.00629 0.00382 0.00245 0.00167 0.00126 0.00164 0.00001 ( 1)  0.072 +-  0.088
 252 D   0.68904 0.10130 0.06768 0.04544 0.03068 0.02096 0.01463 0.01061 0.00836 0.01124 0.00005 ( 1)  0.143 +-  0.186
 253 G   0.90212 0.04855 0.02117 0.01103 0.00629 0.00382 0.00245 0.00167 0.00126 0.00164 0.00001 ( 1)  0.072 +-  0.088
 254 P   0.90212 0.04854 0.02117 0.01103 0.00629 0.00382 0.00245 0.00167 0.00126 0.00164 0.00001 ( 1)  0.072 +-  0.088
 255 E   0.91002 0.04693 0.01961 0.00979 0.00535 0.00311 0.00191 0.00125 0.00090 0.00113 0.00000 ( 1)  0.069 +-  0.079
 256 G   0.62300 0.10028 0.07341 0.05397 0.03990 0.02984 0.02279 0.01808 0.01558 0.02285 0.00031 ( 1)  0.182 +-  0.229
 257 Q   0.89580 0.04967 0.02233 0.01200 0.00705 0.00442 0.00292 0.00205 0.00160 0.00215 0.00002 ( 1)  0.075 +-  0.095
 258 A   0.90212 0.04854 0.02117 0.01103 0.00629 0.00382 0.00245 0.00167 0.00126 0.00164 0.00001 ( 1)  0.072 +-  0.088
 259 Y   0.90213 0.04854 0.02117 0.01103 0.00629 0.00382 0.00245 0.00167 0.00126 0.00164 0.00001 ( 1)  0.072 +-  0.088
 260 D   0.00000 0.00000 0.00000 0.00000 0.00000 0.00002 0.00008 0.00030 0.00098 0.00461 0.99400 (11)  2.484 +-  0.150
 261 V   0.00186 0.00787 0.02547 0.04905 0.07348 0.09562 0.11476 0.13296 0.15814 0.30072 0.04007 (10)  0.803 +-  0.397
 262 D   0.68894 0.10122 0.06762 0.04540 0.03068 0.02099 0.01467 0.01066 0.00842 0.01135 0.00005 ( 1)  0.143 +-  0.186
 263 F   0.91694 0.04531 0.01814 0.00868 0.00454 0.00253 0.00149 0.00093 0.00065 0.00078 0.00000 ( 1)  0.067 +-  0.071
 264 T   0.90212 0.04854 0.02117 0.01103 0.00629 0.00382 0.00245 0.00167 0.00126 0.00164 0.00001 ( 1)  0.072 +-  0.088
 265 P   0.90212 0.04854 0.02117 0.01103 0.00629 0.00382 0.00245 0.00167 0.00126 0.00164 0.00001 ( 1)  0.072 +-  0.088
 266 P   0.90212 0.04854 0.02117 0.01103 0.00629 0.00382 0.00245 0.00167 0.00126 0.00164 0.00001 ( 1)  0.072 +-  0.088
 267 F   0.91685 0.04532 0.01815 0.00869 0.00456 0.00254 0.00150 0.00094 0.00065 0.00079 0.00000 ( 1)  0.067 +-  0.072
 268 R   0.58926 0.09821 0.07458 0.05699 0.04386 0.03422 0.02730 0.02266 0.02046 0.03149 0.00096 ( 1)  0.206 +-  0.256
 269 R   0.88035 0.05158 0.02462 0.01410 0.00888 0.00597 0.00426 0.00325 0.00275 0.00405 0.00017 ( 1)  0.082 +-  0.118
 270 I   0.90994 0.04693 0.01962 0.00980 0.00536 0.00312 0.00192 0.00126 0.00091 0.00114 0.00000 ( 1)  0.069 +-  0.079
 271 N   0.00000 0.00005 0.00070 0.00354 0.01076 0.02440 0.04609 0.07821 0.12911 0.32724 0.37990 (11)  1.474 +-  0.803
 272 M   0.93186 0.04107 0.01466 0.00626 0.00293 0.00146 0.00077 0.00043 0.00027 0.00029 0.00000 ( 1)  0.062 +-  0.056
 273 V   0.00000 0.00000 0.00000 0.00000 0.00000 0.00002 0.00011 0.00039 0.00125 0.00578 0.99244 (11)  2.482 +-  0.162
 274 E   0.91001 0.04693 0.01961 0.00979 0.00535 0.00311 0.00191 0.00125 0.00090 0.00113 0.00000 ( 1)  0.069 +-  0.079
 275 E   0.65909 0.10124 0.07071 0.04961 0.03499 0.02498 0.01821 0.01379 0.01135 0.01591 0.00012 ( 1)  0.160 +-  0.205
 276 L   0.90034 0.04888 0.02151 0.01131 0.00651 0.00398 0.00258 0.00177 0.00135 0.00177 0.00001 ( 1)  0.073 +-  0.090
 277 E   0.91002 0.04693 0.01961 0.00979 0.00535 0.00311 0.00191 0.00125 0.00090 0.00113 0.00000 ( 1)  0.069 +-  0.079
 278 K   0.65429 0.10117 0.07112 0.05023 0.03567 0.02563 0.01880 0.01433 0.01187 0.01675 0.00013 ( 1)  0.163 +-  0.208
 279 A   0.62791 0.10046 0.07309 0.05342 0.03925 0.02918 0.02215 0.01747 0.01496 0.02183 0.00028 ( 1)  0.179 +-  0.226
 280 L   0.00958 0.01541 0.03430 0.05402 0.07207 0.08780 0.10198 0.11707 0.14043 0.27357 0.09376 (10)  0.876 +-  0.562
 281 G   0.17792 0.08491 0.10275 0.10493 0.09894 0.08973 0.08032 0.07288 0.07048 0.11352 0.00362 ( 1)  0.461 +-  0.325
 282 M   0.00032 0.00361 0.01717 0.04078 0.06921 0.09702 0.12133 0.14304 0.17007 0.31851 0.01893 (10)  0.782 +-  0.300
 283 K   0.90992 0.04694 0.01962 0.00980 0.00536 0.00312 0.00192 0.00126 0.00091 0.00114 0.00000 ( 1)  0.069 +-  0.079
 284 L   0.87459 0.05275 0.02579 0.01506 0.00961 0.00653 0.00467 0.00356 0.00299 0.00436 0.00009 ( 1)  0.084 +-  0.120
 285 P   0.90212 0.04854 0.02117 0.01103 0.00629 0.00382 0.00245 0.00167 0.00126 0.00164 0.00001 ( 1)  0.072 +-  0.088
 286 E   0.21029 0.09600 0.11129 0.10889 0.09840 0.08552 0.07338 0.06384 0.05920 0.09159 0.00159 ( 1)  0.419 +-  0.308
 287 T   0.90213 0.04854 0.02117 0.01103 0.00629 0.00382 0.00245 0.00167 0.00126 0.00164 0.00001 ( 1)  0.072 +-  0.088
 288 N   0.03069 0.04065 0.07563 0.09987 0.11197 0.11493 0.11274 0.10957 0.11156 0.18574 0.00665 (10)  0.618 +-  0.299
 289 L   0.90211 0.04855 0.02117 0.01103 0.00629 0.00382 0.00245 0.00167 0.00126 0.00164 0.00001 ( 1)  0.072 +-  0.088
 290 F   0.91694 0.04531 0.01814 0.00868 0.00454 0.00253 0.00149 0.00093 0.00065 0.00078 0.00000 ( 1)  0.067 +-  0.071
 291 E   0.91001 0.04693 0.01961 0.00979 0.00535 0.00311 0.00191 0.00125 0.00090 0.00113 0.00000 ( 1)  0.069 +-  0.079
 292 T   0.90212 0.04854 0.02117 0.01103 0.00629 0.00382 0.00245 0.00167 0.00126 0.00164 0.00001 ( 1)  0.072 +-  0.088
 293 E   0.91001 0.04693 0.01961 0.00979 0.00535 0.00311 0.00191 0.00125 0.00090 0.00113 0.00000 ( 1)  0.069 +-  0.079
 294 E   0.00560 0.01042 0.02609 0.04527 0.06537 0.08492 0.10383 0.12403 0.15322 0.30413 0.07711 (10)  0.870 +-  0.510
 295 T   0.00360 0.00705 0.01852 0.03376 0.05122 0.06991 0.08981 0.11271 0.14630 0.30526 0.16185 (10)  1.038 +-  0.664
 296 R   0.00008 0.00112 0.00627 0.01745 0.03468 0.05685 0.08307 0.11431 0.15850 0.34586 0.18181 (10)  1.109 +-  0.668
 297 K   0.00000 0.00000 0.00006 0.00044 0.00179 0.00520 0.01217 0.02498 0.04908 0.14766 0.75862 (11)  2.104 +-  0.697
 298 I   0.02425 0.03369 0.06547 0.09015 0.10523 0.11227 0.11429 0.11508 0.12120 0.20812 0.01024 (10)  0.649 +-  0.313
 299 L   0.00000 0.00012 0.00112 0.00444 0.01156 0.02362 0.04158 0.06735 0.10807 0.27084 0.47129 (11)  1.620 +-  0.831
 300 D   0.00001 0.00024 0.00218 0.00815 0.02000 0.03850 0.06388 0.09749 0.14731 0.34590 0.27632 (10)  1.289 +-  0.753
 301 D   0.00257 0.01034 0.03200 0.05890 0.08441 0.10512 0.12078 0.13403 0.15276 0.27877 0.02032 (10)  0.749 +-  0.326
 302 I   0.00001 0.00030 0.00237 0.00840 0.02010 0.03819 0.06294 0.09579 0.14471 0.34039 0.28681 (10)  1.305 +-  0.762
 303 C   0.20497 0.09415 0.10984 0.10819 0.09845 0.08619 0.07452 0.06534 0.06110 0.09531 0.00194 ( 1)  0.426 +-  0.311
 304 V   0.00001 0.00012 0.00085 0.00303 0.00758 0.01538 0.02748 0.04576 0.07611 0.19958 0.62410 (11)  1.875 +-  0.803
 305 A   0.00000 0.00001 0.00009 0.00052 0.00178 0.00459 0.00985 0.01905 0.03593 0.10554 0.82265 (11)  2.206 +-  0.626
 306 K   0.00496 0.00937 0.02378 0.04184 0.06128 0.08077 0.10020 0.12147 0.15229 0.30678 0.09726 (10)  0.912 +-  0.554
 307 A   0.00118 0.00531 0.01824 0.03721 0.05903 0.08127 0.10314 0.12628 0.15861 0.31820 0.09153 (10)  0.915 +-  0.532
 308 V   0.62912 0.10051 0.07302 0.05328 0.03909 0.02902 0.02200 0.01732 0.01481 0.02157 0.00026 ( 1)  0.178 +-  0.225
 309 E   0.91001 0.04693 0.01961 0.00979 0.00535 0.00311 0.00191 0.00125 0.00090 0.00113 0.00000 ( 1)  0.069 +-  0.079
 310 C   0.91000 0.04693 0.01961 0.00979 0.00535 0.00311 0.00191 0.00125 0.00091 0.00113 0.00000 ( 1)  0.069 +-  0.079
 311 P   0.62790 0.10046 0.07309 0.05342 0.03925 0.02918 0.02215 0.01747 0.01497 0.02183 0.00027 ( 1)  0.179 +-  0.226
 312 P   0.62617 0.10039 0.07319 0.05360 0.03947 0.02941 0.02238 0.01769 0.01519 0.02221 0.00030 ( 1)  0.180 +-  0.227
 313 P   0.90212 0.04854 0.02117 0.01103 0.00629 0.00382 0.00245 0.00167 0.00126 0.00164 0.00001 ( 1)  0.072 +-  0.088
 314 R   0.88969 0.05068 0.02340 0.01291 0.00779 0.00501 0.00339 0.00245 0.00195 0.00270 0.00003 ( 1)  0.077 +-  0.102
 315 T   0.90212 0.04854 0.02117 0.01103 0.00629 0.00382 0.00245 0.00167 0.00126 0.00164 0.00001 ( 1)  0.072 +-  0.088
 316 T   0.90212 0.04855 0.02117 0.01103 0.00629 0.00382 0.00245 0.00167 0.00126 0.00164 0.00001 ( 1)  0.072 +-  0.088
 317 A   0.90212 0.04854 0.02117 0.01103 0.00629 0.00382 0.00245 0.00167 0.00126 0.00164 0.00001 ( 1)  0.072 +-  0.088
 318 R   0.90989 0.04695 0.01963 0.00981 0.00537 0.00312 0.00192 0.00126 0.00091 0.00114 0.00000 ( 1)  0.069 +-  0.079
 319 L   0.90210 0.04855 0.02117 0.01103 0.00629 0.00382 0.00245 0.00167 0.00126 0.00164 0.00001 ( 1)  0.072 +-  0.088
 320 L   0.90175 0.04861 0.02124 0.01109 0.00634 0.00385 0.00247 0.00169 0.00128 0.00167 0.00001 ( 1)  0.072 +-  0.088
 321 D   0.91651 0.04535 0.01820 0.00874 0.00460 0.00258 0.00153 0.00097 0.00068 0.00082 0.00000 ( 1)  0.067 +-  0.072
 322 K   0.90991 0.04694 0.01962 0.00980 0.00536 0.00312 0.00192 0.00126 0.00091 0.00114 0.00000 ( 1)  0.069 +-  0.079
 323 L   0.90211 0.04855 0.02117 0.01103 0.00629 0.00382 0.00245 0.00167 0.00126 0.00164 0.00001 ( 1)  0.072 +-  0.088
 324 V   0.90213 0.04854 0.02117 0.01103 0.00629 0.00382 0.00245 0.00167 0.00126 0.00164 0.00001 ( 1)  0.072 +-  0.088
 325 G   0.90177 0.04861 0.02124 0.01109 0.00633 0.00385 0.00247 0.00169 0.00128 0.00167 0.00001 ( 1)  0.072 +-  0.088
 326 E   0.66174 0.10123 0.07042 0.04922 0.03461 0.02462 0.01790 0.01352 0.01110 0.01552 0.00011 ( 1)  0.158 +-  0.204
 327 F   0.23276 0.10317 0.11623 0.11053 0.09708 0.08203 0.06844 0.05789 0.05223 0.07869 0.00095 ( 1)  0.393 +-  0.299
 328 L   0.87458 0.05275 0.02579 0.01506 0.00961 0.00653 0.00467 0.00356 0.00300 0.00436 0.00009 ( 1)  0.084 +-  0.120
 329 E   0.90992 0.04694 0.01962 0.00980 0.00536 0.00312 0.00192 0.00126 0.00091 0.00114 0.00000 ( 1)  0.069 +-  0.079
 330 V   0.18258 0.08655 0.10407 0.10560 0.09896 0.08918 0.07934 0.07155 0.06879 0.11016 0.00323 ( 1)  0.455 +-  0.322
 331 T   0.90212 0.04854 0.02117 0.01103 0.00629 0.00382 0.00245 0.00167 0.00126 0.00164 0.00001 ( 1)  0.072 +-  0.088
 332 C   0.91001 0.04693 0.01961 0.00979 0.00535 0.00311 0.00191 0.00125 0.00090 0.00113 0.00000 ( 1)  0.069 +-  0.079
 333 I   0.91001 0.04693 0.01961 0.00979 0.00535 0.00311 0.00191 0.00125 0.00090 0.00113 0.00000 ( 1)  0.069 +-  0.079
 334 N   0.91693 0.04532 0.01814 0.00868 0.00455 0.00253 0.00149 0.00093 0.00065 0.00078 0.00000 ( 1)  0.067 +-  0.071
 335 P   0.90212 0.04854 0.02117 0.01103 0.00629 0.00382 0.00245 0.00167 0.00126 0.00164 0.00001 ( 1)  0.072 +-  0.088
 336 T   0.90214 0.04854 0.02116 0.01103 0.00629 0.00382 0.00245 0.00167 0.00126 0.00164 0.00001 ( 1)  0.072 +-  0.088
 337 F   0.91694 0.04531 0.01814 0.00868 0.00454 0.00253 0.00149 0.00093 0.00065 0.00078 0.00000 ( 1)  0.067 +-  0.071
 338 I   0.91001 0.04693 0.01961 0.00979 0.00535 0.00311 0.00191 0.00125 0.00090 0.00113 0.00000 ( 1)  0.069 +-  0.079
 339 C   0.91001 0.04693 0.01961 0.00979 0.00535 0.00311 0.00191 0.00125 0.00090 0.00113 0.00000 ( 1)  0.069 +-  0.079
 340 D   0.91693 0.04532 0.01814 0.00868 0.00455 0.00253 0.00149 0.00093 0.00065 0.00078 0.00000 ( 1)  0.067 +-  0.071
 341 H   0.91693 0.04532 0.01814 0.00868 0.00455 0.00253 0.00149 0.00094 0.00065 0.00078 0.00000 ( 1)  0.067 +-  0.071
 342 P   0.90212 0.04854 0.02117 0.01103 0.00629 0.00382 0.00245 0.00167 0.00126 0.00164 0.00001 ( 1)  0.072 +-  0.088
 343 Q   0.89623 0.04965 0.02228 0.01194 0.00700 0.00436 0.00287 0.00201 0.00155 0.00208 0.00001 ( 1)  0.074 +-  0.094
 344 I   0.92112 0.04422 0.01720 0.00800 0.00407 0.00221 0.00127 0.00077 0.00052 0.00061 0.00000 ( 1)  0.065 +-  0.067
 345 M   0.74966 0.09878 0.05911 0.03556 0.02153 0.01321 0.00828 0.00540 0.00383 0.00464 0.00001 ( 1)  0.114 +-  0.145
 346 S   0.91687 0.04532 0.01815 0.00869 0.00455 0.00254 0.00150 0.00094 0.00065 0.00079 0.00000 ( 1)  0.067 +-  0.071
 347 P   0.90212 0.04854 0.02117 0.01103 0.00629 0.00382 0.00245 0.00167 0.00126 0.00164 0.00001 ( 1)  0.072 +-  0.088
 348 L   0.88428 0.05144 0.02427 0.01368 0.00845 0.00555 0.00385 0.00284 0.00232 0.00328 0.00005 ( 1)  0.079 +-  0.109
 349 A   0.90212 0.04854 0.02117 0.01103 0.00629 0.00382 0.00245 0.00167 0.00126 0.00164 0.00001 ( 1)  0.072 +-  0.088
 350 K   0.90994 0.04693 0.01962 0.00980 0.00536 0.00312 0.00192 0.00126 0.00091 0.00114 0.00000 ( 1)  0.069 +-  0.079
 351 W   0.07376 0.04613 0.06941 0.08537 0.09473 0.09930 0.10131 0.10354 0.11162 0.19763 0.01721 (10)  0.623 +-  0.374
 352 H   0.23521 0.10392 0.11670 0.11064 0.09688 0.08162 0.06790 0.05728 0.05153 0.07743 0.00090 ( 1)  0.390 +-  0.298
 353 R   0.62871 0.10049 0.07304 0.05333 0.03915 0.02908 0.02205 0.01737 0.01487 0.02166 0.00027 ( 1)  0.178 +-  0.225
 354 S   0.62526 0.10036 0.07326 0.05372 0.03960 0.02954 0.02250 0.01780 0.01530 0.02238 0.00029 ( 1)  0.180 +-  0.228
 355 K   0.90993 0.04694 0.01962 0.00980 0.00536 0.00312 0.00192 0.00126 0.00091 0.00114 0.00000 ( 1)  0.069 +-  0.079
 356 E   0.00182 0.00774 0.02513 0.04854 0.07294 0.09518 0.11453 0.13301 0.15855 0.30208 0.04047 (10)  0.805 +-  0.398
 357 G   0.62990 0.10053 0.07296 0.05319 0.03899 0.02892 0.02190 0.01722 0.01472 0.02142 0.00026 ( 1)  0.177 +-  0.224
 358 L   0.87458 0.05275 0.02579 0.01506 0.00961 0.00653 0.00467 0.00356 0.00300 0.00436 0.00009 ( 1)  0.084 +-  0.120
 359 T   0.90214 0.04854 0.02117 0.01103 0.00629 0.00382 0.00245 0.00167 0.00126 0.00164 0.00001 ( 1)  0.072 +-  0.088
 360 E   0.91002 0.04693 0.01961 0.00979 0.00535 0.00311 0.00191 0.00125 0.00090 0.00113 0.00000 ( 1)  0.069 +-  0.079
 361 R   0.17082 0.08236 0.10067 0.10382 0.09886 0.09053 0.08181 0.07494 0.07314 0.11884 0.00420 ( 1)  0.471 +-  0.328
 362 F   0.91694 0.04531 0.01814 0.00868 0.00454 0.00253 0.00149 0.00093 0.00065 0.00078 0.00000 ( 1)  0.067 +-  0.071
 363 E   0.90997 0.04693 0.01961 0.00980 0.00536 0.00312 0.00192 0.00125 0.00091 0.00114 0.00000 ( 1)  0.069 +-  0.079
 364 L   0.87443 0.05274 0.02579 0.01507 0.00963 0.00654 0.00469 0.00358 0.00302 0.00440 0.00010 ( 1)  0.084 +-  0.120
 365 F   0.68298 0.10135 0.06836 0.04632 0.03157 0.02177 0.01533 0.01122 0.00893 0.01211 0.00006 ( 1)  0.146 +-  0.190
 366 L   0.87458 0.05275 0.02579 0.01506 0.00961 0.00653 0.00467 0.00356 0.00300 0.00436 0.00009 ( 1)  0.084 +-  0.120
 367 N   0.91693 0.04532 0.01814 0.00868 0.00455 0.00253 0.00149 0.00093 0.00065 0.00078 0.00000 ( 1)  0.067 +-  0.071
 368 D   0.68905 0.10130 0.06769 0.04544 0.03068 0.02096 0.01463 0.01061 0.00836 0.01123 0.00005 ( 1)  0.143 +-  0.186
 369 P   0.90212 0.04854 0.02117 0.01103 0.00629 0.00382 0.00245 0.00167 0.00126 0.00164 0.00001 ( 1)  0.072 +-  0.088
 370 M   0.00000 0.00000 0.00000 0.00001 0.00005 0.00025 0.00091 0.00268 0.00719 0.02850 0.96041 (11)  2.431 +-  0.321
 371 R   0.00098 0.00451 0.01581 0.03295 0.05338 0.07506 0.09727 0.12159 0.15592 0.31934 0.12320 (10)  0.977 +-  0.594
 372 Q   0.60414 0.09955 0.07457 0.05608 0.04237 0.03238 0.02524 0.02043 0.01795 0.02684 0.00045 ( 1)  0.194 +-  0.241
 373 R   0.89298 0.05015 0.02283 0.01242 0.00740 0.00469 0.00313 0.00223 0.00176 0.00239 0.00002 ( 1)  0.076 +-  0.098
 374 Q   0.60601 0.09964 0.07448 0.05589 0.04214 0.03213 0.02500 0.02019 0.01770 0.02640 0.00043 ( 1)  0.193 +-  0.240
 375 L   0.17069 0.08231 0.10062 0.10380 0.09885 0.09053 0.08184 0.07497 0.07319 0.11895 0.00424 ( 1)  0.471 +-  0.329
 376 F   0.68920 0.10129 0.06767 0.04541 0.03065 0.02094 0.01461 0.01060 0.00835 0.01122 0.00005 ( 1)  0.143 +-  0.185
 377 E   0.66086 0.10125 0.07053 0.04936 0.03474 0.02474 0.01800 0.01360 0.01117 0.01563 0.00011 ( 1)  0.159 +-  0.204
 378 E   0.02542 0.03501 0.06752 0.09225 0.10684 0.11310 0.11424 0.11414 0.11928 0.20329 0.00890 (10)  0.642 +-  0.307
 379 Q   0.53056 0.09568 0.07792 0.06333 0.05146 0.04210 0.03502 0.03014 0.02807 0.04431 0.00140 ( 1)  0.244 +-  0.283

Positively selected sites

	Prob(w>1)  mean w

     1 N      0.871         2.287 +- 0.543
    30 A      0.993**       2.483 +- 0.157
    34 N      0.931         2.384 +- 0.412
    42 P      0.989*        2.476 +- 0.188
    47 V      0.555         1.754 +- 0.833
   130 I      0.959*        2.429 +- 0.326
   138 L      0.555         1.752 +- 0.836
   226 L      0.989*        2.476 +- 0.187
   244 S      0.698         2.005 +- 0.748
   247 V      0.868         2.280 +- 0.553
   260 D      0.994**       2.484 +- 0.150
   273 V      0.992**       2.482 +- 0.162
   297 K      0.759         2.104 +- 0.697
   304 V      0.624         1.875 +- 0.803
   305 A      0.823         2.206 +- 0.626
   370 M      0.960*        2.431 +- 0.321

