

Model 7: beta

TREE # 1

  0  0.0000   7007.821566  x:  0.09900   0.09587   0.03249   0.05668   0.03856   0.06216   0.01810   0.06969   0.05096   0.08151   0.06496   0.06867   0.02622   0.01175   0.07930   0.06074   0.03712   0.02614   0.09721   0.04333   0.06237   0.04771   0.03742   0.05195   0.07964   0.07255   0.06695   0.10552   0.03297   0.04294   0.07165   0.04761   0.05456   0.10647   0.09896   0.05723   0.09530   0.07176   0.01496   0.07741   0.09394   0.04705   0.09309   0.08513   0.08954   0.02229   0.02646   0.10097   0.05678   0.03099   0.03118   2.00000   0.21985   1.09031  
  1 99.0000   6492.541617  x:  0.08682   0.09060   0.09598   0.04140   0.04137   0.04703   0.03645   0.05568   0.03599   0.07636   0.08669   0.05652   0.01955   0.19011   0.07712   0.04550   0.02885   0.08956   0.11010   0.02971   0.04818   0.05885   0.04511   0.03832   0.08367   0.05796   0.05490   0.09007   0.01920   0.08351   0.06606   0.03314   0.06901   0.09903   0.08371   0.04332   0.10862   0.06749   0.00000   0.06238   0.08748   0.04314   0.07857   0.07376   0.08576   0.18417   0.01202   0.09283   0.05405   0.10126   0.02767   2.00078   0.22723   1.08819  
  2 6215.9869   6353.848166  x:  0.07148   0.08158   0.10991   0.02407   0.04086   0.03044   0.03721   0.04094   0.01909   0.07009   0.10215   0.04458   0.00773   0.17685   0.07233   0.02825   0.01884   0.09708   0.12022   0.01458   0.03218   0.06580   0.04960   0.02362   0.08822   0.04198   0.04239   0.07289   0.00302   0.09815   0.06010   0.01722   0.07918   0.09114   0.06691   0.02794   0.12107   0.06210   0.00000   0.04544   0.08003   0.04300   0.06273   0.05763   0.07727   0.18449   0.00000   0.08432   0.04953   0.11193   0.02706   2.00146   0.23798   1.08532  
  3 1809.8432   6336.773676  x:  0.06873   0.08019   0.11009   0.02088   0.04098   0.02778   0.03705   0.03835   0.01597   0.06913   0.10199   0.04354   0.00818   0.17610   0.07210   0.02518   0.01834   0.09738   0.12058   0.01299   0.02931   0.06525   0.04920   0.02161   0.08860   0.03936   0.04091   0.06978   0.00000   0.09781   0.05942   0.01502   0.07903   0.08988   0.06394   0.02546   0.12135   0.06155   0.00000   0.04240   0.07908   0.04305   0.06044   0.05488   0.07644   0.18513   0.00000   0.08319   0.04900   0.11233   0.02784   2.00167   0.23687   1.08529  
  4 4804.0064   6255.362896  x:  0.05462   0.07314   0.11105   0.00450   0.04146   0.01437   0.03623   0.02515   0.00000   0.06423   0.10131   0.03828   0.01031   0.17237   0.07085   0.00946   0.01618   0.09879   0.12229   0.00518   0.01463   0.06272   0.04737   0.01144   0.09044   0.02607   0.03356   0.05386   0.00000   0.09628   0.05604   0.00422   0.07846   0.08353   0.04877   0.01294   0.12270   0.05876   0.00000   0.02682   0.07423   0.04324   0.04877   0.04084   0.07220   0.18829   0.00000   0.07752   0.04634   0.11428   0.03115   2.00277   0.23082   1.08525  
  5 3464500.9863   6237.528940  x:  0.05079   0.07120   0.11177   0.00000   0.04171   0.01240   0.03603   0.02162   0.00000   0.06271   0.10155   0.03631   0.01238   0.17081   0.07056   0.00504   0.01638   0.09975   0.12340   0.00508   0.01038   0.06199   0.04671   0.01172   0.09099   0.02291   0.03178   0.04958   0.00000   0.09601   0.05514   0.00567   0.07864   0.08185   0.04464   0.01081   0.12370   0.05809   0.00000   0.02254   0.07286   0.04329   0.04562   0.03701   0.07094   0.18922   0.00000   0.07584   0.04559   0.11538   0.03465   2.00301   0.23073   1.08486  
  6 5472.1420   6223.745697  x:  0.04689   0.06959   0.11202   0.00000   0.04184   0.01473   0.03600   0.01858   0.00000   0.06128   0.10124   0.03515   0.01307   0.16935   0.07003   0.00000   0.01758   0.10057   0.12440   0.00298   0.00504   0.06151   0.04579   0.01281   0.09123   0.02150   0.03174   0.04506   0.00000   0.09522   0.05442   0.00400   0.07781   0.08032   0.04043   0.01233   0.12452   0.05780   0.00000   0.01804   0.07177   0.04370   0.04293   0.03311   0.06996   0.19050   0.00000   0.07459   0.04508   0.11631   0.03631   2.00321   0.23158   1.08400  
  7 2835.8127   6216.815255  x:  0.04466   0.06901   0.11192   0.00000   0.04196   0.01502   0.03588   0.01706   0.00000   0.06071   0.10098   0.03484   0.01387   0.16877   0.06985   0.00000   0.01708   0.10063   0.12462   0.00000   0.00127   0.06085   0.04641   0.01312   0.09136   0.02134   0.03161   0.04228   0.00000   0.09491   0.05417   0.00460   0.07769   0.07974   0.03799   0.01304   0.12465   0.05758   0.00000   0.01533   0.07148   0.04360   0.04162   0.03090   0.06967   0.19122   0.00000   0.07417   0.04495   0.11651   0.03669   2.00330   0.23188   1.08334  
  8 3442.1466   6214.723356  x:  0.04394   0.06885   0.11190   0.00000   0.04200   0.01502   0.03585   0.01656   0.00000   0.06053   0.10094   0.03467   0.01419   0.16858   0.06979   0.00000   0.01706   0.10066   0.12469   0.00000   0.00000   0.06062   0.04665   0.01341   0.09141   0.02130   0.03154   0.04136   0.00000   0.09485   0.05410   0.00469   0.07769   0.07955   0.03718   0.01320   0.12468   0.05750   0.00000   0.01443   0.07139   0.04356   0.04120   0.03018   0.06959   0.19143   0.00000   0.07405   0.04491   0.11657   0.03682   2.00334   0.23194   1.08312  
  9 47201.9863   6188.904019  x:  0.03327   0.06777   0.11188   0.00000   0.04268   0.01320   0.03585   0.00884   0.00000   0.05831   0.10123   0.03451   0.01174   0.16695   0.06835   0.00000   0.01763   0.10133   0.12494   0.00000   0.00000   0.06086   0.04298   0.01657   0.09149   0.02116   0.03012   0.02576   0.00000   0.09462   0.05307   0.00707   0.07772   0.07757   0.02458   0.01346   0.12456   0.05677   0.00000   0.00000   0.07101   0.04326   0.03615   0.01967   0.06898   0.19333   0.00000   0.07286   0.04431   0.11686   0.04283   2.00394   0.22926   1.07973  
 10 3797.2524   6165.390413  x:  0.02358   0.06671   0.11377   0.00000   0.04161   0.01290   0.03540   0.00000   0.00000   0.05449   0.10376   0.03966   0.01286   0.16590   0.06825   0.00000   0.01456   0.10254   0.12538   0.00000   0.00000   0.06146   0.04370   0.01884   0.09049   0.01926   0.02879   0.00689   0.00000   0.09481   0.05222   0.00573   0.07675   0.07642   0.01114   0.01142   0.12558   0.05592   0.00000   0.00000   0.06976   0.04428   0.03301   0.01023   0.06794   0.19314   0.00000   0.07164   0.04278   0.11811   0.04819   2.00476   0.22391   1.07611  
 11 2985.0966   6158.396753  x:  0.02144   0.06554   0.11407   0.00000   0.04093   0.01227   0.03538   0.00000   0.00000   0.05219   0.10417   0.04166   0.01191   0.16547   0.06806   0.00000   0.01439   0.10285   0.12571   0.00000   0.00000   0.05987   0.04397   0.01971   0.09053   0.01821   0.02831   0.00000   0.00000   0.09432   0.05203   0.00564   0.07660   0.07599   0.00684   0.01053   0.12600   0.05510   0.00000   0.00000   0.06866   0.04437   0.03242   0.00765   0.06740   0.19348   0.00000   0.07122   0.04239   0.11852   0.04914   2.00506   0.22299   1.07473  
 12 5052.0128   6152.209663  x:  0.02088   0.06204   0.11432   0.00000   0.03846   0.01109   0.03516   0.00000   0.00000   0.04938   0.10410   0.04324   0.01136   0.16465   0.06759   0.00000   0.01258   0.10249   0.12568   0.00000   0.00000   0.05987   0.04341   0.02203   0.09078   0.01660   0.02813   0.00000   0.00000   0.09379   0.05185   0.00551   0.07638   0.07494   0.00000   0.00958   0.12661   0.05258   0.00000   0.00000   0.06548   0.04616   0.03266   0.00345   0.06627   0.19488   0.00000   0.07082   0.04221   0.11843   0.05016   2.00561   0.22130   1.07273  
 13 1990.4736   6149.631699  x:  0.02101   0.05948   0.11464   0.00000   0.03695   0.01055   0.03507   0.00000   0.00000   0.04741   0.10442   0.04490   0.01102   0.16400   0.06729   0.00000   0.01202   0.10240   0.12561   0.00000   0.00000   0.05977   0.04351   0.02314   0.09081   0.01574   0.02788   0.00000   0.00000   0.09357   0.05156   0.00554   0.07616   0.07415   0.00000   0.00900   0.12714   0.05069   0.00000   0.00000   0.06310   0.04736   0.03317   0.00000   0.06552   0.19583   0.00000   0.07069   0.04209   0.11830   0.05154   2.00602   0.21987   1.07137  
 14 5225.9836   6132.256762  x:  0.03071   0.02781   0.11565   0.00000   0.02267   0.00522   0.03365   0.00000   0.00000   0.02697   0.10550   0.06120   0.00423   0.15259   0.06114   0.00000   0.00798   0.10140   0.12462   0.00000   0.00000   0.06315   0.05231   0.03400   0.09079   0.00000   0.02366   0.00000   0.00000   0.09156   0.04439   0.00641   0.07090   0.05971   0.00000   0.00287   0.13132   0.02911   0.00000   0.00000   0.03311   0.05879   0.03295   0.00000   0.05390   0.21224   0.00000   0.06367   0.03869   0.11582   0.07010   2.01166   0.19767   1.05471  
 15 3317.4986   6132.256762  x:  0.03071   0.02781   0.11565   0.00000   0.02267   0.00522   0.03365   0.00000   0.00000   0.02697   0.10550   0.06120   0.00423   0.15259   0.06114   0.00000   0.00798   0.10140   0.12462   0.00000   0.00000   0.06315   0.05231   0.03400   0.09079   0.00000   0.02366   0.00000   0.00000   0.09156   0.04439   0.00641   0.07090   0.05971   0.00000   0.00287   0.13132   0.02911   0.00000   0.00000   0.03311   0.05879   0.03295   0.00000   0.05390   0.21224   0.00000   0.06367   0.03869   0.11582   0.07010   2.01166   0.19767   1.05471  
 16 5712.2710   6113.710654  x:  0.02514   0.02482   0.12075   0.00000   0.02082   0.00146   0.03430   0.00000   0.00000   0.02357   0.11073   0.05938   0.00252   0.15285   0.06012   0.00000   0.00674   0.10397   0.12686   0.00000   0.00000   0.06408   0.05301   0.02884   0.09187   0.02384   0.02199   0.00000   0.00000   0.09602   0.04340   0.00153   0.07427   0.05810   0.00000   0.00000   0.13480   0.02694   0.00000   0.00000   0.03070   0.05922   0.03053   0.00000   0.05159   0.21432   0.02110   0.06192   0.03780   0.11934   0.06657   2.01206   0.19874   1.05410  
 17 1927.1675   6104.732029  x:  0.02217   0.02297   0.12346   0.00000   0.01955   0.00303   0.03462   0.00000   0.00000   0.02148   0.11350   0.05862   0.00214   0.15301   0.05965   0.00000   0.00623   0.10532   0.12805   0.00000   0.00000   0.06455   0.05335   0.02614   0.09236   0.02336   0.02062   0.00000   0.00000   0.09829   0.04294   0.00000   0.07599   0.05730   0.00000   0.00191   0.13675   0.02574   0.00000   0.00000   0.02919   0.05962   0.02773   0.00000   0.04923   0.21574   0.02358   0.06076   0.03739   0.12117   0.06441   2.01227   0.19934   1.05376  
 18 1299.2106   6104.732029  x:  0.02217   0.02297   0.12346   0.00000   0.01955   0.00303   0.03462   0.00000   0.00000   0.02148   0.11350   0.05862   0.00214   0.15301   0.05965   0.00000   0.00623   0.10532   0.12805   0.00000   0.00000   0.06455   0.05335   0.02614   0.09236   0.02336   0.02062   0.00000   0.00000   0.09829   0.04294   0.00000   0.07599   0.05730   0.00000   0.00191   0.13675   0.02574   0.00000   0.00000   0.02919   0.05962   0.02773   0.00000   0.04923   0.21574   0.02358   0.06076   0.03739   0.12117   0.06441   2.01227   0.19934   1.05376  
 19 7091.7784   6085.790797  x:  0.01599   0.01911   0.12906   0.00000   0.01680   0.00137   0.03519   0.00000   0.00000   0.01709   0.11918   0.05722   0.00208   0.15337   0.05877   0.00000   0.00543   0.10812   0.13057   0.00000   0.00000   0.06549   0.05403   0.02061   0.09333   0.01628   0.01779   0.00000   0.00000   0.10287   0.04206   0.00075   0.07952   0.05579   0.00000   0.00000   0.14079   0.02278   0.00000   0.00000   0.02599   0.06056   0.02076   0.00000   0.04345   0.21896   0.02454   0.05822   0.03663   0.12493   0.05969   2.01275   0.20057   1.05303  
 20 940.6998   6056.216484  x:  0.00224   0.01086   0.14181   0.00000   0.01119   0.00641   0.03639   0.00000   0.00000   0.00762   0.13203   0.05407   0.00232   0.15421   0.05680   0.00000   0.00397   0.11452   0.13637   0.00000   0.00000   0.06762   0.05544   0.00806   0.09558   0.00000   0.01218   0.00000   0.00000   0.11314   0.04006   0.00027   0.08734   0.05225   0.00000   0.00644   0.15016   0.01703   0.00000   0.00000   0.01894   0.06270   0.00390   0.00000   0.02952   0.22657   0.02737   0.05242   0.03496   0.13351   0.04871   2.01390   0.20319   1.05133  
 21 11125.5835   6052.888414  x:  0.00036   0.00947   0.14458   0.00000   0.01021   0.00716   0.03663   0.00000   0.00000   0.00602   0.13481   0.05339   0.00246   0.15440   0.05639   0.00000   0.00376   0.11592   0.13765   0.00000   0.00000   0.06807   0.05572   0.00558   0.09610   0.00162   0.01146   0.00000   0.00000   0.11535   0.03964   0.00019   0.08901   0.05148   0.00000   0.00749   0.15221   0.01587   0.00000   0.00000   0.01755   0.06316   0.00000   0.00000   0.02636   0.22828   0.02807   0.05116   0.03463   0.13538   0.04630   2.01416   0.20373   1.05095  
 22 3194.2360   6047.184762  x:  0.00364   0.00749   0.15075   0.00000   0.00849   0.00834   0.03711   0.00000   0.00000   0.00359   0.14095   0.05187   0.00300   0.15481   0.05550   0.00000   0.00351   0.11904   0.14052   0.00000   0.00000   0.06910   0.05628   0.00082   0.09724   0.00301   0.01031   0.00000   0.00000   0.12020   0.03874   0.00014   0.09268   0.04978   0.00000   0.00934   0.15677   0.01350   0.00000   0.00000   0.01472   0.06415   0.00000   0.00000   0.01919   0.23215   0.02973   0.04838   0.03392   0.13953   0.04091   2.01477   0.20487   1.05009  
 23 4058.2623   6040.288136  x:  0.00561   0.00641   0.15660   0.00000   0.00729   0.00917   0.03754   0.00000   0.00000   0.00301   0.14678   0.05040   0.00429   0.15523   0.05472   0.00000   0.00390   0.12203   0.14330   0.00457   0.00000   0.07013   0.05669   0.00000   0.09834   0.00393   0.00976   0.00000   0.00000   0.12476   0.03791   0.00026   0.09611   0.04820   0.00000   0.01085   0.16113   0.01144   0.00000   0.00000   0.01233   0.06510   0.00000   0.00000   0.01224   0.23592   0.03142   0.04577   0.03331   0.14348   0.03579   2.01537   0.20592   1.04925  
 24 5126.8199   6040.288136  x:  0.00561   0.00641   0.15660   0.00000   0.00729   0.00917   0.03754   0.00000   0.00000   0.00301   0.14678   0.05040   0.00429   0.15523   0.05472   0.00000   0.00390   0.12203   0.14330   0.00457   0.00000   0.07013   0.05669   0.00000   0.09834   0.00393   0.00976   0.00000   0.00000   0.12476   0.03791   0.00026   0.09611   0.04820   0.00000   0.01085   0.16113   0.01144   0.00000   0.00000   0.01233   0.06510   0.00000   0.00000   0.01224   0.23592   0.03142   0.04577   0.03331   0.14348   0.03579   2.01537   0.20592   1.04925  
 25 2359.5547   6033.194988  x:  0.00975   0.01432   0.15932   0.00000   0.01106   0.00314   0.03740   0.00000   0.00000   0.01739   0.14946   0.05021   0.00453   0.15548   0.05452   0.00000   0.00502   0.12351   0.14484   0.00769   0.00000   0.07133   0.05548   0.00113   0.09894   0.00278   0.01425   0.00000   0.00000   0.12656   0.03786   0.00170   0.09732   0.04779   0.00000   0.00472   0.16342   0.01247   0.00000   0.00000   0.01478   0.06562   0.00000   0.00000   0.00929   0.23849   0.03281   0.04498   0.03363   0.14540   0.03381   2.01586   0.20625   1.04866  
 26 976.6376   6031.520253  x:  0.00931   0.01465   0.16067   0.00000   0.01149   0.00189   0.03735   0.00000   0.00000   0.01687   0.15078   0.05014   0.00428   0.15561   0.05442   0.00000   0.00503   0.12422   0.14559   0.00737   0.00000   0.07188   0.05497   0.00000   0.09924   0.00274   0.01499   0.00000   0.00000   0.12747   0.03783   0.00085   0.09787   0.04756   0.00000   0.00242   0.16455   0.01302   0.00000   0.00000   0.01543   0.06583   0.00000   0.00000   0.00876   0.23979   0.03333   0.04463   0.03379   0.14635   0.03293   2.01611   0.20651   1.04834  
 27 502.8009   6029.557518  x:  0.00861   0.01552   0.16400   0.00000   0.01233   0.00415   0.03726   0.00000   0.00000   0.01617   0.15401   0.04994   0.00417   0.15594   0.05421   0.00000   0.00519   0.12596   0.14745   0.00786   0.00000   0.07329   0.05360   0.00000   0.09999   0.00258   0.01640   0.00000   0.00000   0.12967   0.03776   0.00108   0.09928   0.04712   0.00000   0.00000   0.16735   0.01429   0.00000   0.00000   0.01660   0.06636   0.00000   0.00000   0.00801   0.24301   0.03450   0.04379   0.03417   0.14870   0.03089   2.01675   0.20713   1.04754  
 28 883.1402   6023.443380  x:  0.00515   0.01989   0.18164   0.00000   0.01622   0.00648   0.03677   0.00000   0.00000   0.01265   0.17112   0.04893   0.00344   0.15773   0.05313   0.00000   0.00569   0.13517   0.15729   0.00948   0.00000   0.08063   0.04656   0.00000   0.10394   0.00197   0.02334   0.00000   0.00000   0.14133   0.03741   0.00058   0.10666   0.04475   0.00000   0.00363   0.18230   0.02162   0.00000   0.00000   0.02235   0.06909   0.00000   0.00000   0.00478   0.26018   0.04054   0.03946   0.03618   0.16115   0.02041   2.02016   0.21052   1.04325  
 29 2034.0172   6019.945436  x:  0.00740   0.02087   0.19600   0.00000   0.01514   0.00480   0.03678   0.00000   0.00000   0.01126   0.18489   0.04846   0.00473   0.15944   0.05283   0.00000   0.00447   0.14253   0.16534   0.01026   0.00000   0.08594   0.04233   0.00000   0.10715   0.00321   0.02388   0.00000   0.00000   0.15061   0.03727   0.00460   0.11243   0.04385   0.00000   0.00354   0.19453   0.02184   0.00000   0.00000   0.02234   0.07103   0.00000   0.00000   0.01584   0.27482   0.04376   0.03721   0.03775   0.17122   0.01747   2.02328   0.21417   1.03924  
 30 939.3524   6016.226183  x:  0.00825   0.01866   0.20774   0.00000   0.01174   0.00514   0.03734   0.00000   0.00000   0.01375   0.19592   0.04852   0.00562   0.16118   0.05317   0.00000   0.00256   0.14842   0.17203   0.01020   0.00000   0.08928   0.04173   0.00000   0.10969   0.00000   0.01924   0.00000   0.00000   0.15787   0.03741   0.00259   0.11653   0.04399   0.00000   0.00375   0.20463   0.01728   0.00000   0.00000   0.01834   0.07215   0.00000   0.00000   0.01473   0.28780   0.04417   0.03742   0.03886   0.17937   0.02328   2.02638   0.21866   1.03512  
 31 630.8597   6014.001682  x:  0.00899   0.01666   0.21801   0.00000   0.00883   0.00559   0.03787   0.00000   0.00000   0.01625   0.20556   0.04863   0.00630   0.16273   0.05352   0.00000   0.00092   0.15358   0.17791   0.01017   0.00000   0.09210   0.04149   0.00000   0.11192   0.00218   0.01517   0.00000   0.00000   0.16419   0.03757   0.00062   0.12007   0.04420   0.00000   0.00397   0.21348   0.01307   0.00000   0.00000   0.01469   0.07309   0.00000   0.00000   0.01278   0.29928   0.04434   0.03777   0.03979   0.18649   0.02869   2.02917   0.22273   1.03141  
 32 5771.4105   6013.131822  x:  0.01018   0.01475   0.22184   0.00000   0.01157   0.00438   0.03842   0.00000   0.00000   0.01495   0.20898   0.04956   0.00514   0.16372   0.05415   0.00000   0.00124   0.15546   0.18033   0.00948   0.00000   0.09184   0.04442   0.00000   0.11254   0.00239   0.01398   0.00000   0.00000   0.16605   0.03791   0.00523   0.12078   0.04578   0.00000   0.00386   0.21695   0.01191   0.00000   0.00000   0.01420   0.07315   0.00000   0.00000   0.01023   0.30498   0.04232   0.03950   0.03941   0.18905   0.03119   2.03105   0.22581   1.02883  
 33 308.5628   6012.009823  x:  0.01360   0.01420   0.22561   0.00000   0.01188   0.00545   0.03954   0.00000   0.00000   0.01330   0.21192   0.05227   0.00436   0.16584   0.05618   0.00000   0.00217   0.15707   0.18320   0.01026   0.00000   0.08857   0.05237   0.00000   0.11269   0.00236   0.01658   0.00000   0.00000   0.16664   0.03894   0.00292   0.11969   0.04889   0.00000   0.00409   0.22081   0.01451   0.00000   0.00000   0.01655   0.07263   0.00000   0.00000   0.01127   0.31433   0.03639   0.04410   0.03733   0.19135   0.03360   2.03523   0.23267   1.02306  
 34 198.0930   6011.361286  x:  0.00883   0.01616   0.22639   0.00000   0.01070   0.00530   0.03974   0.00000   0.00000   0.01289   0.21187   0.05417   0.00587   0.16828   0.05799   0.00000   0.00000   0.15678   0.18441   0.01038   0.00000   0.08435   0.05553   0.00000   0.11220   0.00228   0.01612   0.00000   0.00000   0.16477   0.03967   0.00345   0.11718   0.05060   0.00000   0.00406   0.22239   0.01288   0.00000   0.00000   0.01520   0.07224   0.00000   0.00000   0.01169   0.32281   0.03511   0.04647   0.03518   0.19159   0.02959   2.04063   0.23970   1.01584  
 35 119.8317   6010.869514  x:  0.00935   0.01571   0.22567   0.00000   0.01146   0.00592   0.03949   0.00000   0.00000   0.01234   0.21037   0.05450   0.00308   0.17043   0.05829   0.00000   0.00171   0.15612   0.18501   0.00932   0.00000   0.08162   0.05431   0.00000   0.11169   0.00229   0.01364   0.00000   0.00000   0.16215   0.03982   0.00247   0.11479   0.05040   0.00000   0.00416   0.22265   0.01288   0.00000   0.00000   0.01455   0.07226   0.00000   0.00000   0.01230   0.33013   0.03799   0.04665   0.03498   0.19085   0.02813   2.04677   0.24451   1.00818  
 36 120.4554   6010.310171  x:  0.01106   0.01287   0.22399   0.00000   0.01054   0.00559   0.03926   0.00000   0.00000   0.01010   0.20772   0.05407   0.00547   0.17321   0.05859   0.00000   0.00142   0.15484   0.18523   0.00976   0.00000   0.07979   0.05116   0.00000   0.11118   0.00229   0.01476   0.00000   0.00000   0.15860   0.03974   0.00311   0.11226   0.04945   0.00000   0.00407   0.22236   0.01348   0.00000   0.00000   0.01549   0.07258   0.00000   0.00000   0.01127   0.33942   0.04165   0.04581   0.03618   0.18946   0.02965   2.05599   0.24860   0.99726  
 37 195.4579   6009.890780  x:  0.00914   0.01355   0.22204   0.00000   0.01141   0.00607   0.03971   0.00000   0.00000   0.00861   0.20530   0.05299   0.00401   0.17471   0.05763   0.00000   0.00048   0.15390   0.18488   0.00805   0.00000   0.08212   0.04986   0.00000   0.11138   0.00226   0.01710   0.00000   0.00000   0.15669   0.03948   0.00306   0.11218   0.04867   0.00000   0.00429   0.22150   0.01288   0.00000   0.00000   0.01507   0.07327   0.00000   0.00000   0.01221   0.34618   0.03975   0.04431   0.03803   0.18813   0.03255   2.06586   0.24689   0.98671  
 38 111.9104   6009.444302  x:  0.00769   0.01315   0.21979   0.00000   0.01079   0.00553   0.04010   0.00000   0.00000   0.00701   0.20281   0.05215   0.00424   0.17575   0.05673   0.00000   0.00185   0.15334   0.18438   0.00981   0.00000   0.08574   0.05016   0.00000   0.11193   0.00232   0.01445   0.00000   0.00000   0.15552   0.03936   0.00309   0.11329   0.04832   0.00000   0.00399   0.22027   0.01411   0.00000   0.00000   0.01552   0.07394   0.00000   0.00000   0.01228   0.35277   0.03628   0.04275   0.03905   0.18674   0.03254   2.07842   0.24183   0.97379  
 39 195.2703   6009.052320  x:  0.00929   0.01081   0.21804   0.00000   0.01045   0.00600   0.03997   0.00000   0.00000   0.00699   0.20110   0.05224   0.00502   0.17598   0.05647   0.00000   0.00062   0.15297   0.18370   0.00719   0.00000   0.08826   0.05160   0.00000   0.11242   0.00226   0.01346   0.00000   0.00000   0.15548   0.03931   0.00263   0.11480   0.04868   0.00000   0.00403   0.21913   0.01396   0.00000   0.00000   0.01554   0.07408   0.00000   0.00000   0.01181   0.35765   0.03483   0.04231   0.03847   0.18579   0.02961   2.09102   0.23548   0.96098  
 40 214.4029   6008.678280  x:  0.00987   0.01030   0.21679   0.00000   0.01024   0.00598   0.03939   0.00000   0.00000   0.00555   0.20018   0.05283   0.00488   0.17527   0.05678   0.00000   0.00184   0.15317   0.18311   0.00801   0.00000   0.08855   0.05352   0.00000   0.11268   0.00213   0.01492   0.00000   0.00000   0.15642   0.03944   0.00205   0.11631   0.04948   0.00000   0.00415   0.21806   0.01185   0.00000   0.00000   0.01393   0.07345   0.00000   0.00000   0.01162   0.36099   0.03706   0.04362   0.03680   0.18526   0.02869   2.10525   0.22805   0.94640  
 41 195.8033   6008.154487  x:  0.00733   0.00931   0.21558   0.00000   0.00953   0.00604   0.03864   0.00000   0.00000   0.00622   0.19961   0.05368   0.00429   0.17365   0.05751   0.00000   0.00158   0.15352   0.18223   0.00723   0.00000   0.08681   0.05530   0.00000   0.11269   0.00220   0.01477   0.00000   0.00000   0.15822   0.03951   0.00259   0.11789   0.05049   0.00000   0.00409   0.21673   0.01368   0.00000   0.00000   0.01484   0.07214   0.00000   0.00000   0.01240   0.36463   0.04102   0.04618   0.03480   0.18489   0.03046   2.12718   0.21813   0.92345  
 42 337.0920   6007.762927  x:  0.00778   0.01145   0.21504   0.00000   0.01016   0.00617   0.03843   0.00000   0.00000   0.00515   0.19954   0.05388   0.00478   0.17237   0.05794   0.00000   0.00000   0.15366   0.18161   0.00690   0.00000   0.08500   0.05530   0.00000   0.11249   0.00226   0.01336   0.00000   0.00000   0.15939   0.03944   0.00241   0.11842   0.05061   0.00000   0.00409   0.21595   0.01425   0.00000   0.00000   0.01540   0.07135   0.00000   0.00000   0.01232   0.36627   0.04216   0.04729   0.03425   0.18480   0.03151   2.14252   0.21263   0.90700  
 43 479.8657   6007.762927  x:  0.00778   0.01145   0.21504   0.00000   0.01016   0.00617   0.03843   0.00000   0.00000   0.00515   0.19954   0.05388   0.00478   0.17237   0.05794   0.00000   0.00000   0.15366   0.18161   0.00690   0.00000   0.08500   0.05530   0.00000   0.11249   0.00226   0.01336   0.00000   0.00000   0.15939   0.03944   0.00241   0.11842   0.05061   0.00000   0.00409   0.21595   0.01425   0.00000   0.00000   0.01540   0.07135   0.00000   0.00000   0.01232   0.36627   0.04216   0.04729   0.03425   0.18480   0.03151   2.14252   0.21263   0.90700  
 44 546.1100   6006.101876  x:  0.00823   0.01251   0.21529   0.00000   0.01068   0.00290   0.03849   0.00000   0.00000   0.00881   0.19982   0.05370   0.00421   0.17227   0.05774   0.00000   0.00060   0.15379   0.18173   0.00729   0.00000   0.08499   0.05481   0.00000   0.11247   0.00370   0.01471   0.00000   0.00000   0.15950   0.03939   0.00000   0.11831   0.05019   0.00000   0.00158   0.21610   0.01424   0.00000   0.00000   0.01585   0.07148   0.00000   0.00000   0.01041   0.36598   0.04181   0.04686   0.03456   0.18497   0.03087   2.14275   0.21297   0.90661  
 45 428.6464   6005.840269  x:  0.00831   0.01330   0.21566   0.00000   0.01114   0.00200   0.03858   0.00000   0.00000   0.00863   0.20024   0.05346   0.00372   0.17214   0.05751   0.00000   0.00101   0.15394   0.18187   0.00753   0.00000   0.08499   0.05410   0.00000   0.11243   0.00250   0.01562   0.00000   0.00000   0.15967   0.03931   0.00075   0.11824   0.04985   0.00000   0.00155   0.21634   0.01473   0.00000   0.00000   0.01631   0.07166   0.00000   0.00000   0.00861   0.36555   0.04135   0.04626   0.03499   0.18522   0.03003   2.14311   0.21344   0.90603  
 46 158.0717   6005.690665  x:  0.00830   0.01397   0.21612   0.00000   0.01149   0.00299   0.03867   0.00000   0.00000   0.00846   0.20075   0.05320   0.00337   0.17199   0.05726   0.00000   0.00131   0.15412   0.18204   0.00771   0.00000   0.08500   0.05330   0.00000   0.11239   0.00238   0.01651   0.00000   0.00000   0.15987   0.03923   0.00046   0.11814   0.04941   0.00000   0.00150   0.21663   0.01514   0.00000   0.00000   0.01671   0.07187   0.00000   0.00000   0.00730   0.36502   0.04084   0.04556   0.03547   0.18552   0.02913   2.14356   0.21399   0.90532  
 47 210.9538   6005.510867  x:  0.00798   0.01450   0.21721   0.00000   0.01154   0.00258   0.03886   0.00000   0.00000   0.00745   0.20197   0.05268   0.00337   0.17165   0.05681   0.00000   0.00136   0.15449   0.18241   0.00777   0.00000   0.08501   0.05159   0.00000   0.11231   0.00343   0.01754   0.00000   0.00000   0.16035   0.03905   0.00030   0.11791   0.04851   0.00000   0.00200   0.21734   0.01569   0.00000   0.00000   0.01711   0.07234   0.00000   0.00000   0.00780   0.36374   0.03986   0.04407   0.03650   0.18624   0.02745   2.14465   0.21521   0.90358  
 48 133.3346   6005.334553  x:  0.00772   0.01453   0.21857   0.00000   0.01130   0.00282   0.03905   0.00000   0.00000   0.00768   0.20348   0.05216   0.00376   0.17125   0.05636   0.00000   0.00113   0.15493   0.18286   0.00766   0.00000   0.08505   0.04980   0.00000   0.11223   0.00280   0.01775   0.00000   0.00000   0.16095   0.03888   0.00057   0.11765   0.04760   0.00000   0.00106   0.21822   0.01569   0.00000   0.00000   0.01718   0.07288   0.00000   0.00000   0.00900   0.36214   0.03897   0.04247   0.03758   0.18712   0.02604   2.14607   0.21661   0.90138  
 49 196.4209   6005.235006  x:  0.00778   0.01419   0.21968   0.00000   0.01112   0.00286   0.03915   0.00000   0.00000   0.00856   0.20470   0.05187   0.00408   0.17095   0.05610   0.00000   0.00094   0.15529   0.18322   0.00751   0.00000   0.08509   0.04880   0.00000   0.11218   0.00233   0.01727   0.00000   0.00000   0.16143   0.03880   0.00038   0.11746   0.04709   0.00000   0.00197   0.21896   0.01559   0.00000   0.00000   0.01698   0.07324   0.00000   0.00000   0.00915   0.36080   0.03862   0.04154   0.03824   0.18783   0.02573   2.14731   0.21757   0.89951  
 50 173.5043   6005.076104  x:  0.00817   0.01328   0.22186   0.00000   0.01108   0.00291   0.03924   0.00000   0.00000   0.00882   0.20707   0.05152   0.00438   0.17039   0.05577   0.00000   0.00077   0.15601   0.18397   0.00731   0.00000   0.08520   0.04773   0.00000   0.11216   0.00322   0.01586   0.00000   0.00000   0.16238   0.03877   0.00126   0.11717   0.04662   0.00000   0.00192   0.22039   0.01496   0.00000   0.00000   0.01641   0.07379   0.00000   0.00000   0.00812   0.35811   0.03860   0.04042   0.03908   0.18919   0.02644   2.14990   0.21909   0.89568  
 51 173.2838   6004.934727  x:  0.00846   0.01285   0.22385   0.00000   0.01120   0.00261   0.03926   0.00000   0.00000   0.00787   0.20921   0.05139   0.00435   0.16993   0.05559   0.00000   0.00086   0.15669   0.18467   0.00734   0.00000   0.08532   0.04744   0.00000   0.11218   0.00292   0.01496   0.00000   0.00000   0.16323   0.03882   0.00030   0.11692   0.04644   0.00000   0.00159   0.22171   0.01459   0.00000   0.00000   0.01613   0.07418   0.00000   0.00000   0.00769   0.35560   0.03895   0.03996   0.03952   0.19041   0.02757   2.15244   0.22018   0.89199  
 52 233.5214   6004.574695  x:  0.00893   0.01416   0.22978   0.00000   0.01183   0.00289   0.03919   0.00000   0.00000   0.00819   0.21551   0.05170   0.00337   0.16874   0.05559   0.00000   0.00177   0.15878   0.18686   0.00819   0.00000   0.08575   0.04897   0.00000   0.11240   0.00282   0.01631   0.00000   0.00000   0.16571   0.03922   0.00070   0.11652   0.04729   0.00000   0.00177   0.22570   0.01505   0.00000   0.00000   0.01671   0.07492   0.00000   0.00000   0.00910   0.34783   0.04089   0.04061   0.03957   0.19402   0.03118   2.16095   0.22212   0.88002  
 53 199.0813   6004.344343  x:  0.00723   0.01422   0.23329   0.00000   0.01103   0.00282   0.03921   0.00000   0.00000   0.00823   0.21914   0.05247   0.00480   0.16840   0.05627   0.00000   0.00029   0.15986   0.18811   0.00733   0.00000   0.08610   0.05084   0.00000   0.11272   0.00276   0.01748   0.00000   0.00000   0.16710   0.03950   0.00059   0.11661   0.04835   0.00000   0.00162   0.22811   0.01572   0.00000   0.00000   0.01718   0.07500   0.00000   0.00000   0.00844   0.34296   0.04158   0.04209   0.03874   0.19611   0.03111   2.16721   0.22225   0.87142  
 54 196.3950   6004.137640  x:  0.00824   0.01411   0.23504   0.00000   0.01113   0.00282   0.03932   0.00000   0.00000   0.00818   0.22082   0.05308   0.00446   0.16858   0.05684   0.00000   0.00000   0.16043   0.18885   0.00728   0.00000   0.08634   0.05206   0.00000   0.11308   0.00280   0.01701   0.00000   0.00000   0.16768   0.03964   0.00054   0.11702   0.04905   0.00000   0.00162   0.22938   0.01566   0.00000   0.00000   0.01697   0.07472   0.00000   0.00000   0.00845   0.34023   0.04122   0.04339   0.03776   0.19709   0.02901   2.17194   0.22119   0.86510  
 55 145.8622   6004.006528  x:  0.00672   0.01346   0.23597   0.00000   0.01141   0.00281   0.03941   0.00000   0.00000   0.00833   0.22156   0.05339   0.00366   0.16913   0.05719   0.00000   0.00077   0.16079   0.18941   0.00854   0.00000   0.08646   0.05229   0.00000   0.11346   0.00285   0.01640   0.00000   0.00000   0.16781   0.03964   0.00053   0.11764   0.04921   0.00000   0.00170   0.23014   0.01519   0.00000   0.00000   0.01674   0.07433   0.00000   0.00000   0.00845   0.33827   0.04067   0.04411   0.03717   0.19753   0.02790   2.17719   0.21916   0.85821  
 56 147.2333   6002.993070  x:  0.00644   0.01501   0.23739   0.00000   0.01098   0.00280   0.03952   0.00000   0.00000   0.00825   0.22124   0.05373   0.00317   0.17379   0.05829   0.00000   0.00000   0.16103   0.19101   0.00786   0.00000   0.08665   0.04856   0.00000   0.11526   0.00283   0.01622   0.00000   0.00000   0.16650   0.03877   0.00050   0.12155   0.04748   0.00000   0.00179   0.23195   0.01407   0.00000   0.00000   0.01716   0.07202   0.00000   0.00000   0.00842   0.33090   0.03806   0.04446   0.03665   0.19740   0.02967   2.20979   0.20389   0.81567  
 57 176.5353   6002.270471  x:  0.00814   0.01162   0.23709   0.00000   0.01234   0.00277   0.03897   0.00000   0.00000   0.00827   0.21925   0.05270   0.00533   0.17746   0.05793   0.00000   0.00000   0.16063   0.19168   0.01022   0.00000   0.08614   0.04747   0.00000   0.11584   0.00271   0.01770   0.00000   0.00000   0.16461   0.03862   0.00043   0.12358   0.04666   0.00000   0.00124   0.23232   0.01809   0.00000   0.00000   0.01607   0.07131   0.00000   0.00000   0.00840   0.32514   0.03899   0.04283   0.03723   0.19622   0.03014   2.24579   0.19059   0.76774  
 58 569.5239   6000.982348  x:  0.00724   0.01009   0.23425   0.00000   0.01131   0.00272   0.03782   0.00000   0.00000   0.00854   0.21429   0.05006   0.00149   0.18059   0.05479   0.00000   0.00000   0.15920   0.19123   0.00683   0.00000   0.08469   0.04987   0.00000   0.11483   0.00267   0.01754   0.00000   0.00000   0.16138   0.03910   0.00035   0.12344   0.04725   0.00000   0.00092   0.23093   0.02008   0.00000   0.00000   0.01540   0.07254   0.00000   0.00000   0.00846   0.31915   0.04356   0.03901   0.03899   0.19316   0.02842   2.30432   0.17541   0.68821  
 59 749.2279   5999.739269  x:  0.00694   0.01431   0.23028   0.00000   0.01054   0.00275   0.03715   0.00000   0.00000   0.00830   0.20854   0.04796   0.00451   0.18239   0.05232   0.00000   0.00000   0.15744   0.19001   0.00859   0.00000   0.08307   0.05324   0.00000   0.11298   0.00288   0.01542   0.00000   0.00000   0.15817   0.03975   0.00036   0.12164   0.04839   0.00000   0.00131   0.22857   0.01744   0.00000   0.00000   0.01608   0.07452   0.00000   0.00000   0.00818   0.31462   0.04745   0.03602   0.04070   0.18957   0.02613   2.36747   0.16197   0.60176  
 60 1617.9338   5999.102166  x:  0.00727   0.01221   0.22774   0.00000   0.01330   0.00274   0.03847   0.00000   0.00000   0.00819   0.20621   0.04963   0.00523   0.18037   0.05305   0.00000   0.00000   0.15666   0.18860   0.00750   0.00000   0.08301   0.05297   0.00000   0.11148   0.00264   0.01778   0.00000   0.00000   0.15781   0.03954   0.00044   0.11881   0.04853   0.00000   0.00177   0.22655   0.01409   0.00000   0.00000   0.01703   0.07564   0.00000   0.00000   0.00841   0.31552   0.04513   0.03839   0.04098   0.18807   0.02673   2.39930   0.15781   0.55794  
 61 508.2067   5998.666361  x:  0.00764   0.01217   0.22606   0.00000   0.01039   0.00275   0.03963   0.00000   0.00000   0.00821   0.20559   0.05160   0.00428   0.17693   0.05449   0.00000   0.00000   0.15654   0.18735   0.00854   0.00000   0.08365   0.05176   0.00000   0.11047   0.00268   0.01748   0.00000   0.00000   0.15877   0.03940   0.00051   0.11598   0.04834   0.00000   0.00150   0.22485   0.01619   0.00000   0.00000   0.01633   0.07633   0.00000   0.00000   0.00822   0.31856   0.04184   0.04106   0.04049   0.18767   0.02803   2.42120   0.15510   0.52823  
 62 416.4269   5998.495065  x:  0.00688   0.01326   0.22586   0.00000   0.01236   0.00274   0.03930   0.00000   0.00000   0.00839   0.20672   0.05215   0.00427   0.17398   0.05528   0.00000   0.00000   0.15695   0.18677   0.00795   0.00000   0.08449   0.05115   0.00000   0.11039   0.00281   0.01598   0.00000   0.00000   0.16043   0.03958   0.00053   0.11463   0.04826   0.00000   0.00130   0.22425   0.01787   0.00000   0.00000   0.01604   0.07649   0.00000   0.00000   0.00844   0.32202   0.04140   0.04100   0.03975   0.18842   0.02819   2.43097   0.15212   0.51612  
 63 165.3775   5998.211941  x:  0.00726   0.01258   0.22644   0.00000   0.01159   0.00273   0.03798   0.00000   0.00000   0.00829   0.21043   0.05173   0.00391   0.16774   0.05586   0.00000   0.00000   0.15832   0.18601   0.00870   0.00000   0.08616   0.05069   0.00000   0.11089   0.00274   0.01663   0.00000   0.00000   0.16450   0.04002   0.00055   0.11293   0.04814   0.00000   0.00144   0.22361   0.01653   0.00000   0.00000   0.01720   0.07636   0.00000   0.00000   0.00829   0.33057   0.04266   0.03919   0.03857   0.19092   0.02768   2.44750   0.14482   0.49747  
 64 171.9015   5998.160194  x:  0.00720   0.01286   0.22686   0.00000   0.01150   0.00273   0.03843   0.00000   0.00000   0.00821   0.21151   0.05129   0.00424   0.16698   0.05526   0.00000   0.00000   0.15860   0.18604   0.00843   0.00000   0.08591   0.05103   0.00000   0.11120   0.00269   0.01721   0.00000   0.00000   0.16511   0.03961   0.00054   0.11351   0.04811   0.00000   0.00148   0.22369   0.01620   0.00000   0.00000   0.01557   0.07591   0.00000   0.00000   0.00825   0.33312   0.04285   0.03950   0.03920   0.19162   0.02755   2.45075   0.14394   0.49463  
 65 56.8334   5998.104800  x:  0.00725   0.01263   0.22769   0.00000   0.01141   0.00274   0.03928   0.00000   0.00000   0.00827   0.21305   0.05068   0.00476   0.16695   0.05407   0.00000   0.00000   0.15886   0.18633   0.00799   0.00000   0.08500   0.05168   0.00000   0.11178   0.00273   0.01676   0.00000   0.00000   0.16540   0.03898   0.00051   0.11526   0.04810   0.00000   0.00144   0.22405   0.01661   0.00000   0.00000   0.01657   0.07505   0.00000   0.00000   0.00829   0.33706   0.04283   0.04032   0.04034   0.19256   0.02749   2.45494   0.14387   0.49194  
 66 50.0038   5998.052612  x:  0.00725   0.01269   0.22903   0.00000   0.01152   0.00275   0.03836   0.00000   0.00000   0.00827   0.21452   0.05111   0.00451   0.16899   0.05424   0.00000   0.00000   0.15891   0.18710   0.00821   0.00000   0.08405   0.05170   0.00000   0.11247   0.00272   0.01692   0.00000   0.00000   0.16469   0.04006   0.00045   0.11793   0.04835   0.00000   0.00145   0.22497   0.01657   0.00000   0.00000   0.01645   0.07481   0.00000   0.00000   0.00831   0.34203   0.04260   0.03978   0.03949   0.19337   0.02774   2.46086   0.14559   0.48950  
 67 28.9453   5998.022920  x:  0.00726   0.01277   0.23012   0.00000   0.01157   0.00275   0.03942   0.00000   0.00000   0.00826   0.21504   0.05161   0.00419   0.17123   0.05544   0.00000   0.00000   0.15908   0.18799   0.00842   0.00000   0.08502   0.05156   0.00000   0.11252   0.00272   0.01689   0.00000   0.00000   0.16406   0.03965   0.00044   0.11804   0.04859   0.00000   0.00145   0.22602   0.01654   0.00000   0.00000   0.01649   0.07641   0.00000   0.00000   0.00831   0.34501   0.04344   0.03974   0.04005   0.19370   0.02761   2.46586   0.14609   0.48937  
 68 20.2755   5998.002129  x:  0.00728   0.01271   0.23082   0.00000   0.01146   0.00275   0.03833   0.00000   0.00000   0.00826   0.21486   0.05128   0.00448   0.17274   0.05511   0.00000   0.00000   0.15944   0.18875   0.00811   0.00000   0.08608   0.05184   0.00000   0.11234   0.00273   0.01690   0.00000   0.00000   0.16403   0.03977   0.00048   0.11669   0.04848   0.00000   0.00144   0.22696   0.01659   0.00000   0.00000   0.01648   0.07684   0.00000   0.00000   0.00831   0.34658   0.04296   0.04018   0.04028   0.19370   0.02763   2.47072   0.14652   0.49102  
 69 15.5789   5997.969495  x:  0.00725   0.01274   0.23135   0.00000   0.01155   0.00275   0.03958   0.00000   0.00000   0.00826   0.21395   0.05092   0.00441   0.17362   0.05415   0.00000   0.00000   0.15989   0.18943   0.00827   0.00000   0.08601   0.05199   0.00000   0.11215   0.00272   0.01693   0.00000   0.00000   0.16460   0.03999   0.00052   0.11476   0.04836   0.00000   0.00143   0.22807   0.01657   0.00000   0.00000   0.01649   0.07555   0.00000   0.00000   0.00832   0.34768   0.04267   0.03978   0.03920   0.19338   0.02782   2.48100   0.14745   0.49463  
 70 21.3638   5997.888492  x:  0.00723   0.01286   0.23127   0.00000   0.01160   0.00274   0.03846   0.00000   0.00000   0.00826   0.21176   0.05192   0.00404   0.17227   0.05526   0.00000   0.00000   0.16032   0.18966   0.00858   0.00000   0.08370   0.05116   0.00000   0.11197   0.00272   0.01686   0.00000   0.00000   0.16605   0.03911   0.00052   0.11377   0.04847   0.00000   0.00143   0.22914   0.01647   0.00000   0.00000   0.01648   0.07390   0.00000   0.00000   0.00830   0.34834   0.04375   0.04030   0.04047   0.19259   0.02744   2.50887   0.15019   0.50580  
 71 42.8543   5997.788979  x:  0.00727   0.01276   0.23011   0.00000   0.01138   0.00275   0.03916   0.00000   0.00000   0.00825   0.21056   0.05143   0.00456   0.16894   0.05586   0.00000   0.00000   0.15993   0.18857   0.00798   0.00000   0.08382   0.05196   0.00000   0.11195   0.00272   0.01688   0.00000   0.00000   0.16666   0.04046   0.00045   0.11597   0.04856   0.00000   0.00141   0.22844   0.01656   0.00000   0.00000   0.01646   0.07632   0.00000   0.00000   0.00830   0.34807   0.04260   0.03968   0.04012   0.19205   0.02770   2.54369   0.15336   0.52151  
 72 82.5969   5997.759555  x:  0.00724   0.01284   0.22938   0.00000   0.01155   0.00274   0.03880   0.00000   0.00000   0.00826   0.21131   0.05110   0.00428   0.16825   0.05473   0.00000   0.00000   0.15932   0.18773   0.00845   0.00000   0.08516   0.05176   0.00000   0.11195   0.00272   0.01687   0.00000   0.00000   0.16585   0.03924   0.00043   0.11672   0.04839   0.00000   0.00142   0.22719   0.01646   0.00000   0.00000   0.01645   0.07662   0.00000   0.00000   0.00830   0.34769   0.04261   0.04020   0.03953   0.19225   0.02777   2.55450   0.15450   0.52557  
 73 49.7030   5997.747039  x:  0.00725   0.01283   0.22877   0.00000   0.01148   0.00274   0.03893   0.00000   0.00000   0.00825   0.21282   0.05157   0.00437   0.16847   0.05465   0.00000   0.00000   0.15886   0.18708   0.00835   0.00000   0.08570   0.05143   0.00000   0.11183   0.00272   0.01686   0.00000   0.00000   0.16476   0.03989   0.00044   0.11622   0.04847   0.00000   0.00143   0.22566   0.01646   0.00000   0.00000   0.01644   0.07582   0.00000   0.00000   0.00829   0.34745   0.04300   0.04024   0.03977   0.19274   0.02762   2.55892   0.15493   0.52773  
 74 17.3923   5997.743702  x:  0.00725   0.01282   0.22856   0.00000   0.01148   0.00274   0.03887   0.00000   0.00000   0.00825   0.21352   0.05138   0.00434   0.16872   0.05501   0.00000   0.00000   0.15876   0.18690   0.00833   0.00000   0.08529   0.05173   0.00000   0.11176   0.00272   0.01687   0.00000   0.00000   0.16441   0.03957   0.00044   0.11582   0.04848   0.00000   0.00143   0.22500   0.01646   0.00000   0.00000   0.01644   0.07577   0.00000   0.00000   0.00829   0.34737   0.04271   0.03999   0.03974   0.19295   0.02770   2.56011   0.15494   0.52829  
 75  8.3904   5997.743220  x:  0.00725   0.01283   0.22852   0.00000   0.01149   0.00274   0.03888   0.00000   0.00000   0.00825   0.21367   0.05132   0.00431   0.16883   0.05493   0.00000   0.00000   0.15878   0.18691   0.00836   0.00000   0.08505   0.05167   0.00000   0.11174   0.00272   0.01686   0.00000   0.00000   0.16444   0.03967   0.00045   0.11572   0.04841   0.00000   0.00143   0.22484   0.01645   0.00000   0.00000   0.01644   0.07595   0.00000   0.00000   0.00829   0.34734   0.04271   0.04013   0.03972   0.19296   0.02769   2.56029   0.15486   0.52834  
 76  2.1858   5997.742980  x:  0.00725   0.01282   0.22849   0.00000   0.01148   0.00274   0.03887   0.00000   0.00000   0.00825   0.21372   0.05143   0.00435   0.16891   0.05487   0.00000   0.00000   0.15885   0.18698   0.00833   0.00000   0.08500   0.05162   0.00000   0.11173   0.00272   0.01687   0.00000   0.00000   0.16457   0.03959   0.00045   0.11573   0.04843   0.00000   0.00143   0.22470   0.01646   0.00000   0.00000   0.01644   0.07602   0.00000   0.00000   0.00829   0.34734   0.04276   0.04011   0.03962   0.19292   0.02768   2.56030   0.15487   0.52840  
 77  0.7238   5997.741892  x:  0.00725   0.01283   0.22837   0.00000   0.01149   0.00274   0.03889   0.00000   0.00000   0.00826   0.21382   0.05138   0.00431   0.16920   0.05493   0.00000   0.00000   0.15910   0.18727   0.00836   0.00000   0.08518   0.05169   0.00000   0.11173   0.00272   0.01687   0.00000   0.00000   0.16514   0.03965   0.00044   0.11590   0.04849   0.00000   0.00144   0.22417   0.01644   0.00000   0.00000   0.01644   0.07593   0.00000   0.00000   0.00829   0.34729   0.04269   0.04009   0.03977   0.19265   0.02770   2.56042   0.15495   0.52835  
 78  0.9323   5997.736192  x:  0.00727   0.01286   0.22841   0.00000   0.01145   0.00274   0.03892   0.00000   0.00000   0.00826   0.21374   0.05088   0.00437   0.16919   0.05545   0.00000   0.00000   0.15914   0.18768   0.00820   0.00000   0.08531   0.05157   0.00000   0.11205   0.00272   0.01687   0.00000   0.00000   0.16516   0.03962   0.00048   0.11599   0.04781   0.00000   0.00144   0.22380   0.01643   0.00000   0.00000   0.01646   0.07570   0.00000   0.00000   0.00829   0.34733   0.04304   0.04042   0.03932   0.19245   0.02761   2.56049   0.15516   0.52841  
 79  0.5081   5997.637739  x:  0.00757   0.01341   0.22998   0.00000   0.01136   0.00271   0.03900   0.00000   0.00000   0.00832   0.21246   0.05195   0.00406   0.16816   0.05571   0.00000   0.00000   0.15845   0.19189   0.00804   0.00000   0.08528   0.05104   0.00000   0.11574   0.00272   0.01678   0.00000   0.00000   0.16235   0.03945   0.00040   0.11630   0.04876   0.00000   0.00149   0.22190   0.01587   0.00000   0.00000   0.01656   0.07486   0.00000   0.00000   0.00834   0.34782   0.04125   0.04144   0.03857   0.19149   0.02790   2.56302   0.15329   0.52836  
 80  2.7290   5997.553870  x:  0.00783   0.01388   0.22951   0.00000   0.01125   0.00269   0.03904   0.00000   0.00000   0.00837   0.21216   0.05322   0.00364   0.16996   0.05633   0.00000   0.00000   0.15825   0.18940   0.00796   0.00000   0.08546   0.05132   0.00000   0.11174   0.00276   0.01666   0.00000   0.00000   0.16294   0.03929   0.00043   0.11821   0.04733   0.00000   0.00151   0.22332   0.01541   0.00000   0.00000   0.01664   0.07355   0.00000   0.00000   0.00837   0.34825   0.04009   0.04236   0.03768   0.19216   0.02805   2.56503   0.15147   0.52847  
 81  9.1708   5997.538445  x:  0.00788   0.01394   0.22887   0.00000   0.01121   0.00268   0.03907   0.00000   0.00000   0.00838   0.21223   0.05241   0.00365   0.17073   0.05673   0.00000   0.00000   0.15828   0.18795   0.00784   0.00000   0.08551   0.05049   0.00000   0.11193   0.00276   0.01667   0.00000   0.00000   0.16354   0.03921   0.00035   0.11839   0.04861   0.00000   0.00151   0.22403   0.01537   0.00000   0.00000   0.01666   0.07333   0.00000   0.00000   0.00838   0.34830   0.04000   0.04277   0.03725   0.19237   0.02806   2.56530   0.15143   0.52857  
 82 11.4828   5997.532857  x:  0.00791   0.01397   0.22813   0.00000   0.01121   0.00268   0.03909   0.00000   0.00000   0.00838   0.21237   0.05272   0.00359   0.17128   0.05671   0.00000   0.00000   0.15836   0.18686   0.00786   0.00000   0.08557   0.05070   0.00000   0.11326   0.00276   0.01667   0.00000   0.00000   0.16406   0.03922   0.00038   0.11826   0.04827   0.00000   0.00151   0.22461   0.01534   0.00000   0.00000   0.01667   0.07340   0.00000   0.00000   0.00839   0.34826   0.03994   0.04276   0.03732   0.19246   0.02808   2.56544   0.15150   0.52854  
 83  6.2475   5997.532742  x:  0.00791   0.01397   0.22784   0.00000   0.01121   0.00268   0.03909   0.00000   0.00000   0.00838   0.21249   0.05272   0.00360   0.17125   0.05671   0.00000   0.00000   0.15842   0.18701   0.00786   0.00000   0.08557   0.05069   0.00000   0.11324   0.00276   0.01667   0.00000   0.00000   0.16402   0.03922   0.00038   0.11827   0.04827   0.00000   0.00151   0.22477   0.01534   0.00000   0.00000   0.01667   0.07340   0.00000   0.00000   0.00839   0.34825   0.03994   0.04276   0.03732   0.19243   0.02808   2.56545   0.15150   0.52853  
 84  0.5727   5997.532737  x:  0.00791   0.01397   0.22783   0.00000   0.01121   0.00268   0.03909   0.00000   0.00000   0.00838   0.21249   0.05272   0.00360   0.17125   0.05671   0.00000   0.00000   0.15836   0.18703   0.00786   0.00000   0.08557   0.05069   0.00000   0.11324   0.00276   0.01667   0.00000   0.00000   0.16404   0.03922   0.00038   0.11827   0.04827   0.00000   0.00151   0.22478   0.01534   0.00000   0.00000   0.01667   0.07340   0.00000   0.00000   0.00839   0.34825   0.03994   0.04276   0.03732   0.19244   0.02808   2.56545   0.15150   0.52853  
 85  0.0359   5997.531694  x:  0.00796   0.01402   0.22781   0.00000   0.01124   0.00266   0.03914   0.00000   0.00000   0.00838   0.21235   0.05275   0.00359   0.17120   0.05676   0.00000   0.00000   0.15859   0.18718   0.00781   0.00000   0.08563   0.05065   0.00000   0.11320   0.00275   0.01665   0.00000   0.00000   0.16419   0.03919   0.00039   0.11820   0.04825   0.00000   0.00150   0.22475   0.01525   0.00000   0.00000   0.01669   0.07352   0.00000   0.00000   0.00839   0.34821   0.04000   0.04285   0.03747   0.19315   0.02806   2.56661   0.15163   0.52815  
 86  0.0110   5997.530992  x:  0.00798   0.01405   0.22807   0.00000   0.01125   0.00265   0.03917   0.00000   0.00000   0.00839   0.21273   0.05277   0.00359   0.17107   0.05678   0.00000   0.00000   0.15852   0.18707   0.00777   0.00000   0.08565   0.05062   0.00000   0.11315   0.00275   0.01663   0.00000   0.00000   0.16426   0.03916   0.00039   0.11812   0.04823   0.00000   0.00149   0.22492   0.01519   0.00000   0.00000   0.01669   0.07359   0.00000   0.00000   0.00840   0.34821   0.04005   0.04291   0.03757   0.19257   0.02803   2.56738   0.15167   0.52791  
 87  1.0377   5997.530974  x:  0.00799   0.01406   0.22807   0.00000   0.01127   0.00264   0.03917   0.00000   0.00000   0.00839   0.21273   0.05278   0.00359   0.17107   0.05679   0.00000   0.00000   0.15852   0.18708   0.00778   0.00000   0.08565   0.05062   0.00000   0.11316   0.00275   0.01663   0.00000   0.00000   0.16426   0.03916   0.00039   0.11812   0.04823   0.00000   0.00148   0.22493   0.01521   0.00000   0.00000   0.01669   0.07358   0.00000   0.00000   0.00840   0.34823   0.04005   0.04293   0.03756   0.19257   0.02804   2.56753   0.15165   0.52787  
 88  0.0002   5997.530974  x:  0.00799   0.01406   0.22807   0.00000   0.01127   0.00264   0.03917   0.00000   0.00000   0.00839   0.21273   0.05278   0.00359   0.17107   0.05679   0.00000   0.00000   0.15852   0.18708   0.00778   0.00000   0.08565   0.05062   0.00000   0.11316   0.00275   0.01663   0.00000   0.00000   0.16426   0.03916   0.00039   0.11812   0.04823   0.00000   0.00148   0.22493   0.01521   0.00000   0.00000   0.01669   0.07358   0.00000   0.00000   0.00840   0.34823   0.04005   0.04294   0.03755   0.19257   0.02804   2.56753   0.15165   0.52787  
 89  0.0000   5997.530974  x:  0.00799   0.01406   0.22807   0.00000   0.01127   0.00264   0.03917   0.00000   0.00000   0.00839   0.21273   0.05278   0.00359   0.17107   0.05679   0.00000   0.00000   0.15852   0.18708   0.00778   0.00000   0.08565   0.05062   0.00000   0.11316   0.00275   0.01663   0.00000   0.00000   0.16426   0.03916   0.00039   0.11812   0.04823   0.00000   0.00148   0.22493   0.01521   0.00000   0.00000   0.01669   0.07358   0.00000   0.00000   0.00840   0.34823   0.04005   0.04294   0.03755   0.19257   0.02804   2.56753   0.15165   0.52787  

Model 8: beta&w>1

TREE # 1

  0  0.0000   6815.381047  x:  0.10244   0.08270   0.05611   0.06863   0.09051   0.10258   0.09176   0.09928   0.03976   0.08758   0.05078   0.03002   0.02499   0.04854   0.04846   0.07573   0.07498   0.10106   0.09883   0.09359   0.06645   0.02525   0.05879   0.01034   0.04929   0.08665   0.09952   0.01000   0.03868   0.08569   0.07850   0.03676   0.08543   0.07760   0.06074   0.04258   0.01018   0.08025   0.01249   0.08445   0.06250   0.06187   0.06600   0.05072   0.04088   0.07601   0.02870   0.07141   0.08447   0.08582   0.08521   2.56753   0.90000   0.52023   1.12525   2.84869  
  1 99.0000   6525.908986  x:  0.09387   0.08082   0.08310   0.05873   0.08733   0.09300   0.08705   0.09005   0.03046   0.08579   0.07631   0.02264   0.01979   0.07754   0.05253   0.06580   0.06779   0.10798   0.10926   0.08426   0.05769   0.05383   0.06033   0.00257   0.06342   0.07772   0.09183   0.00000   0.02932   0.09766   0.07525   0.02772   0.09066   0.07577   0.05096   0.03729   0.18687   0.08066   0.00272   0.07516   0.06327   0.05872   0.05654   0.04237   0.04457   0.10945   0.01952   0.06859   0.08063   0.10056   0.07877   2.56786   0.90676   0.51498   1.12699   2.84842  
  2 5624.1308   6497.479021  x:  0.09141   0.07974   0.08789   0.05589   0.08603   0.09026   0.08579   0.08780   0.02775   0.08513   0.08035   0.02107   0.01870   0.08160   0.05331   0.06299   0.06587   0.10966   0.11174   0.08167   0.05509   0.05619   0.06044   0.00014   0.06609   0.07515   0.08964   0.00000   0.02658   0.10036   0.07436   0.02525   0.09198   0.07528   0.04822   0.03478   0.18512   0.07958   0.00000   0.07242   0.06285   0.05860   0.05400   0.03975   0.04480   0.11530   0.01786   0.06790   0.07955   0.10383   0.07718   2.56793   0.90772   0.51351   1.12744   2.84837  
  3 1878.0648   6496.678421  x:  0.09128   0.07967   0.08788   0.05574   0.08596   0.09012   0.08573   0.08769   0.02760   0.08508   0.08034   0.02104   0.01870   0.08159   0.05331   0.06284   0.06578   0.10970   0.11179   0.08153   0.05495   0.05618   0.06043   0.00000   0.06610   0.07501   0.08953   0.00000   0.02642   0.10041   0.07431   0.02514   0.09201   0.07525   0.04808   0.03465   0.18512   0.07952   0.00000   0.07227   0.06282   0.05860   0.05388   0.03962   0.04478   0.11532   0.01784   0.06787   0.07949   0.10387   0.07712   2.56793   0.90781   0.51344   1.12746   2.84836  
  4 2927.0973   6378.670081  x:  0.06925   0.06826   0.07716   0.03190   0.07507   0.06679   0.07558   0.06723   0.00435   0.07926   0.07097   0.01688   0.01923   0.07135   0.05638   0.03938   0.04798   0.12815   0.13515   0.05932   0.03184   0.04511   0.06142   0.00000   0.06716   0.05231   0.06994   0.00000   0.00547   0.12142   0.06713   0.00000   0.10717   0.07245   0.02472   0.01203   0.18761   0.07166   0.00000   0.04907   0.05954   0.06305   0.03284   0.01775   0.04116   0.12076   0.00792   0.06411   0.07009   0.12681   0.06444   2.56819   0.89537   0.49864   1.13144   2.84874  
  5 6336.5070   6360.275229  x:  0.06510   0.06667   0.07556   0.02742   0.07355   0.06237   0.07394   0.06302   0.00000   0.07852   0.06972   0.01688   0.01953   0.07000   0.05682   0.03495   0.04430   0.13255   0.14033   0.05493   0.02739   0.04453   0.06223   0.00000   0.06688   0.04799   0.06624   0.00000   0.00269   0.12562   0.06613   0.00737   0.11090   0.07276   0.02033   0.00826   0.18792   0.07090   0.00000   0.04474   0.05954   0.06411   0.02910   0.01396   0.04119   0.12030   0.00763   0.06383   0.06849   0.13125   0.06239   2.56824   0.89267   0.49510   1.13240   2.84886  
  6 2929.5085   6306.237173  x:  0.04550   0.07168   0.07996   0.00510   0.07890   0.04022   0.07338   0.03718   0.00000   0.08142   0.07678   0.03433   0.02435   0.07728   0.05291   0.01264   0.02306   0.16473   0.17116   0.02947   0.00266   0.07018   0.07493   0.00000   0.05600   0.02662   0.05012   0.00000   0.00923   0.14046   0.06948   0.00392   0.13364   0.08037   0.00000   0.01367   0.18578   0.08345   0.00000   0.02406   0.07104   0.07139   0.01703   0.00264   0.05290   0.08452   0.04899   0.07144   0.06577   0.14395   0.06285   2.56885   0.88598   0.46271   1.14135   2.85014  
  7 951.8870   6300.638574  x:  0.04381   0.07249   0.07968   0.00276   0.07993   0.03812   0.07385   0.03452   0.00000   0.08134   0.07676   0.03689   0.02415   0.07673   0.05242   0.01033   0.02167   0.16698   0.17275   0.02754   0.00000   0.06854   0.07553   0.00000   0.05685   0.02492   0.04925   0.00000   0.01117   0.14026   0.07003   0.00395   0.13485   0.08101   0.00000   0.01517   0.18581   0.08498   0.00000   0.02197   0.07195   0.07164   0.01578   0.00155   0.05266   0.08651   0.05221   0.07217   0.06604   0.14330   0.06338   2.56895   0.88678   0.45862   1.14241   2.85025  
  8 744.2804   6295.371951  x:  0.04232   0.07252   0.08022   0.00000   0.08032   0.03613   0.07399   0.03138   0.00000   0.07995   0.07757   0.03901   0.02301   0.07729   0.05282   0.00755   0.02131   0.16817   0.17344   0.02734   0.00000   0.06691   0.07530   0.00000   0.05693   0.02397   0.04907   0.00000   0.01387   0.14005   0.06999   0.00398   0.13522   0.08076   0.00000   0.01542   0.18591   0.08534   0.00000   0.01954   0.07176   0.07130   0.01349   0.00013   0.05125   0.08592   0.05302   0.07211   0.06623   0.14299   0.06325   2.56903   0.88696   0.45400   1.14341   2.85040  
  9 1014.2245   6294.968007  x:  0.04219   0.07250   0.08022   0.00000   0.08033   0.03596   0.07399   0.03110   0.00000   0.07980   0.07761   0.03922   0.02292   0.07730   0.05283   0.00730   0.02126   0.16825   0.17349   0.02736   0.00000   0.06687   0.07528   0.00000   0.05691   0.02391   0.04905   0.00000   0.01412   0.14004   0.06998   0.00398   0.13525   0.08073   0.00000   0.01542   0.18591   0.08535   0.00000   0.01932   0.07173   0.07127   0.01327   0.00000   0.05117   0.08593   0.05308   0.07210   0.06623   0.14298   0.06323   2.56903   0.88701   0.45359   1.14349   2.85042  
 10 9236.3316   6284.344802  x:  0.03826   0.07234   0.07965   0.00000   0.08130   0.03076   0.07424   0.02285   0.00000   0.07586   0.07848   0.04420   0.02030   0.07748   0.05333   0.00000   0.02091   0.17101   0.17497   0.02719   0.00000   0.06687   0.07451   0.00000   0.05535   0.02171   0.04891   0.00000   0.02137   0.13956   0.06971   0.00397   0.13598   0.07967   0.00000   0.01560   0.18585   0.08600   0.00000   0.01305   0.07092   0.07012   0.00713   0.00000   0.04819   0.08669   0.05462   0.07166   0.06670   0.14246   0.06267   2.56926   0.88791   0.44133   1.14618   2.85079  
 11 27518.6696   6274.535419  x:  0.03359   0.07263   0.07928   0.00000   0.08319   0.02472   0.07450   0.01387   0.00000   0.07188   0.07860   0.04693   0.02020   0.07654   0.05302   0.00000   0.02197   0.17386   0.17616   0.02550   0.00000   0.06765   0.07352   0.00000   0.05845   0.01948   0.04907   0.00000   0.02895   0.13897   0.06932   0.00392   0.13658   0.07814   0.00000   0.01526   0.18572   0.08720   0.00000   0.00644   0.07038   0.06816   0.00000   0.00000   0.04683   0.08596   0.05467   0.07090   0.06733   0.14202   0.06175   2.56955   0.88916   0.42723   1.14962   2.85118  
 12 3732.4210   6265.682079  x:  0.02934   0.07304   0.07971   0.00000   0.08485   0.01963   0.07397   0.00494   0.00000   0.06840   0.07949   0.04752   0.02300   0.07649   0.05206   0.00000   0.02250   0.17544   0.17664   0.02230   0.00000   0.06590   0.07292   0.00000   0.05724   0.01780   0.04852   0.00000   0.03507   0.13901   0.06855   0.00381   0.13690   0.07687   0.00000   0.01425   0.18567   0.08830   0.00000   0.00000   0.07103   0.06648   0.00000   0.00000   0.04857   0.08589   0.05316   0.07009   0.06700   0.14225   0.06054   2.56987   0.89158   0.41406   1.15280   2.85143  
 13 2636.2383   6260.758109  x:  0.02732   0.07306   0.07842   0.00000   0.08502   0.01860   0.07293   0.00000   0.00000   0.06687   0.07998   0.04741   0.02265   0.07703   0.05244   0.00000   0.02257   0.17541   0.17677   0.01871   0.00000   0.06562   0.07292   0.00000   0.05740   0.01704   0.04687   0.00000   0.03608   0.13928   0.06787   0.00374   0.13701   0.07666   0.00000   0.01380   0.18557   0.08873   0.00000   0.00000   0.07217   0.06589   0.00000   0.00000   0.04872   0.08545   0.05137   0.06977   0.06580   0.14240   0.05990   2.57001   0.89370   0.40863   1.15382   2.85144  
 14 1439.3789   6233.285686  x:  0.01426   0.07276   0.08712   0.00000   0.08366   0.01566   0.06548   0.00000   0.00000   0.05656   0.07741   0.04839   0.02195   0.06884   0.05147   0.00000   0.02507   0.17604   0.18054   0.00000   0.00000   0.06702   0.07169   0.00000   0.05504   0.00807   0.03237   0.00000   0.02375   0.13941   0.06367   0.00353   0.13913   0.07388   0.00000   0.01161   0.18522   0.09106   0.00000   0.00000   0.07604   0.05928   0.00000   0.00000   0.04459   0.08296   0.03707   0.06764   0.05722   0.14201   0.05556   2.57060   0.90578   0.38508   1.15605   2.85122  
 15 1393.5318   6209.992576  x:  0.00476   0.06899   0.08792   0.00000   0.07822   0.01185   0.06013   0.00000   0.00000   0.05249   0.07541   0.04441   0.02897   0.07022   0.04995   0.00000   0.02871   0.17832   0.18596   0.00000   0.00000   0.06750   0.07009   0.00000   0.05485   0.00394   0.02320   0.00000   0.00000   0.13858   0.06106   0.00355   0.14164   0.07057   0.00000   0.00801   0.18504   0.08941   0.00000   0.00000   0.07306   0.05629   0.00000   0.00000   0.03845   0.08231   0.03098   0.06582   0.05122   0.14164   0.05239   2.57085   0.91564   0.37374   1.15497   2.85098  
 16 1653.5166   6193.473224  x:  0.00224   0.06283   0.09186   0.00000   0.07055   0.00031   0.05372   0.00000   0.00000   0.04922   0.07431   0.03405   0.02656   0.06475   0.04779   0.00000   0.02717   0.18442   0.19466   0.00000   0.00000   0.06700   0.06620   0.00000   0.05371   0.01218   0.01848   0.00000   0.00000   0.13736   0.05649   0.00358   0.14606   0.06466   0.00000   0.00000   0.18527   0.08639   0.00000   0.00000   0.06706   0.05230   0.00000   0.00000   0.03438   0.08082   0.02725   0.06251   0.04451   0.14123   0.04706   2.57130   0.93052   0.35801   1.15462   2.85072  
 17 1006.3779   6173.549733  x:  0.00153   0.04652   0.09877   0.00000   0.05574   0.00879   0.04416   0.00000   0.00000   0.04152   0.07273   0.00742   0.02019   0.05389   0.04201   0.00000   0.01755   0.20285   0.21335   0.00000   0.00000   0.06407   0.05380   0.00000   0.05189   0.01378   0.01740   0.00000   0.00000   0.13415   0.04520   0.00386   0.15531   0.04775   0.00000   0.00000   0.18606   0.07693   0.00000   0.00000   0.04723   0.04348   0.00000   0.00000   0.02959   0.07809   0.02659   0.05259   0.03564   0.14106   0.03253   2.57267   0.96131   0.31612   1.15924   2.85068  
 18 1527.9856   6172.424389  x:  0.00187   0.04473   0.09938   0.00000   0.05413   0.00941   0.04313   0.00000   0.00000   0.04071   0.07248   0.00539   0.01958   0.05307   0.04141   0.00000   0.01649   0.20485   0.21530   0.00000   0.00000   0.06380   0.05229   0.00000   0.05170   0.01353   0.01750   0.00000   0.00000   0.13371   0.04386   0.00390   0.15619   0.04577   0.00307   0.00000   0.18613   0.07574   0.00000   0.00000   0.04503   0.04240   0.00000   0.00000   0.02938   0.07778   0.02615   0.05135   0.03480   0.14102   0.03091   2.57283   0.96446   0.31120   1.15983   2.85070  
 19 2951.7749   6165.499274  x:  0.00000   0.04010   0.09959   0.00000   0.05082   0.00937   0.04105   0.00000   0.00000   0.04011   0.07129   0.01016   0.01789   0.05468   0.04020   0.00000   0.01329   0.20934   0.21880   0.00000   0.00000   0.06352   0.04676   0.00000   0.05127   0.01146   0.02166   0.00000   0.00000   0.13168   0.03951   0.00417   0.15666   0.03949   0.00326   0.00000   0.18614   0.07091   0.00000   0.00000   0.03923   0.03865   0.00000   0.00000   0.03319   0.07683   0.02121   0.04660   0.03453   0.14058   0.02674   2.57335   0.96928   0.29539   1.16210   2.85098  
 20 719.5350   6157.773486  x:  0.00000   0.03559   0.09995   0.00000   0.04636   0.00478   0.04024   0.00000   0.00000   0.03743   0.07021   0.00785   0.01668   0.05651   0.03888   0.00000   0.00422   0.20932   0.21699   0.00000   0.00000   0.06501   0.04281   0.00000   0.05167   0.00100   0.02198   0.00000   0.00000   0.12869   0.03645   0.00456   0.15227   0.03773   0.00089   0.00000   0.18633   0.06066   0.00000   0.00000   0.03629   0.04004   0.00000   0.00000   0.03486   0.07676   0.01903   0.04187   0.03616   0.13944   0.02816   2.57387   0.96607   0.28041   1.16438   2.85154  
 21 515.5553   6153.845925  x:  0.00000   0.03374   0.10109   0.00000   0.04481   0.00510   0.04003   0.00000   0.00000   0.03361   0.06971   0.00907   0.01892   0.05739   0.03852   0.00000   0.00000   0.21038   0.21587   0.00000   0.00000   0.06617   0.04124   0.00000   0.05179   0.00277   0.01828   0.00000   0.00000   0.12706   0.03518   0.00474   0.14904   0.03748   0.00052   0.00000   0.18644   0.05388   0.00000   0.00000   0.03580   0.04079   0.00000   0.00000   0.03226   0.07715   0.01869   0.03906   0.03718   0.13901   0.02907   2.57442   0.96420   0.26471   1.16796   2.85208  
 22 611.7981   6147.186155  x:  0.00000   0.03128   0.10238   0.00000   0.04002   0.00517   0.03907   0.00000   0.00000   0.02795   0.07319   0.01250   0.02027   0.05441   0.03860   0.00000   0.00321   0.21094   0.21380   0.00000   0.00000   0.06640   0.04276   0.00000   0.05197   0.00250   0.01729   0.00000   0.00000   0.12820   0.03520   0.00495   0.14281   0.03956   0.00000   0.00000   0.18696   0.04136   0.00000   0.00000   0.03529   0.04544   0.00000   0.00000   0.02896   0.07764   0.02179   0.03696   0.03659   0.14249   0.02983   2.57533   0.96458   0.23886   1.17365   2.85305  
 23 765.1658   6147.186155  x:  0.00000   0.03128   0.10238   0.00000   0.04002   0.00517   0.03907   0.00000   0.00000   0.02795   0.07319   0.01250   0.02027   0.05441   0.03860   0.00000   0.00321   0.21094   0.21380   0.00000   0.00000   0.06640   0.04276   0.00000   0.05197   0.00250   0.01729   0.00000   0.00000   0.12820   0.03520   0.00495   0.14281   0.03956   0.00000   0.00000   0.18696   0.04136   0.00000   0.00000   0.03529   0.04544   0.00000   0.00000   0.02896   0.07764   0.02179   0.03696   0.03659   0.14249   0.02983   2.57533   0.96458   0.23886   1.17365   2.85305  
 24 63945.7409   6114.488858  x:  0.00949   0.03035   0.10876   0.00000   0.03724   0.00043   0.03813   0.00000   0.00000   0.02673   0.08301   0.01912   0.01818   0.06769   0.04026   0.00000   0.00195   0.20876   0.21240   0.00000   0.00000   0.06748   0.04305   0.00000   0.05939   0.00251   0.01595   0.00000   0.00000   0.12926   0.03496   0.00000   0.14083   0.03960   0.01253   0.00000   0.18680   0.03936   0.00000   0.00000   0.03436   0.04594   0.00000   0.00000   0.02751   0.09655   0.02105   0.03695   0.03560   0.14396   0.02910   2.57548   0.97149   0.23776   1.17384   2.85285  
 25 1654.4213   6114.488858  x:  0.00949   0.03035   0.10876   0.00000   0.03724   0.00043   0.03813   0.00000   0.00000   0.02673   0.08301   0.01912   0.01818   0.06769   0.04026   0.00000   0.00195   0.20876   0.21240   0.00000   0.00000   0.06748   0.04305   0.00000   0.05939   0.00251   0.01595   0.00000   0.00000   0.12926   0.03496   0.00000   0.14083   0.03960   0.01253   0.00000   0.18680   0.03936   0.00000   0.00000   0.03436   0.04594   0.00000   0.00000   0.02751   0.09655   0.02105   0.03695   0.03560   0.14396   0.02910   2.57548   0.97149   0.23776   1.17384   2.85285  
 26 3142.4061   6080.040128  x:  0.00000   0.02565   0.11809   0.00000   0.03202   0.02540   0.03717   0.00000   0.00000   0.02292   0.09643   0.02462   0.01545   0.08270   0.04233   0.00000   0.00063   0.20528   0.21017   0.00000   0.00000   0.06899   0.04340   0.00000   0.06835   0.00265   0.01464   0.00000   0.00000   0.13086   0.03463   0.00133   0.13780   0.04030   0.00095   0.00000   0.18696   0.03444   0.00000   0.00000   0.03070   0.04829   0.00000   0.00000   0.02267   0.11986   0.02283   0.03708   0.03456   0.14613   0.02774   2.57567   0.97819   0.23638   1.17405   2.85259  
 27 1400.5366   6075.586536  x:  0.00105   0.02508   0.11927   0.00000   0.03112   0.02522   0.03703   0.00000   0.00000   0.02218   0.09798   0.02530   0.01520   0.08425   0.04255   0.00000   0.00056   0.20483   0.20988   0.00000   0.00000   0.06916   0.04343   0.00000   0.06928   0.00263   0.01456   0.00000   0.00000   0.13106   0.03459   0.00101   0.13740   0.04034   0.00000   0.00000   0.18701   0.03368   0.00000   0.00000   0.03007   0.04868   0.00000   0.00000   0.02187   0.12240   0.02328   0.03710   0.03444   0.14640   0.02761   2.57570   0.97858   0.23623   1.17407   2.85256  
 28 2050.6852   6058.601764  x:  0.00003   0.02188   0.12443   0.00000   0.02641   0.02130   0.03640   0.00000   0.00000   0.01804   0.10472   0.02854   0.01425   0.09057   0.04342   0.00000   0.00041   0.20275   0.20857   0.00000   0.00000   0.06987   0.04355   0.00000   0.07307   0.00259   0.01434   0.00000   0.00000   0.13192   0.03444   0.00000   0.13557   0.04050   0.00000   0.00000   0.18734   0.02996   0.00000   0.00000   0.02695   0.05058   0.00000   0.00000   0.01790   0.13310   0.02549   0.03719   0.03398   0.14760   0.02704   2.57580   0.97943   0.23560   1.17413   2.85243  
 29 8103.9737   6036.889375  x:  0.00264   0.01407   0.13654   0.00000   0.00952   0.01493   0.03567   0.00000   0.00000   0.00271   0.11935   0.03407   0.01442   0.10104   0.04463   0.00000   0.00195   0.19642   0.20460   0.00000   0.00000   0.07113   0.04368   0.00000   0.07892   0.00394   0.01513   0.00000   0.00000   0.13406   0.03432   0.02417   0.13070   0.04251   0.00000   0.00000   0.18908   0.01844   0.00000   0.00000   0.01711   0.05587   0.00000   0.00000   0.00639   0.15409   0.02848   0.03743   0.03393   0.15063   0.02546   2.57608   0.97535   0.23393   1.17425   2.85209  
 30 2222.9694   6033.205937  x:  0.00259   0.01275   0.14094   0.00000   0.00502   0.01154   0.03565   0.00000   0.00000   0.01035   0.12430   0.03521   0.01473   0.10373   0.04483   0.00000   0.00257   0.19354   0.20280   0.00000   0.00000   0.07149   0.04376   0.00000   0.08028   0.00278   0.01528   0.00000   0.00000   0.13493   0.03442   0.03261   0.12864   0.04280   0.00000   0.00000   0.19008   0.01444   0.00000   0.00000   0.01387   0.05794   0.00000   0.00000   0.00513   0.16077   0.02935   0.03754   0.03414   0.15187   0.02510   2.57623   0.97361   0.23319   1.17431   2.85192  
 31 1082.5265   6031.192356  x:  0.00224   0.01327   0.14459   0.00000   0.00818   0.00845   0.03581   0.00000   0.00000   0.01280   0.12817   0.03554   0.01497   0.10538   0.04490   0.00000   0.00298   0.19075   0.20107   0.00000   0.00000   0.07177   0.04388   0.00000   0.08102   0.00202   0.01535   0.00000   0.00000   0.13573   0.03461   0.03877   0.12678   0.04264   0.00000   0.00724   0.19116   0.01261   0.00000   0.00000   0.01266   0.05960   0.00000   0.00000   0.00789   0.16584   0.02988   0.03765   0.03445   0.15302   0.02503   2.57638   0.97259   0.23251   1.17436   2.85174  
 32 916.7633   6028.172050  x:  0.00130   0.01743   0.15140   0.00000   0.01510   0.00296   0.03649   0.00000   0.00000   0.01507   0.13475   0.03476   0.01523   0.10722   0.04488   0.00000   0.00355   0.18459   0.19728   0.00000   0.00000   0.07227   0.04433   0.00000   0.08164   0.00444   0.01550   0.00000   0.00000   0.13750   0.03526   0.04802   0.12303   0.04146   0.00000   0.00259   0.19367   0.01114   0.00000   0.00000   0.01520   0.06232   0.00000   0.00000   0.01289   0.17419   0.03027   0.03796   0.03529   0.15555   0.02548   2.57674   0.97142   0.23125   1.17445   2.85129  
 33 527.0786   6027.484809  x:  0.00110   0.01858   0.15349   0.00000   0.01548   0.00209   0.03680   0.00000   0.00000   0.01503   0.13626   0.03413   0.01528   0.10690   0.04481   0.00000   0.00384   0.18214   0.19582   0.00000   0.00000   0.07243   0.04455   0.00000   0.08131   0.00173   0.01530   0.00000   0.00000   0.13819   0.03554   0.04950   0.12180   0.04075   0.00000   0.00184   0.19480   0.01348   0.00000   0.00000   0.01638   0.06290   0.00000   0.00000   0.01306   0.17580   0.03025   0.03809   0.03563   0.15654   0.02584   2.57690   0.97086   0.23096   1.17444   2.85107  
 34 310.9327   6026.776714  x:  0.00091   0.02021   0.15743   0.00000   0.01418   0.00193   0.03744   0.00000   0.00000   0.01530   0.13825   0.03268   0.01541   0.10474   0.04459   0.00000   0.00463   0.17668   0.19257   0.00000   0.00000   0.07269   0.04505   0.00000   0.07985   0.00368   0.01557   0.00000   0.00000   0.13971   0.03614   0.04945   0.11935   0.03899   0.00000   0.00269   0.19750   0.01844   0.00000   0.00000   0.01825   0.06373   0.00000   0.00000   0.01201   0.17708   0.03031   0.03838   0.03631   0.15872   0.02675   2.57728   0.96931   0.23056   1.17436   2.85055  
 35 283.2137   6025.766937  x:  0.00103   0.02045   0.16497   0.00000   0.01399   0.00418   0.03844   0.00000   0.00000   0.01450   0.14046   0.03140   0.01623   0.09824   0.04417   0.00000   0.00686   0.16435   0.18527   0.00000   0.00000   0.07320   0.04589   0.00000   0.07596   0.00281   0.01625   0.00000   0.00000   0.14303   0.03701   0.04639   0.11463   0.03651   0.00000   0.00243   0.20400   0.01594   0.00000   0.00000   0.01691   0.06497   0.00000   0.00000   0.01214   0.17607   0.03077   0.03882   0.03743   0.16353   0.02790   2.57822   0.96628   0.23001   1.17410   2.84920  
 36 211.1792   6025.177492  x:  0.00103   0.01962   0.16843   0.00000   0.01348   0.00356   0.03844   0.00000   0.00000   0.01428   0.13973   0.03263   0.01588   0.09551   0.04438   0.00000   0.00732   0.15467   0.17945   0.00000   0.00000   0.07350   0.04597   0.00000   0.07506   0.00290   0.01513   0.00000   0.00000   0.14533   0.03673   0.04604   0.11267   0.03847   0.00000   0.00268   0.20940   0.01516   0.00000   0.00000   0.01673   0.06398   0.00000   0.00000   0.01164   0.17324   0.02887   0.03863   0.03728   0.16698   0.02701   2.57926   0.97231   0.22940   1.17390   2.84766  
 37 140.2563   6024.903870  x:  0.00111   0.01879   0.16821   0.00000   0.01382   0.00322   0.03689   0.00000   0.00000   0.01429   0.13767   0.03287   0.01455   0.09749   0.04423   0.00000   0.00698   0.14778   0.17473   0.00000   0.00000   0.07278   0.04483   0.00000   0.07657   0.00295   0.01569   0.00000   0.00000   0.14563   0.03545   0.04550   0.11208   0.04000   0.00000   0.00252   0.21254   0.01539   0.00000   0.00000   0.01609   0.06199   0.00000   0.00000   0.01164   0.17124   0.02912   0.03772   0.03558   0.16823   0.02577   2.58035   0.97058   0.22926   1.17354   2.84608  
 38 76.0289   6024.859689  x:  0.00112   0.01879   0.16790   0.00000   0.01372   0.00314   0.03669   0.00000   0.00000   0.01425   0.13718   0.03281   0.01468   0.09805   0.04420   0.00000   0.00732   0.14640   0.17369   0.00107   0.00000   0.07258   0.04466   0.00000   0.07688   0.00294   0.01572   0.00000   0.00000   0.14555   0.03535   0.04534   0.11203   0.04008   0.00000   0.00256   0.21316   0.01524   0.00000   0.00000   0.01615   0.06170   0.00000   0.00000   0.01164   0.17084   0.02936   0.03764   0.03536   0.16836   0.02580   2.58066   0.97039   0.22916   1.17345   2.84564  
 39 109.6876   6024.778248  x:  0.00115   0.01951   0.16638   0.00000   0.01298   0.00294   0.03711   0.00000   0.00000   0.01401   0.13614   0.03334   0.01423   0.09900   0.04408   0.00000   0.00691   0.14420   0.17153   0.00116   0.00000   0.07219   0.04467   0.00000   0.07700   0.00286   0.01547   0.00000   0.00000   0.14485   0.03590   0.04501   0.11214   0.03908   0.00000   0.00291   0.21406   0.01424   0.00000   0.00000   0.01677   0.06200   0.00000   0.00000   0.01164   0.17016   0.03040   0.03807   0.03577   0.16804   0.02708   2.58157   0.97044   0.22868   1.17322   2.84432  
 40 51.7111   6024.724369  x:  0.00123   0.01926   0.16500   0.00000   0.01338   0.00269   0.03761   0.00000   0.00000   0.01398   0.13583   0.03390   0.01366   0.09901   0.04402   0.00000   0.00653   0.14300   0.16981   0.00171   0.00000   0.07204   0.04495   0.00000   0.07649   0.00292   0.01568   0.00000   0.00000   0.14399   0.03632   0.04475   0.11218   0.03815   0.00000   0.00277   0.21452   0.01442   0.00000   0.00000   0.01532   0.06302   0.00000   0.00000   0.01118   0.17010   0.03030   0.03838   0.03634   0.16740   0.02715   2.58265   0.97049   0.22801   1.17297   2.84277  
 41 37.6430   6024.650373  x:  0.00144   0.01811   0.16328   0.00000   0.01300   0.00242   0.03764   0.00000   0.00000   0.01381   0.13622   0.03481   0.01209   0.09757   0.04394   0.00000   0.00511   0.14197   0.16736   0.00320   0.00000   0.07205   0.04519   0.00000   0.07509   0.00289   0.01578   0.00000   0.00000   0.14250   0.03610   0.04397   0.11195   0.03794   0.00000   0.00293   0.21486   0.01385   0.00000   0.00000   0.01606   0.06476   0.00000   0.00000   0.01138   0.17035   0.02969   0.03818   0.03661   0.16604   0.02580   2.58489   0.96980   0.22662   1.17245   2.83957  
 42 39.8603   6024.542560  x:  0.00157   0.01847   0.16220   0.00000   0.01273   0.00218   0.03695   0.00000   0.00000   0.01359   0.13713   0.03624   0.00918   0.09493   0.04384   0.00000   0.00135   0.14111   0.16465   0.00632   0.00000   0.07213   0.04481   0.00000   0.07353   0.00290   0.01566   0.00000   0.00000   0.14102   0.03542   0.04332   0.11103   0.03893   0.00000   0.00301   0.21511   0.01347   0.00000   0.00000   0.01540   0.06573   0.00000   0.00000   0.01120   0.17013   0.03090   0.03755   0.03624   0.16440   0.02606   2.58839   0.96919   0.22450   1.17164   2.83456  
 43 59.6459   6024.513566  x:  0.00163   0.01814   0.16251   0.00000   0.01283   0.00209   0.03714   0.00000   0.00000   0.01360   0.13718   0.03695   0.00797   0.09477   0.04383   0.00000   0.00000   0.14100   0.16423   0.00750   0.00000   0.07203   0.04464   0.00000   0.07348   0.00285   0.01616   0.00000   0.00000   0.14089   0.03572   0.04327   0.11034   0.03847   0.00000   0.00306   0.21515   0.01327   0.00000   0.00000   0.01558   0.06545   0.00000   0.00000   0.01096   0.16954   0.03056   0.03772   0.03633   0.16411   0.02612   2.58992   0.96888   0.22370   1.17128   2.83237  
 44 34.7206   6024.349855  x:  0.00162   0.01866   0.16272   0.00000   0.01311   0.00212   0.03687   0.00000   0.00000   0.01370   0.13761   0.03799   0.00551   0.09416   0.04378   0.00000   0.00000   0.14182   0.16447   0.00657   0.00000   0.07211   0.04421   0.00000   0.07350   0.00280   0.01660   0.00000   0.00000   0.14077   0.03561   0.04329   0.11003   0.03901   0.00000   0.00308   0.21470   0.01326   0.00000   0.00000   0.01582   0.06491   0.00000   0.00000   0.01055   0.16943   0.03099   0.03757   0.03604   0.16368   0.02689   2.59059   0.96906   0.22325   1.17114   2.83141  
 45 30.9043   6024.292767  x:  0.00169   0.01874   0.16330   0.00000   0.01313   0.00210   0.03680   0.00000   0.00000   0.01372   0.13813   0.03989   0.00642   0.09366   0.04407   0.00000   0.00000   0.14247   0.16434   0.00602   0.00000   0.07212   0.04371   0.00000   0.07358   0.00280   0.01694   0.00000   0.00000   0.14061   0.03579   0.04309   0.10918   0.03911   0.00000   0.00304   0.21410   0.01343   0.00000   0.00000   0.01591   0.06390   0.00000   0.00000   0.01065   0.16899   0.03080   0.03758   0.03580   0.16303   0.02739   2.59225   0.96872   0.22233   1.17075   2.82903  
 46 43.0851   6024.241996  x:  0.00171   0.01860   0.16450   0.00000   0.01271   0.00191   0.03710   0.00000   0.00000   0.01356   0.13846   0.03975   0.00608   0.09364   0.04414   0.00000   0.00000   0.14318   0.16426   0.00599   0.00000   0.07201   0.04374   0.00000   0.07381   0.00292   0.01572   0.00000   0.00000   0.14063   0.03610   0.04275   0.10779   0.03875   0.00000   0.00304   0.21322   0.01333   0.00000   0.00000   0.01541   0.06281   0.00000   0.00000   0.01125   0.16795   0.03055   0.03788   0.03586   0.16230   0.02717   2.59572   0.96835   0.22083   1.16989   2.82405  
 47 44.5156   6024.171362  x:  0.00164   0.01866   0.16607   0.00000   0.01298   0.00174   0.03717   0.00000   0.00000   0.01352   0.13865   0.03821   0.00667   0.09387   0.04397   0.00000   0.00000   0.14407   0.16440   0.00528   0.00000   0.07189   0.04414   0.00000   0.07393   0.00284   0.01608   0.00000   0.00000   0.14079   0.03595   0.04233   0.10637   0.03884   0.00000   0.00320   0.21181   0.01276   0.00000   0.00000   0.01551   0.06241   0.00000   0.00000   0.01021   0.16667   0.03112   0.03801   0.03596   0.16147   0.02666   2.60105   0.96861   0.21892   1.16851   2.81632  
 48 76.5892   6024.068678  x:  0.00166   0.01849   0.16803   0.00000   0.01217   0.00174   0.03693   0.00000   0.00000   0.01330   0.13798   0.03829   0.00654   0.09486   0.04336   0.00000   0.00000   0.14421   0.16482   0.00532   0.00000   0.07150   0.04446   0.00000   0.07382   0.00277   0.01758   0.00000   0.00000   0.14133   0.03544   0.04204   0.10534   0.03902   0.00000   0.00311   0.21013   0.01307   0.00000   0.00000   0.01516   0.06422   0.00000   0.00000   0.01155   0.16514   0.03187   0.03779   0.03624   0.16113   0.02647   2.61088   0.96888   0.21653   1.16583   2.80202  
 49 84.4494   6023.811050  x:  0.00172   0.01854   0.17109   0.00000   0.01300   0.00196   0.03621   0.00000   0.00000   0.01344   0.13587   0.04025   0.00638   0.09657   0.04271   0.00000   0.00000   0.14339   0.16597   0.00584   0.00000   0.07083   0.04426   0.00000   0.07339   0.00288   0.01553   0.00000   0.00000   0.14255   0.03472   0.04166   0.10482   0.03955   0.00000   0.00313   0.20677   0.01310   0.00000   0.00000   0.01559   0.06859   0.00000   0.00000   0.01021   0.16320   0.03172   0.03692   0.03649   0.16127   0.02672   2.63582   0.96731   0.21239   1.15872   2.76551  
 50 219.3549   6022.843326  x:  0.00146   0.02085   0.17275   0.00000   0.01191   0.00158   0.03667   0.00000   0.00000   0.01300   0.13204   0.03803   0.00637   0.09504   0.04683   0.00000   0.00000   0.13941   0.16972   0.00531   0.00000   0.07205   0.04178   0.00000   0.07355   0.00271   0.01679   0.00000   0.00000   0.14498   0.03739   0.04027   0.11060   0.04123   0.00000   0.00350   0.19856   0.01209   0.00000   0.00000   0.01482   0.06947   0.00000   0.00000   0.01046   0.16811   0.02724   0.03611   0.03478   0.16411   0.02901   2.72902   0.96428   0.20534   1.13102   2.62794  
 51 298.6814   6021.701846  x:  0.00185   0.01640   0.17148   0.00000   0.01314   0.00170   0.03850   0.00000   0.00000   0.01348   0.13186   0.03963   0.00623   0.09207   0.04673   0.00000   0.00000   0.13602   0.17220   0.00564   0.00000   0.07354   0.04360   0.00000   0.07414   0.00288   0.01633   0.00000   0.00000   0.14621   0.03762   0.04139   0.11574   0.04002   0.00000   0.00297   0.19400   0.01341   0.00000   0.00000   0.01589   0.06488   0.00000   0.00000   0.01090   0.17274   0.03364   0.03916   0.03580   0.16752   0.02715   2.84130   0.96184   0.19951   1.09738   2.46126  
 52 978.8793   6021.000657  x:  0.00172   0.02073   0.16808   0.00000   0.01238   0.00192   0.03758   0.00000   0.00000   0.01322   0.13689   0.04104   0.00635   0.09355   0.04259   0.00000   0.00000   0.13766   0.17135   0.00602   0.00000   0.07348   0.04667   0.00000   0.07461   0.00270   0.01684   0.00000   0.00000   0.14513   0.03476   0.04104   0.11493   0.03883   0.00000   0.00329   0.19781   0.01287   0.00000   0.00000   0.01541   0.06239   0.00000   0.00000   0.01043   0.17282   0.03147   0.03927   0.03746   0.16850   0.02514   2.91009   0.96026   0.19838   1.07663   2.35770  
 53 630.6047   6020.499018  x:  0.00193   0.01759   0.16521   0.00000   0.01289   0.00215   0.03697   0.00000   0.00000   0.01338   0.14229   0.03909   0.00655   0.09607   0.04336   0.00000   0.00000   0.14181   0.16901   0.00566   0.00000   0.07299   0.04590   0.00000   0.07488   0.00277   0.01657   0.00000   0.00000   0.14326   0.03598   0.04116   0.11146   0.04023   0.00000   0.00295   0.20542   0.01352   0.00000   0.00000   0.01590   0.06370   0.00000   0.00000   0.01086   0.17140   0.03035   0.03756   0.03735   0.16780   0.02902   2.95841   0.95948   0.19812   1.06226   2.28346  
 54 475.9992   6020.390209  x:  0.00190   0.01867   0.16520   0.00000   0.01280   0.00233   0.03811   0.00000   0.00000   0.01334   0.14200   0.03943   0.00629   0.09645   0.04570   0.00000   0.00000   0.14372   0.16836   0.00587   0.00000   0.07311   0.04468   0.00000   0.07526   0.00274   0.01668   0.00000   0.00000   0.14299   0.03711   0.04113   0.11024   0.04059   0.00000   0.00297   0.20901   0.01362   0.00000   0.00000   0.01589   0.06480   0.00000   0.00000   0.01071   0.17115   0.03134   0.03809   0.03679   0.16714   0.02712   2.96843   0.95902   0.19766   1.05960   2.26686  
 55 137.9633   6020.316514  x:  0.00189   0.01853   0.16671   0.00000   0.01282   0.00224   0.03801   0.00000   0.00000   0.01333   0.13889   0.03951   0.00640   0.09594   0.04554   0.00000   0.00000   0.14631   0.16857   0.00590   0.00000   0.07398   0.04524   0.00000   0.07585   0.00274   0.01675   0.00000   0.00000   0.14354   0.03599   0.04100   0.11043   0.04074   0.00000   0.00296   0.21383   0.01355   0.00000   0.00000   0.01589   0.06503   0.00000   0.00000   0.01071   0.17298   0.03109   0.03936   0.03667   0.16595   0.02780   2.97301   0.95832   0.19688   1.05919   2.25586  
 56 38.0608   6020.282592  x:  0.00190   0.01855   0.16751   0.00000   0.01279   0.00219   0.03777   0.00000   0.00000   0.01331   0.13830   0.03970   0.00650   0.09600   0.04453   0.00000   0.00000   0.14713   0.16943   0.00586   0.00000   0.07388   0.04535   0.00000   0.07538   0.00275   0.01676   0.00000   0.00000   0.14414   0.03741   0.04087   0.11151   0.04071   0.00000   0.00297   0.21588   0.01349   0.00000   0.00000   0.01586   0.06473   0.00000   0.00000   0.01069   0.17346   0.03145   0.03795   0.03690   0.16567   0.02750   2.97334   0.95808   0.19675   1.06006   2.25102  
 57 21.2029   6020.174125  x:  0.00198   0.01845   0.16883   0.00000   0.01277   0.00200   0.03867   0.00000   0.00000   0.01325   0.14044   0.04000   0.00645   0.09663   0.04621   0.00000   0.00000   0.14745   0.17335   0.00594   0.00000   0.07266   0.04498   0.00000   0.07457   0.00277   0.01690   0.00000   0.00000   0.14591   0.03593   0.04030   0.11542   0.04079   0.00000   0.00300   0.21955   0.01334   0.00000   0.00000   0.01581   0.06464   0.00000   0.00000   0.01065   0.17230   0.03179   0.03739   0.03891   0.16607   0.02778   2.96947   0.95695   0.19750   1.06572   2.23587  
 58 22.4219   6019.928174  x:  0.00214   0.01849   0.16932   0.00000   0.01273   0.00184   0.03760   0.00000   0.00000   0.01316   0.14427   0.04047   0.00672   0.09604   0.04531   0.00000   0.00000   0.14709   0.17950   0.00584   0.00000   0.07441   0.04621   0.00000   0.07715   0.00280   0.01703   0.00000   0.00000   0.14789   0.03807   0.03932   0.11891   0.04195   0.00000   0.00303   0.22288   0.01324   0.00000   0.00000   0.01579   0.06738   0.00000   0.00000   0.01062   0.16969   0.03192   0.04140   0.03647   0.16802   0.02800   2.95668   0.95504   0.20065   1.08088   2.20188  
 59 65.5909   6018.887423  x:  0.00249   0.01765   0.16820   0.00000   0.01241   0.00123   0.04403   0.00000   0.00000   0.01277   0.14304   0.04202   0.00691   0.09636   0.04474   0.00000   0.00000   0.14742   0.18803   0.00603   0.00000   0.08213   0.04677   0.00000   0.07848   0.00283   0.01721   0.00000   0.00000   0.14900   0.03553   0.03750   0.11252   0.04110   0.00000   0.00319   0.22232   0.01258   0.00000   0.00000   0.01552   0.06983   0.00000   0.00000   0.01029   0.17098   0.03306   0.03614   0.03359   0.17669   0.02893   2.89694   0.95211   0.21417   1.14812   2.06152  
 60 128.2194   6017.270357  x:  0.00283   0.01733   0.16813   0.00000   0.01195   0.00102   0.03760   0.00000   0.00000   0.01225   0.13969   0.04306   0.00671   0.09825   0.04690   0.00000   0.00000   0.14805   0.19159   0.00616   0.00000   0.08224   0.04568   0.00000   0.07636   0.00285   0.01750   0.00000   0.00000   0.14878   0.03854   0.03463   0.10504   0.04626   0.00000   0.00330   0.21835   0.01225   0.00000   0.00000   0.01535   0.06981   0.00000   0.00000   0.01006   0.17635   0.03368   0.03929   0.04396   0.18489   0.02830   2.80256   0.94761   0.22852   1.25492   1.84360  
 61 711.6270   6015.564450  x:  0.00291   0.01711   0.17220   0.00000   0.01160   0.00154   0.04083   0.00000   0.00000   0.01185   0.14159   0.04294   0.00659   0.09894   0.04691   0.00000   0.00000   0.14824   0.18275   0.00582   0.00000   0.07166   0.04963   0.00000   0.07779   0.00276   0.01720   0.00000   0.00000   0.14795   0.03833   0.03341   0.11163   0.04607   0.00000   0.00318   0.21359   0.01252   0.00000   0.00000   0.01533   0.06933   0.00000   0.00000   0.00988   0.18034   0.03278   0.03974   0.03735   0.18151   0.02873   2.70595   0.94484   0.22921   1.36702   1.62275  
 62 590.0053   6015.262678  x:  0.00290   0.01699   0.17232   0.00000   0.01153   0.00176   0.03927   0.00000   0.00000   0.01179   0.14336   0.04217   0.00667   0.09999   0.04645   0.00000   0.00000   0.14730   0.18029   0.00578   0.00000   0.07822   0.04602   0.00000   0.07862   0.00274   0.01696   0.00000   0.00000   0.14869   0.03736   0.03357   0.11468   0.04340   0.00000   0.00312   0.21313   0.01265   0.00000   0.00000   0.01532   0.06910   0.00000   0.00000   0.00987   0.17965   0.03274   0.03912   0.03838   0.17842   0.02831   2.68942   0.94473   0.22575   1.38809   1.58409  
 63 194.2567   6015.205037  x:  0.00292   0.01709   0.17118   0.00000   0.01156   0.00186   0.04023   0.00000   0.00000   0.01180   0.14369   0.04237   0.00654   0.10082   0.04704   0.00000   0.00000   0.14621   0.18073   0.00590   0.00000   0.08007   0.04801   0.00000   0.07846   0.00273   0.01707   0.00000   0.00000   0.14961   0.03785   0.03338   0.11430   0.04516   0.00000   0.00310   0.21337   0.01277   0.00000   0.00000   0.01540   0.06862   0.00000   0.00000   0.00989   0.17973   0.03260   0.03879   0.03910   0.17721   0.02854   2.68784   0.94389   0.22383   1.39228   1.57930  
 64 26.2295   6015.029566  x:  0.00300   0.01675   0.16619   0.00000   0.01140   0.00191   0.03953   0.00000   0.00000   0.01165   0.14416   0.04200   0.00658   0.10049   0.04643   0.00000   0.00000   0.14291   0.18557   0.00586   0.00000   0.07800   0.04663   0.00000   0.07778   0.00270   0.01693   0.00000   0.00000   0.15302   0.03733   0.03321   0.11001   0.04410   0.00000   0.00310   0.21515   0.01265   0.00000   0.00000   0.01525   0.06825   0.00000   0.00000   0.00973   0.18195   0.03248   0.03906   0.03785   0.17489   0.02832   2.68950   0.94426   0.21945   1.40455   1.57532  
 65 14.0934   6012.567429  x:  0.00335   0.01624   0.16817   0.00000   0.01028   0.00240   0.03841   0.00000   0.00000   0.01045   0.14672   0.04163   0.00667   0.09366   0.04779   0.00000   0.00000   0.13614   0.19330   0.00538   0.00000   0.07426   0.04806   0.00000   0.09818   0.00246   0.01668   0.00000   0.00000   0.13530   0.03748   0.02937   0.10724   0.04339   0.00000   0.00303   0.21976   0.01238   0.00000   0.00000   0.01473   0.07096   0.00000   0.00000   0.00886   0.18757   0.03271   0.03096   0.04628   0.17613   0.02760   2.74525   0.94240   0.23307   1.57455   1.58919  
 66 24.3413   6002.939711  x:  0.00463   0.01349   0.18167   0.00000   0.00651   0.00278   0.04219   0.00000   0.00000   0.00621   0.15844   0.04317   0.00612   0.11433   0.04232   0.00000   0.00000   0.13002   0.19852   0.00564   0.00000   0.07935   0.04206   0.00000   0.08169   0.00218   0.01601   0.00000   0.00000   0.10150   0.03639   0.01420   0.10771   0.04943   0.00000   0.00296   0.22784   0.01057   0.00000   0.00000   0.01248   0.06665   0.00000   0.00000   0.00563   0.20871   0.03351   0.04090   0.03656   0.18653   0.02689   2.95523   0.93623   0.30675   2.20209   1.64855  
 67 709.4696   5996.505711  x:  0.00578   0.01157   0.18079   0.00000   0.00426   0.00246   0.03019   0.00000   0.00000   0.00364   0.16693   0.04661   0.00452   0.12126   0.05447   0.00000   0.00000   0.13921   0.18274   0.00616   0.00000   0.08148   0.05261   0.00000   0.08346   0.00201   0.01580   0.00000   0.00000   0.12674   0.03604   0.00602   0.10902   0.04157   0.00000   0.00307   0.22540   0.00897   0.00000   0.00000   0.01111   0.06828   0.00000   0.00000   0.00361   0.22060   0.03634   0.03701   0.03191   0.19012   0.02636   3.09488   0.93204   0.37016   2.61954   1.69107  
 68 1277.1090   5995.067276  x:  0.00609   0.01100   0.17952   0.00000   0.00368   0.00255   0.03723   0.00000   0.00000   0.00298   0.16971   0.04635   0.00520   0.12115   0.04805   0.00000   0.00000   0.14195   0.17629   0.00608   0.00000   0.08007   0.04647   0.00000   0.08858   0.00196   0.01580   0.00000   0.00000   0.13894   0.03601   0.00274   0.10989   0.04734   0.00000   0.00306   0.22331   0.00885   0.00000   0.00000   0.01087   0.07016   0.00000   0.00000   0.00328   0.22458   0.03629   0.03867   0.03619   0.18789   0.02626   3.12575   0.92986   0.38774   2.71406   1.70205  
 69 653.9778   5994.868739  x:  0.00607   0.01107   0.18266   0.00000   0.00366   0.00259   0.03708   0.00000   0.00000   0.00296   0.16944   0.04645   0.00509   0.12137   0.04832   0.00000   0.00000   0.13727   0.17827   0.00609   0.00000   0.08019   0.04661   0.00000   0.08833   0.00196   0.01577   0.00000   0.00000   0.13943   0.03605   0.00274   0.10879   0.04723   0.00000   0.00304   0.22238   0.00892   0.00000   0.00000   0.01090   0.07032   0.00000   0.00000   0.00329   0.22513   0.03635   0.03864   0.03624   0.17559   0.02613   3.12726   0.93081   0.39734   2.72135   1.70437  
 70 22.8775   5987.277460  x:  0.00662   0.01033   0.19168   0.00000   0.00502   0.00248   0.03667   0.00000   0.00000   0.00318   0.17530   0.04758   0.00502   0.12864   0.04935   0.00000   0.00000   0.13789   0.17522   0.00534   0.00000   0.07941   0.04681   0.00000   0.09302   0.00215   0.01530   0.00000   0.00000   0.14114   0.03616   0.00000   0.11042   0.04651   0.00000   0.00195   0.22050   0.01000   0.00000   0.00000   0.01163   0.07190   0.00000   0.00000   0.00438   0.23782   0.03657   0.03908   0.03591   0.17608   0.02541   2.91910   0.93556   0.35655   2.39594   1.82490  
 71  4.4732   5982.216316  x:  0.00670   0.01252   0.20628   0.00000   0.00776   0.00194   0.03980   0.00000   0.00000   0.00609   0.19046   0.05006   0.00470   0.14313   0.04877   0.00000   0.00000   0.14497   0.16427   0.00597   0.00000   0.07857   0.04475   0.00000   0.10444   0.00239   0.01527   0.00000   0.00000   0.15939   0.03679   0.01425   0.11627   0.04708   0.00000   0.00075   0.21613   0.01278   0.00000   0.00000   0.01432   0.07534   0.00000   0.00000   0.00549   0.26813   0.03790   0.04115   0.03736   0.17542   0.02533   2.71144   0.93987   0.32077   2.00649   2.00064  
 72  2.0921   5978.112115  x:  0.00720   0.01634   0.22467   0.00000   0.00614   0.00227   0.03791   0.00000   0.00000   0.00671   0.20168   0.05161   0.00409   0.15403   0.05415   0.00000   0.00000   0.15374   0.18441   0.00820   0.00000   0.08158   0.04865   0.00000   0.10800   0.00230   0.01727   0.00000   0.00000   0.15513   0.03814   0.00792   0.11261   0.04536   0.00000   0.00254   0.21803   0.01446   0.00000   0.00000   0.01631   0.07337   0.00000   0.00000   0.00557   0.29531   0.03886   0.04166   0.03603   0.18529   0.02749   2.47637   0.94192   0.24108   1.37510   2.00404  
 73  0.8846   5975.208059  x:  0.00773   0.01810   0.23138   0.00000   0.00838   0.00254   0.03780   0.00000   0.00000   0.00825   0.21080   0.05279   0.00360   0.16322   0.05739   0.00000   0.00000   0.16266   0.19426   0.00968   0.00000   0.08561   0.05137   0.00000   0.10973   0.00247   0.01873   0.00000   0.00000   0.16494   0.03906   0.00114   0.11152   0.04603   0.00000   0.00230   0.22292   0.01566   0.00000   0.00000   0.01783   0.07170   0.00000   0.00000   0.00734   0.31741   0.03979   0.04271   0.03595   0.19295   0.02911   2.68611   0.93321   0.28690   1.61660   1.90480  
 74  1.0888   5974.333958  x:  0.00799   0.01607   0.23084   0.00000   0.00945   0.00259   0.03759   0.00000   0.00000   0.00821   0.21223   0.05244   0.00375   0.16726   0.05676   0.00000   0.00000   0.15953   0.18884   0.00871   0.00000   0.08486   0.05062   0.00000   0.11120   0.00255   0.01692   0.00000   0.00000   0.16406   0.03836   0.00000   0.11524   0.04630   0.00000   0.00181   0.22303   0.01497   0.00000   0.00000   0.01678   0.07184   0.00000   0.00000   0.00743   0.32781   0.03991   0.04238   0.03594   0.19155   0.02827   2.67849   0.93680   0.26959   1.48053   1.97373  
 75  0.2076   5974.086303  x:  0.00804   0.01468   0.22984   0.00000   0.01002   0.00267   0.03786   0.00000   0.00000   0.00809   0.21260   0.05219   0.00386   0.16933   0.05621   0.00000   0.00000   0.15766   0.18574   0.00791   0.00000   0.08448   0.05013   0.00000   0.11206   0.00258   0.01605   0.00000   0.00000   0.16441   0.03812   0.00158   0.11709   0.04644   0.00000   0.00152   0.22344   0.01460   0.00000   0.00000   0.01620   0.07233   0.00000   0.00000   0.00804   0.33345   0.03997   0.04234   0.03622   0.19099   0.02779   2.68694   0.93863   0.26558   1.43955   2.02188  
 76  0.2332   5973.931047  x:  0.00793   0.01432   0.22794   0.00000   0.01083   0.00266   0.03839   0.00000   0.00000   0.00819   0.21278   0.05197   0.00369   0.17118   0.05519   0.00000   0.00000   0.15649   0.18272   0.00766   0.00000   0.08409   0.04919   0.00000   0.11265   0.00261   0.01627   0.00000   0.00000   0.16341   0.03816   0.00062   0.11736   0.04728   0.00000   0.00147   0.22296   0.01466   0.00000   0.00000   0.01606   0.07262   0.00000   0.00000   0.00791   0.34253   0.03962   0.04237   0.03647   0.18994   0.02770   2.69891   0.94097   0.26266   1.41330   2.08601  
 77  0.0600   5973.910487  x:  0.00771   0.01493   0.22799   0.00000   0.01084   0.00268   0.03861   0.00000   0.00000   0.00814   0.21213   0.05192   0.00391   0.17081   0.05540   0.00000   0.00000   0.15697   0.18484   0.00763   0.00000   0.08439   0.04958   0.00000   0.11247   0.00263   0.01636   0.00000   0.00000   0.16321   0.03834   0.00048   0.11700   0.04715   0.00000   0.00150   0.22400   0.01469   0.00000   0.00000   0.01624   0.07299   0.00000   0.00000   0.00826   0.34468   0.03965   0.04252   0.03670   0.19068   0.02783   2.69573   0.94113   0.26167   1.38870   2.09480  
 78  0.0208   5973.900442  x:  0.00747   0.01496   0.22756   0.00000   0.01102   0.00258   0.03858   0.00000   0.00000   0.00813   0.21164   0.05201   0.00386   0.16979   0.05547   0.00000   0.00000   0.15756   0.18514   0.00799   0.00000   0.08444   0.04971   0.00000   0.11227   0.00262   0.01651   0.00000   0.00000   0.16268   0.03837   0.00060   0.11688   0.04716   0.00000   0.00159   0.22388   0.01477   0.00000   0.00000   0.01638   0.07280   0.00000   0.00000   0.00812   0.34545   0.03961   0.04253   0.03653   0.19087   0.02796   2.69574   0.94117   0.26124   1.39188   2.09565  
 79  0.0032   5973.894090  x:  0.00713   0.01489   0.22727   0.00000   0.01102   0.00258   0.03842   0.00000   0.00000   0.00810   0.21096   0.05201   0.00382   0.16901   0.05543   0.00000   0.00000   0.15708   0.18451   0.00775   0.00000   0.08440   0.04964   0.00000   0.11211   0.00264   0.01629   0.00000   0.00000   0.16269   0.03831   0.00066   0.11700   0.04704   0.00000   0.00156   0.22375   0.01482   0.00000   0.00000   0.01634   0.07278   0.00000   0.00000   0.00823   0.34629   0.03961   0.04248   0.03655   0.19107   0.02782   2.69602   0.94142   0.26205   1.39686   2.09613  
 80  0.0026   5973.891643  x:  0.00694   0.01492   0.22756   0.00000   0.01104   0.00260   0.03845   0.00000   0.00000   0.00812   0.21111   0.05203   0.00384   0.16872   0.05537   0.00000   0.00000   0.15706   0.18438   0.00780   0.00000   0.08433   0.04950   0.00000   0.11214   0.00263   0.01639   0.00000   0.00000   0.16281   0.03830   0.00060   0.11688   0.04708   0.00000   0.00151   0.22345   0.01469   0.00000   0.00000   0.01625   0.07272   0.00000   0.00000   0.00814   0.34611   0.03962   0.04245   0.03653   0.19063   0.02783   2.69501   0.94142   0.26174   1.39457   2.09276  
 81  0.0028   5973.890597  x:  0.00683   0.01500   0.22768   0.00000   0.01094   0.00260   0.03849   0.00000   0.00000   0.00814   0.21141   0.05205   0.00387   0.16894   0.05539   0.00000   0.00000   0.15708   0.18444   0.00779   0.00000   0.08432   0.04956   0.00000   0.11224   0.00262   0.01639   0.00000   0.00000   0.16295   0.03830   0.00057   0.11700   0.04707   0.00000   0.00155   0.22360   0.01475   0.00000   0.00000   0.01629   0.07275   0.00000   0.00000   0.00815   0.34578   0.03962   0.04245   0.03651   0.19065   0.02783   2.69674   0.94123   0.26205   1.39973   2.08976  
 82  0.0046   5973.890227  x:  0.00679   0.01499   0.22772   0.00000   0.01093   0.00261   0.03849   0.00000   0.00000   0.00815   0.21164   0.05207   0.00383   0.16929   0.05543   0.00000   0.00000   0.15712   0.18464   0.00781   0.00000   0.08437   0.04961   0.00000   0.11229   0.00262   0.01638   0.00000   0.00000   0.16296   0.03832   0.00061   0.11694   0.04709   0.00000   0.00155   0.22369   0.01475   0.00000   0.00000   0.01630   0.07280   0.00000   0.00000   0.00814   0.34578   0.03963   0.04247   0.03657   0.19069   0.02784   2.69593   0.94122   0.26189   1.39649   2.09128  
 83  0.0024   5973.890165  x:  0.00678   0.01500   0.22765   0.00000   0.01094   0.00261   0.03848   0.00000   0.00000   0.00814   0.21165   0.05207   0.00383   0.16939   0.05542   0.00000   0.00000   0.15715   0.18458   0.00781   0.00000   0.08437   0.04960   0.00000   0.11229   0.00263   0.01638   0.00000   0.00000   0.16292   0.03831   0.00060   0.11696   0.04710   0.00000   0.00154   0.22367   0.01475   0.00000   0.00000   0.01629   0.07278   0.00000   0.00000   0.00815   0.34582   0.03963   0.04247   0.03654   0.19074   0.02785   2.69604   0.94126   0.26184   1.39650   2.09255  
 84  0.0011   5973.890153  x:  0.00677   0.01500   0.22763   0.00000   0.01094   0.00261   0.03848   0.00000   0.00000   0.00814   0.21161   0.05207   0.00384   0.16941   0.05542   0.00000   0.00000   0.15716   0.18458   0.00781   0.00000   0.08437   0.04959   0.00000   0.11228   0.00263   0.01638   0.00000   0.00000   0.16291   0.03831   0.00060   0.11697   0.04710   0.00000   0.00154   0.22366   0.01475   0.00000   0.00000   0.01629   0.07278   0.00000   0.00000   0.00814   0.34577   0.03963   0.04247   0.03654   0.19074   0.02784   2.69608   0.94127   0.26186   1.39624   2.09289  
 85  0.0004   5973.890149  x:  0.00677   0.01500   0.22763   0.00000   0.01094   0.00261   0.03848   0.00000   0.00000   0.00814   0.21158   0.05207   0.00384   0.16941   0.05542   0.00000   0.00000   0.15716   0.18458   0.00781   0.00000   0.08437   0.04959   0.00000   0.11228   0.00263   0.01638   0.00000   0.00000   0.16291   0.03831   0.00060   0.11696   0.04710   0.00000   0.00154   0.22366   0.01475   0.00000   0.00000   0.01629   0.07277   0.00000   0.00000   0.00815   0.34570   0.03963   0.04247   0.03654   0.19075   0.02784   2.69616   0.94127   0.26185   1.39621   2.09275  
 86  0.0001   5973.890149  x:  0.00677   0.01500   0.22763   0.00000   0.01095   0.00261   0.03848   0.00000   0.00000   0.00814   0.21157   0.05207   0.00384   0.16941   0.05542   0.00000   0.00000   0.15716   0.18458   0.00781   0.00000   0.08437   0.04959   0.00000   0.11228   0.00263   0.01638   0.00000   0.00000   0.16291   0.03831   0.00060   0.11696   0.04710   0.00000   0.00154   0.22365   0.01475   0.00000   0.00000   0.01629   0.07277   0.00000   0.00000   0.00815   0.34570   0.03963   0.04247   0.03654   0.19074   0.02784   2.69615   0.94128   0.26185   1.39620   2.09280  
 87  0.0000   5973.890149  x:  0.00677   0.01500   0.22763   0.00000   0.01095   0.00261   0.03848   0.00000   0.00000   0.00814   0.21157   0.05207   0.00384   0.16941   0.05542   0.00000   0.00000   0.15716   0.18458   0.00781   0.00000   0.08437   0.04959   0.00000   0.11228   0.00263   0.01638   0.00000   0.00000   0.16291   0.03831   0.00060   0.11696   0.04710   0.00000   0.00154   0.22365   0.01475   0.00000   0.00000   0.01629   0.07277   0.00000   0.00000   0.00815   0.34570   0.03963   0.04247   0.03654   0.19074   0.02784   2.69613   0.94128   0.26185   1.39617   2.09280  
 88  0.0000   5973.890149  x:  0.00677   0.01500   0.22763   0.00000   0.01095   0.00261   0.03848   0.00000   0.00000   0.00814   0.21157   0.05207   0.00384   0.16941   0.05542   0.00000   0.00000   0.15716   0.18458   0.00781   0.00000   0.08437   0.04959   0.00000   0.11228   0.00263   0.01638   0.00000   0.00000   0.16291   0.03831   0.00060   0.11696   0.04710   0.00000   0.00154   0.22365   0.01475   0.00000   0.00000   0.01629   0.07277   0.00000   0.00000   0.00815   0.34570   0.03963   0.04247   0.03654   0.19074   0.02784   2.69613   0.94129   0.26185   1.39617   2.09280  
 89  0.0000   5973.890149  x:  0.00677   0.01500   0.22763   0.00000   0.01095   0.00261   0.03848   0.00000   0.00000   0.00814   0.21157   0.05207   0.00384   0.16941   0.05542   0.00000   0.00000   0.15716   0.18458   0.00781   0.00000   0.08437   0.04959   0.00000   0.11228   0.00263   0.01638   0.00000   0.00000   0.16291   0.03831   0.00060   0.11696   0.04710   0.00000   0.00154   0.22365   0.01475   0.00000   0.00000   0.01629   0.07277   0.00000   0.00000   0.00815   0.34569   0.03963   0.04247   0.03654   0.19074   0.02784   2.69613   0.94129   0.26185   1.39617   2.09280  
 90  0.0000   5973.890149  x:  0.00677   0.01500   0.22763   0.00000   0.01095   0.00261   0.03848   0.00000   0.00000   0.00814   0.21157   0.05207   0.00384   0.16941   0.05542   0.00000   0.00000   0.15716   0.18458   0.00781   0.00000   0.08437   0.04959   0.00000   0.11228   0.00263   0.01638   0.00000   0.00000   0.16291   0.03831   0.00060   0.11696   0.04710   0.00000   0.00154   0.22365   0.01475   0.00000   0.00000   0.01629   0.07277   0.00000   0.00000   0.00815   0.34569   0.03963   0.04247   0.03654   0.19074   0.02784   2.69613   0.94129   0.26185   1.39616   2.09280  
 91  0.0000   5973.890149  x:  0.00677   0.01500   0.22763   0.00000   0.01095   0.00261   0.03848   0.00000   0.00000   0.00814   0.21158   0.05207   0.00384   0.16941   0.05542   0.00000   0.00000   0.15716   0.18458   0.00781   0.00000   0.08437   0.04959   0.00000   0.11228   0.00263   0.01638   0.00000   0.00000   0.16291   0.03831   0.00060   0.11696   0.04710   0.00000   0.00154   0.22365   0.01475   0.00000   0.00000   0.01629   0.07277   0.00000   0.00000   0.00815   0.34569   0.03963   0.04247   0.03654   0.19074   0.02784   2.69613   0.94129   0.26185   1.39616   2.09280  
 92  0.0000   5973.890149  x:  0.00677   0.01500   0.22763   0.00000   0.01095   0.00261   0.03848   0.00000   0.00000   0.00814   0.21158   0.05207   0.00384   0.16941   0.05542   0.00000   0.00000   0.15716   0.18458   0.00781   0.00000   0.08437   0.04959   0.00000   0.11228   0.00263   0.01638   0.00000   0.00000   0.16291   0.03831   0.00060   0.11696   0.04710   0.00000   0.00154   0.22365   0.01475   0.00000   0.00000   0.01629   0.07277   0.00000   0.00000   0.00815   0.34569   0.03963   0.04247   0.03654   0.19074   0.02784   2.69613   0.94129   0.26185   1.39616   2.09280  