

Model 0: one-ratio

TREE # 1

  0  0.0000   7048.621488  x:  0.06707   0.10538   0.04202   0.06485   0.06924   0.03591   0.01958   0.08903   0.03782   0.07637   0.03166   0.05545   0.02509   0.08304   0.07736   0.07646   0.04620   0.02994   0.10737   0.03529   0.04961   0.03255   0.01464   0.10145   0.06360   0.04185   0.09411   0.07482   0.02349   0.06941   0.06368   0.05702   0.05942   0.07964   0.01360   0.02352   0.09915   0.06009   0.02647   0.04480   0.01575   0.05559   0.08499   0.08006   0.02479   0.02744   0.05973   0.04205   0.01073   0.07334   0.04409   2.00000   0.40000  
  1 99.0000   6668.826899  x:  0.05566   0.09708   0.08686   0.05075   0.06222   0.02288   0.03265   0.07781   0.02450   0.07234   0.08278   0.04434   0.01540   0.09482   0.07318   0.06254   0.03767   0.07645   0.11525   0.02271   0.03687   0.05307   0.05108   0.08856   0.07068   0.02918   0.08242   0.06100   0.01076   0.08602   0.05878   0.04353   0.06949   0.07481   0.00000   0.01093   0.11075   0.05488   0.01254   0.03130   0.03579   0.05401   0.07233   0.06670   0.03453   0.14921   0.04771   0.04244   0.04055   0.09301   0.03898   2.00156   0.38810  
  2 4473.2419   6571.101077  x:  0.04562   0.08918   0.09650   0.03886   0.05612   0.01242   0.03309   0.06841   0.01284   0.06766   0.08801   0.03753   0.00862   0.10182   0.07013   0.05093   0.02989   0.08058   0.12004   0.01175   0.02590   0.05622   0.04757   0.07807   0.07513   0.01894   0.07288   0.04937   0.00000   0.09437   0.05523   0.03240   0.07493   0.07100   0.00000   0.00157   0.11842   0.05040   0.00095   0.01946   0.03314   0.05349   0.06119   0.05528   0.03175   0.14427   0.04002   0.04192   0.03567   0.10222   0.03524   2.00281   0.37840  
  3 2082.8817   6565.749422  x:  0.04489   0.08853   0.09648   0.03785   0.05568   0.01198   0.03308   0.06779   0.01184   0.06735   0.08806   0.03745   0.00899   0.10195   0.07004   0.04995   0.02952   0.08058   0.12020   0.01097   0.02498   0.05610   0.04773   0.07721   0.07527   0.01831   0.07219   0.04837   0.00000   0.09439   0.05509   0.03159   0.07497   0.07079   0.00000   0.00236   0.11867   0.05018   0.00000   0.01845   0.03298   0.05368   0.06035   0.05429   0.03170   0.14425   0.03979   0.04198   0.03576   0.10229   0.03533   2.00291   0.37777  
  4 3960.0244   6525.927980  x:  0.03830   0.08276   0.09429   0.02844   0.05288   0.01098   0.03294   0.06246   0.00254   0.06486   0.08744   0.03878   0.01216   0.10144   0.06975   0.04090   0.02808   0.07963   0.12067   0.00446   0.01673   0.05435   0.04974   0.06971   0.07557   0.01439   0.06660   0.03912   0.00000   0.09261   0.05472   0.02496   0.07410   0.06945   0.00000   0.00000   0.11914   0.04826   0.00000   0.00899   0.03286   0.05536   0.05259   0.04507   0.03134   0.14507   0.03996   0.04248   0.03732   0.10061   0.03699   2.00382   0.37332  
  5 9629.1954   6516.807761  x:  0.03726   0.08145   0.09445   0.02588   0.05231   0.01147   0.03298   0.06148   0.00000   0.06425   0.08766   0.03964   0.01160   0.10117   0.06972   0.03844   0.02861   0.07959   0.12056   0.00297   0.01465   0.05443   0.04971   0.06806   0.07558   0.01442   0.06559   0.03659   0.00000   0.09239   0.05486   0.02368   0.07406   0.06939   0.00000   0.00000   0.11918   0.04833   0.00000   0.00641   0.03219   0.05575   0.05082   0.04253   0.03091   0.14532   0.04090   0.04240   0.03711   0.10031   0.03701   2.00405   0.37279  
  6 7398.8358   6497.472548  x:  0.03534   0.07830   0.09527   0.01959   0.05075   0.01178   0.03289   0.05941   0.00000   0.06240   0.08848   0.04222   0.01177   0.10107   0.06969   0.03237   0.02993   0.07951   0.12034   0.00003   0.00977   0.05426   0.04982   0.06470   0.07578   0.01489   0.06371   0.03030   0.00000   0.09242   0.05506   0.02129   0.07426   0.06929   0.00000   0.00000   0.11964   0.04755   0.00000   0.00000   0.03124   0.05670   0.04655   0.03616   0.02927   0.14552   0.04405   0.04235   0.03686   0.10022   0.03681   2.00463   0.37219  
  7 32036.4901   6497.321595  x:  0.03532   0.07827   0.09528   0.01953   0.05074   0.01178   0.03289   0.05939   0.00000   0.06239   0.08849   0.04225   0.01178   0.10106   0.06969   0.03231   0.02994   0.07951   0.12034   0.00000   0.00972   0.05426   0.04982   0.06467   0.07579   0.01490   0.06369   0.03025   0.00000   0.09242   0.05506   0.02126   0.07427   0.06929   0.00000   0.00000   0.11964   0.04754   0.00000   0.00000   0.03124   0.05670   0.04651   0.03610   0.02925   0.14552   0.04408   0.04235   0.03686   0.10022   0.03681   2.00463   0.37219  
  8 116167.1622   6466.904851  x:  0.03172   0.07375   0.09653   0.00692   0.05013   0.01148   0.03352   0.05471   0.00000   0.05934   0.09014   0.04662   0.01321   0.10146   0.06974   0.02014   0.03381   0.07936   0.11974   0.00000   0.00000   0.05380   0.05054   0.05799   0.07640   0.01712   0.06031   0.01760   0.00000   0.09316   0.05552   0.01693   0.07506   0.06941   0.00000   0.00000   0.12016   0.04731   0.00000   0.00000   0.02933   0.05714   0.03816   0.02367   0.02744   0.14526   0.04961   0.04255   0.03714   0.10087   0.03621   2.00576   0.37157  
  9 39267.0751   6452.136568  x:  0.02987   0.07140   0.09714   0.00000   0.04981   0.01135   0.03362   0.05206   0.00000   0.05760   0.09101   0.04899   0.01388   0.10167   0.06973   0.01347   0.03584   0.07926   0.11945   0.00000   0.00000   0.05372   0.05074   0.05438   0.07671   0.01823   0.05859   0.01066   0.00000   0.09349   0.05570   0.01481   0.07542   0.06946   0.00000   0.00000   0.12046   0.04707   0.00000   0.00000   0.02861   0.05744   0.03357   0.01688   0.02634   0.14520   0.05255   0.04263   0.03725   0.10114   0.03593   2.00638   0.37134  
 10 445393.1129   6433.461838  x:  0.02710   0.06779   0.09835   0.00000   0.04919   0.01125   0.03413   0.04785   0.00000   0.05486   0.09246   0.05292   0.01521   0.10181   0.06988   0.00344   0.03845   0.07916   0.11903   0.00000   0.00000   0.05334   0.05079   0.04868   0.07698   0.02004   0.05597   0.00000   0.00000   0.09388   0.05628   0.01202   0.07586   0.06972   0.00000   0.00000   0.12092   0.04682   0.00000   0.00000   0.02725   0.05787   0.02644   0.00651   0.02454   0.14518   0.05682   0.04272   0.03727   0.10158   0.03544   2.00732   0.37086  
 11 249667.9403   6428.205586  x:  0.02612   0.06642   0.09873   0.00000   0.04889   0.01119   0.03411   0.04626   0.00000   0.05375   0.09302   0.05442   0.01564   0.10188   0.06994   0.00000   0.03946   0.07913   0.11887   0.00000   0.00000   0.05331   0.05098   0.04661   0.07713   0.02081   0.05498   0.00000   0.00000   0.09407   0.05651   0.01120   0.07608   0.06983   0.00000   0.00000   0.12108   0.04677   0.00000   0.00000   0.02674   0.05803   0.02389   0.00289   0.02392   0.14510   0.05829   0.04278   0.03734   0.10175   0.03528   2.00765   0.37053  
 12 126567.6555   6424.984730  x:  0.02533   0.06532   0.09902   0.00000   0.04865   0.01115   0.03411   0.04498   0.00000   0.05286   0.09347   0.05563   0.01599   0.10193   0.06998   0.00000   0.04028   0.07909   0.11873   0.00000   0.00000   0.05329   0.05113   0.04496   0.07724   0.02142   0.05419   0.00000   0.00000   0.09421   0.05668   0.01054   0.07626   0.06991   0.00000   0.00000   0.12120   0.04673   0.00000   0.00000   0.02633   0.05816   0.02185   0.00000   0.02342   0.14505   0.05947   0.04283   0.03740   0.10189   0.03516   2.00792   0.37025  
 13 13373797.6966   6402.630463  x:  0.01781   0.05435   0.10286   0.00000   0.04730   0.01052   0.03245   0.02843   0.00000   0.04147   0.09921   0.06261   0.01985   0.09848   0.07582   0.00000   0.04972   0.07865   0.11748   0.00000   0.00000   0.05237   0.05194   0.02881   0.07837   0.02712   0.04652   0.00000   0.00000   0.09534   0.05883   0.00491   0.07762   0.07075   0.00000   0.00000   0.12231   0.04605   0.00000   0.00000   0.02163   0.05877   0.00000   0.00000   0.01863   0.14445   0.07206   0.04342   0.03793   0.10343   0.03357   2.01069   0.36786  
 14 6381.8118   6381.856744  x:  0.00734   0.03820   0.10491   0.00000   0.04476   0.01163   0.03688   0.00009   0.00000   0.02820   0.10303   0.07352   0.02545   0.10215   0.07929   0.00000   0.06067   0.07879   0.11635   0.00000   0.00000   0.05905   0.05627   0.00000   0.08105   0.03236   0.03430   0.00000   0.00000   0.09695   0.06545   0.00530   0.08074   0.07432   0.00000   0.00000   0.12328   0.04963   0.00000   0.00000   0.01815   0.05941   0.00000   0.00000   0.01164   0.14199   0.08793   0.04436   0.03885   0.10579   0.03193   2.01581   0.36628  
 15 1802.6628   6381.820253  x:  0.00734   0.03816   0.10491   0.00000   0.04474   0.01163   0.03688   0.00000   0.00000   0.02817   0.10304   0.07356   0.02547   0.10216   0.07929   0.00000   0.06070   0.07880   0.11635   0.00000   0.00000   0.05906   0.05627   0.00000   0.08106   0.03237   0.03427   0.00000   0.00000   0.09695   0.06546   0.00529   0.08075   0.07433   0.00000   0.00000   0.12328   0.04964   0.00000   0.00000   0.01814   0.05941   0.00000   0.00000   0.01164   0.14199   0.08797   0.04437   0.03885   0.10579   0.03192   2.01583   0.36627  
 16 2205.2711   6375.164785  x:  0.01039   0.03087   0.10144   0.00000   0.04589   0.00538   0.03479   0.00000   0.00000   0.00872   0.10794   0.08381   0.02237   0.10175   0.07457   0.00000   0.06439   0.07843   0.11905   0.00000   0.00000   0.05116   0.05283   0.00000   0.08095   0.03157   0.02379   0.00000   0.00000   0.09530   0.06921   0.00235   0.07883   0.07550   0.00000   0.00000   0.12410   0.05316   0.00000   0.00000   0.01751   0.05473   0.00000   0.00000   0.00737   0.14343   0.08582   0.04524   0.04277   0.10718   0.03377   2.02524   0.35426  
 17 149.7879   6368.464660  x:  0.00354   0.02607   0.09906   0.00000   0.04758   0.00201   0.03056   0.00000   0.00000   0.01028   0.11324   0.08931   0.01889   0.09619   0.07259   0.00000   0.06320   0.07649   0.12407   0.00000   0.00000   0.04489   0.04216   0.00000   0.07949   0.02483   0.01810   0.00000   0.00000   0.09305   0.06567   0.00820   0.07507   0.07205   0.00000   0.01135   0.12806   0.04549   0.00000   0.00000   0.02076   0.05372   0.00000   0.00000   0.01710   0.14534   0.07575   0.04501   0.04355   0.10743   0.03617   2.03591   0.33574  
 18 345.2386   6354.927698  x:  0.00686   0.01519   0.09553   0.00000   0.05048   0.01694   0.02401   0.00000   0.00000   0.01378   0.12300   0.09636   0.02194   0.08754   0.07217   0.00000   0.05986   0.07318   0.13452   0.00000   0.00000   0.04103   0.03114   0.00000   0.07953   0.00810   0.00807   0.00000   0.00000   0.09136   0.05728   0.00754   0.07059   0.06350   0.00000   0.00592   0.13658   0.02554   0.00000   0.00000   0.02126   0.05306   0.00000   0.00000   0.01992   0.14615   0.05319   0.04592   0.04691   0.11016   0.04047   2.05967   0.29275  
 19 767.7079   6347.954653  x:  0.00495   0.01203   0.09578   0.00000   0.04720   0.01550   0.02405   0.00000   0.00000   0.01119   0.12411   0.09901   0.02513   0.08309   0.07310   0.00000   0.05688   0.07219   0.13824   0.00000   0.00000   0.04587   0.02890   0.00000   0.07884   0.00235   0.02010   0.00000   0.00000   0.08783   0.05441   0.00072   0.06883   0.05899   0.00000   0.00291   0.13854   0.01924   0.00000   0.00000   0.02176   0.05717   0.00000   0.00000   0.02229   0.14691   0.04251   0.04468   0.04302   0.10675   0.04277   2.07210   0.26958  
 20 702.4847   6345.759668  x:  0.00590   0.01237   0.09646   0.00000   0.04436   0.01393   0.02440   0.00000   0.00000   0.01136   0.12322   0.09787   0.02607   0.08221   0.07366   0.00000   0.05590   0.07210   0.13885   0.00000   0.00000   0.04661   0.02995   0.00000   0.07892   0.00439   0.01914   0.00000   0.00000   0.08677   0.05295   0.00000   0.06884   0.05718   0.00000   0.00300   0.13900   0.01817   0.00000   0.00000   0.02147   0.05963   0.00000   0.00000   0.02198   0.14736   0.04209   0.04414   0.04105   0.10489   0.04339   2.07528   0.26450  
 21 463.2480   6341.779024  x:  0.00797   0.01377   0.10071   0.00000   0.03538   0.00828   0.02460   0.00000   0.00000   0.00994   0.11990   0.09281   0.03026   0.07935   0.07511   0.00000   0.05678   0.07245   0.13907   0.00000   0.00000   0.04633   0.03320   0.00000   0.07961   0.00203   0.01561   0.00000   0.00000   0.08414   0.04794   0.00299   0.07043   0.05123   0.00000   0.00000   0.13858   0.01950   0.00000   0.00000   0.01995   0.06670   0.00000   0.00000   0.02169   0.14910   0.04427   0.04212   0.03365   0.09827   0.04458   2.08533   0.24907  
 22 1032.9461   6341.102224  x:  0.00887   0.01405   0.10170   0.00000   0.03313   0.00823   0.02470   0.00000   0.00000   0.00980   0.11896   0.09106   0.03171   0.07913   0.07559   0.00000   0.05707   0.07266   0.13889   0.00000   0.00000   0.04655   0.03413   0.00000   0.07993   0.00107   0.01550   0.00000   0.00000   0.08392   0.04682   0.00331   0.07106   0.04998   0.00000   0.00168   0.13837   0.02013   0.00000   0.00000   0.01934   0.06821   0.00000   0.00000   0.02095   0.14937   0.04502   0.04182   0.03236   0.09699   0.04473   2.08730   0.24627  
 23 1078.4999   6339.843593  x:  0.00773   0.01153   0.10241   0.00000   0.02629   0.01024   0.02402   0.00000   0.00000   0.00822   0.11666   0.08422   0.03480   0.08053   0.07515   0.00000   0.05767   0.07356   0.13856   0.00000   0.00000   0.04459   0.03231   0.00000   0.08108   0.00336   0.01747   0.00000   0.00000   0.08447   0.04424   0.00521   0.07250   0.04735   0.00000   0.00268   0.13792   0.02185   0.00000   0.00000   0.01784   0.07017   0.00000   0.00000   0.01990   0.15080   0.04628   0.04204   0.03275   0.09530   0.04533   2.09226   0.24141  
 24 378.1229   6338.481164  x:  0.00726   0.01336   0.10082   0.00000   0.01606   0.00956   0.02458   0.00000   0.00000   0.00876   0.11453   0.07718   0.03557   0.08307   0.07556   0.00000   0.05721   0.07431   0.13724   0.00000   0.00000   0.04380   0.02710   0.00000   0.08092   0.00259   0.01667   0.00000   0.00000   0.08514   0.04511   0.00410   0.07270   0.04800   0.00000   0.00213   0.13698   0.02278   0.00000   0.00000   0.01820   0.07147   0.00000   0.00000   0.01926   0.15230   0.04898   0.04306   0.03608   0.09435   0.04615   2.09752   0.24197  
 25 192.6397   6337.605355  x:  0.00858   0.00869   0.10035   0.00000   0.01540   0.00911   0.02585   0.00000   0.00000   0.00789   0.11244   0.06934   0.03438   0.08471   0.07395   0.00000   0.05402   0.07422   0.13598   0.00000   0.00000   0.04249   0.02761   0.00000   0.07955   0.00222   0.01630   0.00000   0.00000   0.08505   0.04602   0.00394   0.07146   0.04895   0.00000   0.00212   0.13700   0.02022   0.00000   0.00000   0.02026   0.07313   0.00000   0.00000   0.02033   0.15293   0.05161   0.04245   0.03457   0.09387   0.04619   2.10376   0.24724  
 26 100.1601   6337.152397  x:  0.00737   0.01066   0.10023   0.00000   0.01694   0.01028   0.02580   0.00000   0.00000   0.00601   0.11158   0.06493   0.03513   0.08588   0.07175   0.00000   0.05122   0.07411   0.13576   0.00000   0.00000   0.04306   0.02688   0.00000   0.07906   0.00222   0.01568   0.00000   0.00000   0.08442   0.04564   0.00393   0.07072   0.04837   0.00000   0.00226   0.13778   0.01798   0.00000   0.00000   0.01997   0.07455   0.00000   0.00000   0.02097   0.15375   0.05278   0.04180   0.03321   0.09348   0.04642   2.10822   0.25032  
 27 160.3572   6336.695747  x:  0.00704   0.00991   0.09960   0.00000   0.01923   0.00882   0.02482   0.00000   0.00000   0.00742   0.11255   0.06254   0.03709   0.08635   0.06827   0.00000   0.04980   0.07384   0.13645   0.00000   0.00000   0.04412   0.02469   0.00000   0.07920   0.00217   0.01536   0.00000   0.00000   0.08268   0.04446   0.00393   0.06996   0.04641   0.00000   0.00222   0.13964   0.01780   0.00000   0.00000   0.01734   0.07573   0.00000   0.00000   0.01878   0.15521   0.05513   0.04110   0.03258   0.09290   0.04721   2.11542   0.25313  
 28 122.3296   6335.960816  x:  0.00578   0.01006   0.09998   0.00000   0.01643   0.01026   0.02634   0.00000   0.00000   0.00720   0.11700   0.06470   0.03759   0.08270   0.06364   0.00000   0.04917   0.07229   0.14007   0.00000   0.00000   0.04281   0.02687   0.00000   0.08046   0.00201   0.01579   0.00000   0.00000   0.08177   0.04086   0.00368   0.06936   0.04291   0.00000   0.00201   0.14600   0.01868   0.00000   0.00000   0.01679   0.07664   0.00000   0.00000   0.01870   0.15330   0.06081   0.04098   0.03352   0.09431   0.04737   2.13361   0.25805  
 29 94.8897   6334.949570  x:  0.00660   0.01007   0.10021   0.00000   0.01792   0.00962   0.02926   0.00000   0.00000   0.00740   0.11555   0.06941   0.03607   0.08148   0.06782   0.00000   0.04986   0.07394   0.14397   0.00000   0.00000   0.04305   0.02596   0.00000   0.08199   0.00215   0.01638   0.00000   0.00000   0.08478   0.04031   0.00425   0.07194   0.04495   0.00000   0.00242   0.15091   0.01304   0.00000   0.00000   0.01585   0.07774   0.00000   0.00000   0.01822   0.15242   0.06730   0.04310   0.03744   0.09264   0.04670   2.16704   0.25589  
 30 91.6645   6333.212377  x:  0.00757   0.01039   0.09662   0.00000   0.01983   0.01007   0.02870   0.00000   0.00000   0.00717   0.11194   0.07392   0.03374   0.08991   0.08042   0.00000   0.04396   0.07197   0.15039   0.00000   0.00000   0.04009   0.02608   0.00000   0.07836   0.00184   0.01768   0.00000   0.00000   0.08780   0.03706   0.00392   0.06730   0.04528   0.00000   0.00189   0.15965   0.01719   0.00000   0.00000   0.01435   0.08155   0.00000   0.00000   0.01936   0.15575   0.07084   0.04226   0.03666   0.09698   0.04454   2.23413   0.25609  
 31 164.5365   6328.194791  x:  0.00872   0.01147   0.09555   0.00000   0.01274   0.00847   0.03100   0.00000   0.00000   0.00802   0.11235   0.06890   0.03476   0.08926   0.08765   0.00000   0.03474   0.07180   0.15419   0.00000   0.00000   0.04355   0.02915   0.00000   0.07277   0.00276   0.01772   0.00000   0.00000   0.07723   0.05023   0.00592   0.06562   0.04107   0.00000   0.00269   0.16042   0.01290   0.00000   0.00000   0.00984   0.07174   0.00000   0.00000   0.01831   0.15702   0.05672   0.03813   0.03213   0.10498   0.04183   2.42822   0.26683  
 32 301.3302   6325.108060  x:  0.01017   0.01114   0.09957   0.00000   0.01521   0.00787   0.03356   0.00000   0.00000   0.00722   0.11381   0.06390   0.03404   0.08233   0.08478   0.00000   0.01797   0.07474   0.15314   0.00000   0.00000   0.04562   0.02752   0.00000   0.07606   0.00283   0.01741   0.00000   0.00000   0.07735   0.05044   0.00588   0.06813   0.04577   0.00000   0.00243   0.15859   0.01871   0.00000   0.00000   0.00952   0.07564   0.00000   0.00000   0.01969   0.15377   0.04967   0.04249   0.03698   0.10037   0.04465   2.54456   0.27440  
 33 654.9977   6324.244269  x:  0.00880   0.01163   0.10154   0.00000   0.01477   0.00872   0.03162   0.00000   0.00000   0.00791   0.11512   0.06419   0.03392   0.08419   0.07976   0.00000   0.01756   0.07786   0.15094   0.00000   0.00000   0.04088   0.02921   0.00000   0.07690   0.00262   0.01764   0.00000   0.00000   0.08058   0.05194   0.00532   0.06677   0.05071   0.00000   0.00238   0.15578   0.01748   0.00000   0.00000   0.00754   0.07836   0.00000   0.00000   0.01919   0.15334   0.04842   0.04269   0.03490   0.09773   0.04557   2.57948   0.27501  
 34 253.7452   6322.390433  x:  0.00965   0.01289   0.10234   0.00000   0.01725   0.00950   0.03276   0.00000   0.00000   0.00894   0.11873   0.06007   0.03142   0.08641   0.06701   0.00000   0.01695   0.07757   0.14368   0.00000   0.00000   0.03963   0.02985   0.00000   0.07615   0.00277   0.01914   0.00000   0.00000   0.08074   0.05765   0.00571   0.06140   0.05088   0.00000   0.00250   0.15037   0.01745   0.00000   0.00000   0.00995   0.08140   0.00000   0.00000   0.01969   0.15116   0.05753   0.04260   0.03735   0.10501   0.04322   2.66154   0.26431  
 35 121.4191   6317.479994  x:  0.00854   0.01288   0.09969   0.00000   0.01755   0.00921   0.03515   0.00000   0.00000   0.00944   0.11147   0.06034   0.02887   0.08665   0.05039   0.00000   0.02360   0.07236   0.13139   0.00000   0.00000   0.04123   0.02918   0.00000   0.06846   0.00258   0.01774   0.00000   0.00000   0.09027   0.04476   0.00462   0.07729   0.05130   0.00000   0.00228   0.14153   0.01806   0.00000   0.00000   0.01070   0.07495   0.00000   0.00000   0.01943   0.15731   0.04859   0.04066   0.03403   0.10726   0.03740   2.87195   0.27007  
 36 306.1156   6314.756189  x:  0.00836   0.01327   0.10342   0.00000   0.01836   0.00960   0.03826   0.00000   0.00000   0.00999   0.11034   0.05968   0.02594   0.09469   0.05036   0.00000   0.03097   0.08168   0.13162   0.00000   0.00000   0.04109   0.02891   0.00000   0.08168   0.00250   0.01736   0.00000   0.00000   0.08735   0.04011   0.00471   0.07246   0.04582   0.00000   0.00215   0.14041   0.01906   0.00000   0.00000   0.01314   0.06899   0.00000   0.00000   0.01988   0.15443   0.03893   0.04165   0.03243   0.09991   0.04231   2.98973   0.27843  
 37 489.4309   6314.311880  x:  0.00810   0.01355   0.10392   0.00000   0.01879   0.00980   0.03907   0.00000   0.00000   0.01026   0.11370   0.05615   0.02582   0.09587   0.05063   0.00000   0.03366   0.07772   0.13873   0.00000   0.00000   0.04136   0.02927   0.00000   0.08091   0.00261   0.01742   0.00000   0.00000   0.09036   0.04424   0.00481   0.07377   0.04644   0.00000   0.00215   0.14142   0.01989   0.00000   0.00000   0.01371   0.07056   0.00000   0.00000   0.01940   0.15416   0.03791   0.04059   0.03229   0.09634   0.04665   3.00433   0.27858  
 38 58.0615   6313.308212  x:  0.00623   0.01330   0.10330   0.00000   0.01888   0.00991   0.03858   0.00000   0.00000   0.01044   0.11148   0.04959   0.02572   0.09385   0.05201   0.00000   0.03651   0.08356   0.15080   0.00000   0.00000   0.04354   0.03050   0.00000   0.07749   0.00259   0.01630   0.00000   0.00000   0.08794   0.04082   0.00439   0.07386   0.05226   0.00000   0.00209   0.13719   0.02063   0.00000   0.00000   0.01392   0.07118   0.00000   0.00000   0.01816   0.15284   0.03960   0.04298   0.03188   0.10058   0.04782   3.02320   0.27632  
 39 27.8775   6311.419348  x:  0.00295   0.01262   0.10442   0.00000   0.02024   0.01039   0.03658   0.00000   0.00000   0.01065   0.10636   0.04399   0.02184   0.09445   0.05859   0.00000   0.03392   0.08057   0.15019   0.00000   0.00000   0.04296   0.03225   0.00000   0.08553   0.00209   0.01465   0.00000   0.00000   0.09047   0.04346   0.00337   0.07769   0.04568   0.00000   0.00179   0.13217   0.02026   0.00000   0.00000   0.01367   0.06939   0.00000   0.00000   0.01682   0.15467   0.04267   0.04203   0.03504   0.10069   0.04191   3.04854   0.27282  
 40 61.4044   6310.657034  x:  0.00224   0.01251   0.10147   0.00000   0.01951   0.00996   0.03758   0.00000   0.00000   0.01073   0.11164   0.03996   0.02196   0.09477   0.06237   0.00000   0.03405   0.07962   0.13966   0.00000   0.00000   0.04588   0.03307   0.00000   0.08531   0.00224   0.01392   0.00000   0.00000   0.09311   0.04079   0.00350   0.07503   0.04841   0.00000   0.00181   0.13759   0.02017   0.00000   0.00000   0.01351   0.06676   0.00000   0.00000   0.01586   0.15404   0.04222   0.04339   0.03347   0.09918   0.04352   3.05418   0.26992  
 41 55.3121   6310.068416  x:  0.00177   0.01249   0.10302   0.00000   0.02047   0.01028   0.03730   0.00000   0.00000   0.01080   0.11113   0.03944   0.02081   0.09629   0.06361   0.00000   0.03528   0.08284   0.13396   0.00000   0.00000   0.04432   0.03339   0.00000   0.08186   0.00212   0.01384   0.00000   0.00000   0.08992   0.04292   0.00326   0.08005   0.04721   0.00000   0.00169   0.14412   0.02052   0.00000   0.00000   0.01368   0.07068   0.00000   0.00000   0.01559   0.15252   0.04069   0.04299   0.03516   0.10209   0.04905   3.04899   0.26936  
 42 28.2213   6297.865139  x:  0.00257   0.01217   0.11726   0.00000   0.01731   0.00659   0.04309   0.00000   0.00000   0.01135   0.08883   0.03669   0.01671   0.09915   0.04737   0.00000   0.02462   0.07712   0.14184   0.00000   0.00000   0.05151   0.03326   0.00000   0.09902   0.00226   0.01225   0.00000   0.00000   0.10990   0.04263   0.00375   0.07457   0.04750   0.00000   0.00169   0.16180   0.01878   0.00000   0.00000   0.01089   0.06260   0.00000   0.00000   0.01414   0.16135   0.03183   0.03994   0.02839   0.13541   0.07948   2.84379   0.25216  
 43 41.2161   6284.556048  x:  0.00350   0.01228   0.10974   0.00000   0.01622   0.00512   0.04893   0.00000   0.00000   0.01213   0.11058   0.03225   0.01070   0.12355   0.04084   0.00000   0.00541   0.08703   0.15759   0.00000   0.00000   0.05219   0.03503   0.00000   0.09813   0.00210   0.01173   0.00000   0.00000   0.11103   0.03687   0.00372   0.09014   0.03862   0.00000   0.00171   0.16077   0.01570   0.00000   0.00000   0.01059   0.06361   0.00000   0.00000   0.01453   0.15560   0.02530   0.04121   0.02589   0.13892   0.06438   2.64586   0.23773  
 44 611.9708   6283.175341  x:  0.00363   0.01226   0.10887   0.00000   0.01604   0.00472   0.05001   0.00000   0.00000   0.01222   0.11405   0.03130   0.00978   0.12763   0.03943   0.00000   0.00280   0.08843   0.16034   0.00630   0.00000   0.05248   0.03535   0.00000   0.09790   0.00208   0.01150   0.00000   0.00000   0.11113   0.03602   0.00377   0.09211   0.03734   0.00000   0.00173   0.16118   0.01522   0.00000   0.00000   0.01046   0.06480   0.00000   0.00000   0.01442   0.15454   0.02332   0.04156   0.02611   0.13943   0.06030   2.61072   0.23536  
 45 2707.3640   6281.966287  x:  0.00351   0.01202   0.11161   0.00000   0.01595   0.00380   0.05072   0.00000   0.00000   0.01207   0.11392   0.02997   0.00991   0.12903   0.03738   0.00000   0.00555   0.08664   0.16157   0.00525   0.00000   0.05348   0.03564   0.00000   0.09715   0.00216   0.01068   0.00000   0.00000   0.11011   0.03606   0.00411   0.08900   0.03845   0.00000   0.00180   0.16436   0.01524   0.00000   0.00000   0.01001   0.07040   0.00000   0.00000   0.01344   0.15369   0.01800   0.04291   0.02993   0.13893   0.05089   2.59179   0.23503  
 46 278.7565   6281.657714  x:  0.00351   0.01220   0.11227   0.00000   0.01596   0.00407   0.04990   0.00000   0.00000   0.01222   0.11145   0.02861   0.01009   0.12930   0.03488   0.00000   0.00527   0.08762   0.16318   0.00503   0.00000   0.05311   0.03615   0.00000   0.09646   0.00213   0.01092   0.00000   0.00000   0.10862   0.03734   0.00392   0.08937   0.04021   0.00000   0.00169   0.17099   0.01580   0.00000   0.00000   0.01040   0.06689   0.00000   0.00000   0.01355   0.15402   0.01896   0.04268   0.03047   0.13530   0.04639   2.58793   0.23346  
 47 52.3338   6280.952954  x:  0.00329   0.01202   0.11015   0.00000   0.01589   0.00351   0.04920   0.00000   0.00000   0.01206   0.10979   0.02989   0.01211   0.12613   0.03411   0.00000   0.00509   0.09405   0.16417   0.00443   0.00000   0.05440   0.03604   0.00000   0.09315   0.00215   0.01045   0.00000   0.00000   0.11600   0.04104   0.00402   0.08671   0.03485   0.00000   0.00161   0.17380   0.01654   0.00000   0.00000   0.01082   0.06821   0.00000   0.00000   0.01299   0.15320   0.01862   0.04430   0.02934   0.13431   0.04348   2.59294   0.23509  
 48  5.9045   6274.905663  x:  0.00202   0.01164   0.12140   0.00000   0.01286   0.00083   0.04441   0.00000   0.00000   0.01206   0.11266   0.03789   0.02077   0.13051   0.03680   0.00000   0.00287   0.09282   0.16851   0.00299   0.00000   0.05622   0.03588   0.00000   0.09845   0.00236   0.00914   0.00000   0.00000   0.11725   0.03879   0.00364   0.08899   0.04488   0.00000   0.00177   0.18085   0.01488   0.00000   0.00000   0.01397   0.07279   0.00000   0.00000   0.00882   0.15009   0.01844   0.03452   0.02856   0.13766   0.03276   2.63638   0.24028  
 49 38.1988   6274.172864  x:  0.00186   0.01168   0.12495   0.00000   0.01246   0.00064   0.04332   0.00000   0.00000   0.01219   0.11294   0.03913   0.02109   0.13310   0.03679   0.00000   0.00293   0.08930   0.16921   0.00310   0.00000   0.05585   0.03608   0.00000   0.09827   0.00234   0.00923   0.00000   0.00000   0.11550   0.03939   0.00352   0.09024   0.04463   0.00000   0.00177   0.18181   0.01431   0.00000   0.00000   0.01436   0.07248   0.00000   0.00000   0.00840   0.15119   0.01872   0.04612   0.02509   0.13818   0.03193   2.64222   0.24087  
 50 105.9573   6273.972574  x:  0.00187   0.01152   0.12883   0.00000   0.01235   0.00054   0.04269   0.00000   0.00000   0.01212   0.11277   0.03938   0.02081   0.13481   0.03690   0.00000   0.00262   0.08883   0.16901   0.00325   0.00000   0.05676   0.03646   0.00000   0.09439   0.00229   0.00910   0.00000   0.00000   0.11607   0.03789   0.00351   0.08874   0.04308   0.00000   0.00176   0.18060   0.01398   0.00000   0.00000   0.01410   0.07029   0.00000   0.00000   0.00855   0.14983   0.01920   0.04603   0.02744   0.13658   0.03307   2.64305   0.24088  
 51  8.5756   6262.704844  x:  0.00540   0.01118   0.13630   0.00000   0.01122   0.00000   0.03478   0.00000   0.00000   0.01097   0.12578   0.03403   0.02451   0.13959   0.04507   0.00000   0.01002   0.09594   0.16637   0.00115   0.00000   0.05998   0.03713   0.00000   0.10259   0.00199   0.01143   0.00000   0.00000   0.12520   0.03885   0.00270   0.09949   0.04086   0.00000   0.00141   0.19355   0.01453   0.00000   0.00000   0.01442   0.06999   0.00000   0.00000   0.00774   0.14348   0.02854   0.04400   0.02954   0.14794   0.02631   2.69071   0.24527  
 52  6.4187   6256.518580  x:  0.00751   0.01076   0.14511   0.00000   0.01013   0.00043   0.02913   0.00000   0.00000   0.01014   0.13515   0.03233   0.02705   0.14520   0.05064   0.00000   0.01475   0.09998   0.16545   0.00000   0.00000   0.06313   0.03772   0.00000   0.10614   0.00178   0.01286   0.00000   0.00000   0.13152   0.03873   0.00212   0.10623   0.03916   0.00000   0.00119   0.20211   0.01462   0.00000   0.00000   0.01469   0.06896   0.00000   0.00000   0.00702   0.13833   0.03527   0.04384   0.03153   0.15507   0.02103   2.72305   0.24823  
 53 59.1338   6251.144364  x:  0.00578   0.00951   0.14873   0.00000   0.01192   0.00045   0.04092   0.00000   0.00000   0.00913   0.14561   0.05082   0.01381   0.15974   0.04498   0.00000   0.01623   0.10396   0.17352   0.00000   0.00000   0.07063   0.03684   0.00000   0.10551   0.00201   0.01098   0.00000   0.00000   0.13033   0.04091   0.00146   0.10794   0.04139   0.00000   0.00101   0.19901   0.01799   0.00000   0.00000   0.01170   0.06801   0.00000   0.00000   0.00805   0.14036   0.04316   0.04171   0.03044   0.15621   0.02098   2.64246   0.23463  
 54  0.7527   6251.043901  x:  0.00568   0.00943   0.14894   0.00000   0.01203   0.00045   0.04161   0.00000   0.00000   0.00907   0.14622   0.05191   0.01303   0.16060   0.04464   0.00000   0.01632   0.10420   0.17400   0.00243   0.00000   0.07108   0.03679   0.00000   0.10547   0.00202   0.01087   0.00000   0.00000   0.13026   0.04104   0.00142   0.10804   0.04152   0.00000   0.00100   0.19883   0.01819   0.00000   0.00000   0.01153   0.06795   0.00000   0.00000   0.00811   0.14048   0.04362   0.04158   0.03038   0.15628   0.02098   2.63770   0.23383  
 55 212.5645   6236.363268  x:  0.00644   0.01335   0.16448   0.00000   0.01399   0.00051   0.04177   0.00000   0.00000   0.01157   0.15290   0.05463   0.00488   0.17022   0.05251   0.00000   0.01572   0.11379   0.17833   0.00633   0.00000   0.07444   0.04152   0.00000   0.10683   0.00292   0.01498   0.00000   0.00000   0.14710   0.03980   0.00000   0.11656   0.04715   0.00000   0.00112   0.21184   0.01840   0.00000   0.00000   0.01562   0.06471   0.00000   0.00000   0.01496   0.15664   0.04162   0.04285   0.02724   0.17082   0.03789   2.59807   0.25179  
 56  0.1725   6220.430856  x:  0.00795   0.01602   0.19299   0.00000   0.02054   0.00051   0.04896   0.00000   0.00000   0.01268   0.16794   0.04659   0.01137   0.18401   0.06598   0.00000   0.01092   0.12612   0.17484   0.00314   0.00000   0.08319   0.04762   0.00000   0.11910   0.00428   0.02119   0.00000   0.00000   0.17193   0.04093   0.00112   0.12054   0.05041   0.00000   0.00172   0.22905   0.02048   0.00000   0.00000   0.01573   0.07837   0.00000   0.00000   0.01297   0.21121   0.03984   0.04783   0.04004   0.20143   0.01676   2.54284   0.26041  
 57  0.1013   6213.925136  x:  0.00750   0.01434   0.20818   0.00000   0.01639   0.00060   0.04337   0.00000   0.00000   0.01081   0.18155   0.04656   0.01447   0.18697   0.06155   0.00000   0.01226   0.13572   0.17576   0.00071   0.00000   0.08579   0.04864   0.00000   0.12220   0.00374   0.02178   0.00000   0.00000   0.18199   0.04151   0.00000   0.12396   0.05154   0.00000   0.00134   0.22796   0.01995   0.00000   0.00000   0.01716   0.06894   0.00000   0.00000   0.00611   0.24065   0.03835   0.04501   0.04072   0.21328   0.03824   2.66132   0.25147  
 58  0.2272   6213.925136  x:  0.00750   0.01434   0.20818   0.00000   0.01639   0.00060   0.04337   0.00000   0.00000   0.01081   0.18155   0.04656   0.01447   0.18697   0.06155   0.00000   0.01226   0.13572   0.17576   0.00071   0.00000   0.08579   0.04864   0.00000   0.12220   0.00374   0.02178   0.00000   0.00000   0.18199   0.04151   0.00000   0.12396   0.05154   0.00000   0.00134   0.22796   0.01995   0.00000   0.00000   0.01716   0.06894   0.00000   0.00000   0.00611   0.24065   0.03835   0.04501   0.04072   0.21328   0.03824   2.66132   0.25147  
 59  0.0867   6212.988088  x:  0.00734   0.01428   0.20823   0.00000   0.01620   0.00375   0.04326   0.00000   0.00000   0.01075   0.18166   0.04649   0.01427   0.18686   0.06144   0.00000   0.01229   0.13581   0.17576   0.00078   0.00000   0.08577   0.04867   0.00000   0.12211   0.00355   0.02152   0.00000   0.00000   0.18187   0.04145   0.00004   0.12390   0.05146   0.00000   0.00122   0.22791   0.01981   0.00000   0.00000   0.01724   0.06896   0.00000   0.00000   0.00680   0.24096   0.03830   0.04493   0.04063   0.21317   0.03798   2.66132   0.25141  
 60 1183.8719   6211.162517  x:  0.00520   0.01350   0.20892   0.00000   0.01337   0.00330   0.04170   0.00000   0.00000   0.01011   0.18317   0.04546   0.01147   0.18536   0.05991   0.00000   0.01268   0.13708   0.17582   0.00167   0.00000   0.08544   0.04912   0.00000   0.12081   0.00142   0.01788   0.00000   0.00000   0.18023   0.04060   0.00036   0.12303   0.05033   0.00000   0.00000   0.22719   0.01800   0.00000   0.00000   0.01828   0.06919   0.00000   0.00000   0.01444   0.24532   0.03764   0.04393   0.03936   0.21158   0.03437   2.66128   0.25055  
 61 348.4892   6210.340395  x:  0.00446   0.01319   0.20948   0.00000   0.01187   0.00319   0.04056   0.00000   0.00000   0.00998   0.18437   0.04476   0.00949   0.18415   0.05878   0.00000   0.01271   0.13807   0.17585   0.00240   0.00000   0.08520   0.04945   0.00000   0.11978   0.00395   0.01564   0.00000   0.00000   0.17890   0.03997   0.00027   0.12232   0.04946   0.00000   0.00210   0.22662   0.01724   0.00000   0.00000   0.01894   0.06935   0.00000   0.00000   0.01732   0.24882   0.03715   0.04320   0.03843   0.21028   0.03170   2.66126   0.24988  
 62 645.1207   6208.640977  x:  0.00685   0.01362   0.21078   0.00000   0.01192   0.00325   0.03847   0.00000   0.00000   0.01076   0.18709   0.04383   0.00635   0.18141   0.05664   0.00000   0.01157   0.14023   0.17590   0.00422   0.00000   0.08469   0.05003   0.00000   0.11748   0.00425   0.01312   0.00000   0.00000   0.17587   0.03883   0.00000   0.12072   0.04779   0.00000   0.00108   0.22524   0.01624   0.00000   0.00000   0.01965   0.06963   0.00000   0.00000   0.01537   0.25685   0.03628   0.04189   0.03679   0.20729   0.02684   2.66119   0.24846  
 63 342.7567   6207.546494  x:  0.00479   0.01333   0.21229   0.00000   0.01241   0.00336   0.03685   0.00000   0.00000   0.01041   0.19023   0.04387   0.00444   0.17825   0.05480   0.00000   0.00922   0.14259   0.17592   0.00602   0.00000   0.08419   0.05049   0.00000   0.11490   0.00213   0.01351   0.00000   0.00000   0.17237   0.03789   0.00223   0.11897   0.04646   0.00000   0.00301   0.22364   0.01641   0.00000   0.00000   0.01966   0.06993   0.00000   0.00000   0.01273   0.26621   0.03581   0.04088   0.03556   0.20376   0.02354   2.66110   0.24701  
 64 519.8449   6206.693523  x:  0.00247   0.01295   0.21367   0.00000   0.01261   0.00338   0.03621   0.00000   0.00000   0.00958   0.19303   0.04488   0.00421   0.17543   0.05382   0.00000   0.00673   0.14460   0.17592   0.00697   0.00000   0.08385   0.05071   0.00000   0.11272   0.00302   0.01582   0.00000   0.00000   0.16925   0.03746   0.00110   0.11740   0.04559   0.00000   0.00157   0.22216   0.01669   0.00000   0.00000   0.01921   0.07016   0.00000   0.00000   0.01210   0.27472   0.03586   0.04048   0.03514   0.20052   0.02310   2.66101   0.24595  
 65 471.2628   6205.685691  x:  0.00483   0.01277   0.21580   0.00000   0.01233   0.00331   0.03616   0.00000   0.00000   0.00844   0.19729   0.04731   0.00481   0.17114   0.05302   0.00000   0.00366   0.14757   0.17594   0.00750   0.00000   0.08345   0.05081   0.00000   0.10956   0.00266   0.01955   0.00000   0.00000   0.16450   0.03727   0.00027   0.11511   0.04494   0.00000   0.00229   0.21988   0.01781   0.00000   0.00000   0.01834   0.07045   0.00000   0.00000   0.01387   0.28789   0.03639   0.04043   0.03525   0.19550   0.02495   2.66086   0.24459  
 66 614.9459   6205.040589  x:  0.00520   0.01305   0.21745   0.00000   0.01224   0.00329   0.03713   0.00000   0.00000   0.01005   0.20050   0.04964   0.00492   0.16789   0.05322   0.00000   0.00592   0.14977   0.17606   0.00688   0.00000   0.08332   0.05062   0.00000   0.10753   0.00361   0.02026   0.00000   0.00000   0.16098   0.03770   0.00263   0.11363   0.04543   0.00000   0.00138   0.21809   0.01809   0.00000   0.00000   0.01791   0.07058   0.00000   0.00000   0.01434   0.29828   0.03709   0.04100   0.03612   0.19156   0.02803   2.66073   0.24398  
 67 381.4302   6204.610244  x:  0.00454   0.01334   0.21849   0.00000   0.01236   0.00331   0.03825   0.00000   0.00000   0.01084   0.20242   0.05100   0.00517   0.16596   0.05392   0.00000   0.00809   0.15093   0.17617   0.00601   0.00000   0.08339   0.05036   0.00000   0.10665   0.00269   0.01883   0.00000   0.00000   0.15894   0.03831   0.00068   0.11288   0.04609   0.00000   0.00226   0.21698   0.01802   0.00000   0.00000   0.01804   0.07059   0.00000   0.00000   0.01375   0.30500   0.03756   0.04166   0.03703   0.18910   0.03019   2.66062   0.24393  
 68 336.8258   6204.444859  x:  0.00449   0.01332   0.21895   0.00000   0.01247   0.00332   0.03919   0.00000   0.00000   0.00917   0.20312   0.05105   0.00640   0.16533   0.05509   0.00000   0.00766   0.15098   0.17620   0.00569   0.00000   0.08364   0.05008   0.00000   0.10698   0.00284   0.01670   0.00000   0.00000   0.15836   0.03897   0.00100   0.11300   0.04713   0.00000   0.00213   0.21647   0.01752   0.00000   0.00000   0.01856   0.07045   0.00000   0.00000   0.01326   0.30844   0.03763   0.04224   0.03774   0.18800   0.03081   2.66052   0.24439  
 69 113.1016   6204.368596  x:  0.00444   0.01298   0.21919   0.00000   0.01215   0.00332   0.03987   0.00000   0.00000   0.01029   0.20321   0.05007   0.00638   0.16536   0.05648   0.00000   0.00669   0.15025   0.17623   0.00549   0.00000   0.08409   0.04979   0.00000   0.10837   0.00284   0.01664   0.00000   0.00000   0.15866   0.03958   0.00098   0.11384   0.04834   0.00000   0.00217   0.21618   0.01726   0.00000   0.00000   0.01847   0.07022   0.00000   0.00000   0.01333   0.31118   0.03750   0.04271   0.03825   0.18744   0.03030   2.66037   0.24539  
 70 49.4071   6204.312453  x:  0.00454   0.01313   0.21935   0.00000   0.01241   0.00332   0.04017   0.00000   0.00000   0.00977   0.20309   0.04909   0.00572   0.16561   0.05756   0.00000   0.00734   0.14935   0.17631   0.00612   0.00000   0.08453   0.04960   0.00000   0.10994   0.00285   0.01737   0.00000   0.00000   0.15922   0.03989   0.00084   0.11483   0.04920   0.00000   0.00216   0.21596   0.01742   0.00000   0.00000   0.01830   0.07000   0.00000   0.00000   0.01348   0.31376   0.03738   0.04296   0.03848   0.18705   0.02976   2.66020   0.24641  
 71 66.6626   6204.296648  x:  0.00453   0.01329   0.21936   0.00000   0.01240   0.00332   0.03989   0.00000   0.00000   0.00958   0.20286   0.04910   0.00553   0.16591   0.05758   0.00000   0.00739   0.14880   0.17632   0.00549   0.00000   0.08465   0.04963   0.00000   0.11061   0.00285   0.01745   0.00000   0.00000   0.15966   0.03964   0.00086   0.11529   0.04905   0.00000   0.00213   0.21591   0.01760   0.00000   0.00000   0.01836   0.06995   0.00000   0.00000   0.01344   0.31482   0.03741   0.04281   0.03829   0.18701   0.02980   2.66010   0.24669  
 72 28.7155   6204.273824  x:  0.00451   0.01336   0.21932   0.00000   0.01229   0.00332   0.03925   0.00000   0.00000   0.00975   0.20234   0.04933   0.00618   0.16658   0.05738   0.00000   0.00757   0.14772   0.17634   0.00564   0.00000   0.08477   0.04977   0.00000   0.11174   0.00283   0.01732   0.00000   0.00000   0.16056   0.03908   0.00085   0.11613   0.04847   0.00000   0.00213   0.21585   0.01780   0.00000   0.00000   0.01846   0.06991   0.00000   0.00000   0.01342   0.31672   0.03751   0.04244   0.03784   0.18704   0.03010   2.65988   0.24704  
 73 46.2714   6204.268382  x:  0.00455   0.01300   0.21924   0.00000   0.01250   0.00332   0.03936   0.00000   0.00000   0.00973   0.20202   0.04947   0.00604   0.16690   0.05705   0.00000   0.00754   0.14735   0.17632   0.00568   0.00000   0.08470   0.04979   0.00000   0.11189   0.00284   0.01728   0.00000   0.00000   0.16095   0.03915   0.00086   0.11629   0.04825   0.00000   0.00216   0.21587   0.01746   0.00000   0.00000   0.01832   0.06995   0.00000   0.00000   0.01342   0.31733   0.03752   0.04246   0.03789   0.18717   0.03027   2.65976   0.24691  
 74 14.0305   6204.264683  x:  0.00453   0.01323   0.21913   0.00000   0.01228   0.00332   0.03961   0.00000   0.00000   0.00971   0.20166   0.04959   0.00590   0.16723   0.05672   0.00000   0.00746   0.14704   0.17629   0.00580   0.00000   0.08458   0.04979   0.00000   0.11184   0.00283   0.01728   0.00000   0.00000   0.16131   0.03935   0.00087   0.11632   0.04815   0.00000   0.00217   0.21593   0.01737   0.00000   0.00000   0.01831   0.07001   0.00000   0.00000   0.01336   0.31785   0.03749   0.04256   0.03805   0.18736   0.03032   2.65960   0.24665  
 75 12.7869   6204.262882  x:  0.00452   0.01323   0.21903   0.00000   0.01243   0.00332   0.03970   0.00000   0.00000   0.00976   0.20137   0.04967   0.00593   0.16745   0.05667   0.00000   0.00746   0.14690   0.17626   0.00578   0.00000   0.08449   0.04977   0.00000   0.11164   0.00284   0.01724   0.00000   0.00000   0.16154   0.03943   0.00087   0.11623   0.04824   0.00000   0.00214   0.21599   0.01762   0.00000   0.00000   0.01842   0.07006   0.00000   0.00000   0.01344   0.31819   0.03748   0.04262   0.03811   0.18756   0.03018   2.65942   0.24641  
 76  7.6675   6204.261815  x:  0.00454   0.01312   0.21893   0.00000   0.01231   0.00332   0.03963   0.00000   0.00000   0.00972   0.20113   0.04965   0.00599   0.16762   0.05680   0.00000   0.00755   0.14687   0.17623   0.00573   0.00000   0.08445   0.04975   0.00000   0.11142   0.00283   0.01729   0.00000   0.00000   0.16168   0.03938   0.00085   0.11610   0.04839   0.00000   0.00214   0.21606   0.01761   0.00000   0.00000   0.01838   0.07007   0.00000   0.00000   0.01339   0.31843   0.03748   0.04261   0.03809   0.18775   0.03011   2.65922   0.24624  
 77  5.5174   6204.261237  x:  0.00453   0.01322   0.21887   0.00000   0.01239   0.00332   0.03956   0.00000   0.00000   0.00974   0.20098   0.04959   0.00600   0.16770   0.05692   0.00000   0.00753   0.14689   0.17621   0.00573   0.00000   0.08445   0.04975   0.00000   0.11128   0.00283   0.01730   0.00000   0.00000   0.16173   0.03933   0.00086   0.11601   0.04845   0.00000   0.00215   0.21612   0.01750   0.00000   0.00000   0.01834   0.07006   0.00000   0.00000   0.01341   0.31857   0.03749   0.04259   0.03805   0.18788   0.03015   2.65903   0.24618  
 78  5.4131   6204.260651  x:  0.00452   0.01319   0.21879   0.00000   0.01237   0.00332   0.03955   0.00000   0.00000   0.00974   0.20084   0.04949   0.00588   0.16774   0.05703   0.00000   0.00748   0.14699   0.17620   0.00579   0.00000   0.08451   0.04976   0.00000   0.11118   0.00283   0.01726   0.00000   0.00000   0.16173   0.03931   0.00086   0.11592   0.04839   0.00000   0.00214   0.21621   0.01756   0.00000   0.00000   0.01841   0.07002   0.00000   0.00000   0.01340   0.31868   0.03752   0.04257   0.03801   0.18804   0.03031   2.65867   0.24624  
 79  2.8877   6204.259045  x:  0.00453   0.01320   0.21860   0.00000   0.01237   0.00332   0.03967   0.00000   0.00000   0.00973   0.20056   0.04954   0.00595   0.16775   0.05706   0.00000   0.00750   0.14734   0.17617   0.00574   0.00000   0.08471   0.04979   0.00000   0.11116   0.00284   0.01724   0.00000   0.00000   0.16158   0.03939   0.00088   0.11582   0.04812   0.00000   0.00214   0.21644   0.01760   0.00000   0.00000   0.01825   0.06995   0.00000   0.00000   0.01340   0.31889   0.03742   0.04256   0.03802   0.18842   0.03020   2.65729   0.24655  
 80  3.6228   6204.257350  x:  0.00454   0.01319   0.21846   0.00000   0.01238   0.00332   0.03967   0.00000   0.00000   0.00974   0.20040   0.04963   0.00602   0.16771   0.05693   0.00000   0.00753   0.14759   0.17616   0.00571   0.00000   0.08476   0.04977   0.00000   0.11126   0.00283   0.01736   0.00000   0.00000   0.16142   0.03940   0.00088   0.11581   0.04814   0.00000   0.00215   0.21661   0.01745   0.00000   0.00000   0.01854   0.06994   0.00000   0.00000   0.01339   0.31902   0.03743   0.04259   0.03807   0.18868   0.03011   2.65567   0.24670  
 81  9.0173   6204.250500  x:  0.00454   0.01320   0.21809   0.00000   0.01237   0.00332   0.03937   0.00000   0.00000   0.00974   0.20011   0.04972   0.00595   0.16744   0.05634   0.00000   0.00744   0.14810   0.17617   0.00579   0.00000   0.08457   0.04965   0.00000   0.11176   0.00284   0.01721   0.00000   0.00000   0.16092   0.03924   0.00083   0.11601   0.04881   0.00000   0.00212   0.21707   0.01755   0.00000   0.00000   0.01832   0.07011   0.00000   0.00000   0.01335   0.31926   0.03768   0.04270   0.03817   0.18922   0.03018   2.64887   0.24666  
 82 17.2471   6204.226163  x:  0.00457   0.01322   0.21769   0.00000   0.01242   0.00332   0.03993   0.00000   0.00000   0.00977   0.20032   0.04935   0.00608   0.16665   0.05691   0.00000   0.00757   0.14795   0.17628   0.00566   0.00000   0.08372   0.04989   0.00000   0.11244   0.00285   0.01726   0.00000   0.00000   0.16027   0.03943   0.00081   0.11672   0.04853   0.00000   0.00208   0.21756   0.01756   0.00000   0.00000   0.01840   0.07039   0.00000   0.00000   0.01323   0.31940   0.03714   0.04223   0.03752   0.18930   0.03028   2.62431   0.24478  
 83 29.0641   6204.205882  x:  0.00461   0.01323   0.21800   0.00000   0.01243   0.00332   0.03928   0.00000   0.00000   0.00978   0.20095   0.04934   0.00601   0.16666   0.05726   0.00000   0.00759   0.14721   0.17639   0.00569   0.00000   0.08421   0.04987   0.00000   0.11187   0.00287   0.01721   0.00000   0.00000   0.16069   0.03936   0.00083   0.11664   0.04784   0.00000   0.00205   0.21730   0.01754   0.00000   0.00000   0.01839   0.07003   0.00000   0.00000   0.01315   0.31927   0.03771   0.04293   0.03845   0.18863   0.02997   2.60380   0.24424  
 84 58.2511   6204.194952  x:  0.00462   0.01324   0.21855   0.00000   0.01244   0.00332   0.03959   0.00000   0.00000   0.00980   0.20139   0.04957   0.00594   0.16716   0.05680   0.00000   0.00756   0.14683   0.17641   0.00578   0.00000   0.08484   0.04976   0.00000   0.11115   0.00288   0.01716   0.00000   0.00000   0.16138   0.03930   0.00081   0.11612   0.04836   0.00000   0.00204   0.21676   0.01752   0.00000   0.00000   0.01840   0.06990   0.00000   0.00000   0.01309   0.31912   0.03751   0.04253   0.03796   0.18797   0.02998   2.59293   0.24484  
 85 41.2458   6204.193432  x:  0.00462   0.01324   0.21884   0.00000   0.01245   0.00332   0.03945   0.00000   0.00000   0.00980   0.20133   0.04943   0.00599   0.16747   0.05679   0.00000   0.00758   0.14712   0.17631   0.00574   0.00000   0.08448   0.04989   0.00000   0.11123   0.00288   0.01717   0.00000   0.00000   0.16155   0.03941   0.00081   0.11590   0.04832   0.00000   0.00204   0.21640   0.01752   0.00000   0.00000   0.01840   0.07021   0.00000   0.00000   0.01308   0.31911   0.03736   0.04260   0.03802   0.18784   0.03003   2.59178   0.24505  
 86  4.0099   6204.192400  x:  0.00462   0.01324   0.21908   0.00000   0.01244   0.00332   0.03963   0.00000   0.00000   0.00980   0.20120   0.04944   0.00597   0.16770   0.05685   0.00000   0.00757   0.14742   0.17620   0.00574   0.00000   0.08433   0.04978   0.00000   0.11138   0.00288   0.01717   0.00000   0.00000   0.16160   0.03925   0.00082   0.11584   0.04826   0.00000   0.00204   0.21606   0.01751   0.00000   0.00000   0.01839   0.07016   0.00000   0.00000   0.01307   0.31910   0.03762   0.04257   0.03799   0.18780   0.02996   2.59139   0.24500  
 87  2.2649   6204.190087  x:  0.00462   0.01325   0.21947   0.00000   0.01246   0.00332   0.03944   0.00000   0.00000   0.00981   0.20089   0.04962   0.00590   0.16794   0.05690   0.00000   0.00753   0.14784   0.17605   0.00579   0.00000   0.08458   0.04968   0.00000   0.11158   0.00288   0.01714   0.00000   0.00000   0.16152   0.03940   0.00081   0.11598   0.04832   0.00000   0.00203   0.21547   0.01752   0.00000   0.00000   0.01841   0.06976   0.00000   0.00000   0.01306   0.31908   0.03737   0.04253   0.03801   0.18782   0.03000   2.59123   0.24463  
 88  1.7889   6204.179095  x:  0.00464   0.01326   0.22017   0.00000   0.01248   0.00332   0.03968   0.00000   0.00000   0.00982   0.20022   0.04915   0.00607   0.16780   0.05659   0.00000   0.00761   0.14790   0.17598   0.00568   0.00000   0.08554   0.05067   0.00000   0.11127   0.00289   0.01715   0.00000   0.00000   0.16097   0.03913   0.00076   0.11664   0.04845   0.00000   0.00201   0.21439   0.01752   0.00000   0.00000   0.01841   0.07026   0.00000   0.00000   0.01296   0.31924   0.03748   0.04276   0.03799   0.18815   0.02993   2.59205   0.24427  
 89  1.6876   6204.124620  x:  0.00476   0.01332   0.22157   0.00000   0.01255   0.00331   0.03915   0.00000   0.00000   0.00988   0.19892   0.04869   0.00613   0.16636   0.05642   0.00000   0.00770   0.14667   0.17637   0.00565   0.00000   0.08541   0.04859   0.00000   0.10984   0.00295   0.01698   0.00000   0.00000   0.15941   0.03991   0.00067   0.11771   0.04790   0.00000   0.00185   0.21232   0.01744   0.00000   0.00000   0.01841   0.07164   0.00000   0.00000   0.01246   0.32015   0.03781   0.04228   0.03758   0.18925   0.02962   2.59718   0.24503  
 90  6.3305   6204.008021  x:  0.00499   0.01348   0.22232   0.00000   0.01272   0.00330   0.03932   0.00000   0.00000   0.01006   0.19874   0.04979   0.00536   0.16436   0.05673   0.00000   0.00742   0.14519   0.17707   0.00613   0.00000   0.08285   0.04979   0.00000   0.10924   0.00308   0.01642   0.00000   0.00000   0.15841   0.03803   0.00049   0.11675   0.04797   0.00000   0.00148   0.21139   0.01730   0.00000   0.00000   0.01850   0.06984   0.00000   0.00000   0.01143   0.32222   0.03639   0.04229   0.03824   0.18995   0.02888   2.60854   0.24651  
 91 21.4077   6203.910747  x:  0.00523   0.01358   0.22144   0.00000   0.01284   0.00330   0.03867   0.00000   0.00000   0.01015   0.20050   0.04901   0.00560   0.16434   0.05607   0.00000   0.00759   0.14607   0.17705   0.00592   0.00000   0.08307   0.05109   0.00000   0.11027   0.00317   0.01618   0.00000   0.00000   0.15918   0.04006   0.00033   0.11471   0.04792   0.00000   0.00116   0.21286   0.01720   0.00000   0.00000   0.01848   0.06882   0.00000   0.00000   0.01051   0.32422   0.03807   0.04205   0.03700   0.18878   0.02818   2.61844   0.24587  
 92 32.1953   6203.861478  x:  0.00534   0.01364   0.22038   0.00000   0.01293   0.00329   0.03887   0.00000   0.00000   0.01021   0.20209   0.04818   0.00571   0.16529   0.05569   0.00000   0.00763   0.14760   0.17668   0.00586   0.00000   0.08449   0.04979   0.00000   0.11084   0.00321   0.01606   0.00000   0.00000   0.16005   0.03890   0.00027   0.11424   0.04756   0.00000   0.00099   0.21449   0.01720   0.00000   0.00000   0.01850   0.07004   0.00000   0.00000   0.01005   0.32529   0.03710   0.04226   0.03742   0.18739   0.02815   2.62351   0.24483  
 93 28.5921   6203.856033  x:  0.00536   0.01365   0.22010   0.00000   0.01292   0.00329   0.03879   0.00000   0.00000   0.01022   0.20239   0.04874   0.00545   0.16588   0.05607   0.00000   0.00752   0.14811   0.17648   0.00600   0.00000   0.08444   0.04999   0.00000   0.11038   0.00322   0.01599   0.00000   0.00000   0.16012   0.03898   0.00024   0.11521   0.04763   0.00000   0.00097   0.21491   0.01716   0.00000   0.00000   0.01849   0.07043   0.00000   0.00000   0.00999   0.32539   0.03722   0.04202   0.03749   0.18698   0.02802   2.62407   0.24494  
 94  6.6712   6203.855396  x:  0.00536   0.01365   0.22004   0.00000   0.01293   0.00329   0.03881   0.00000   0.00000   0.01022   0.20244   0.04857   0.00552   0.16608   0.05596   0.00000   0.00755   0.14819   0.17640   0.00595   0.00000   0.08430   0.04995   0.00000   0.11018   0.00322   0.01600   0.00000   0.00000   0.16003   0.03898   0.00023   0.11550   0.04763   0.00000   0.00097   0.21500   0.01717   0.00000   0.00000   0.01850   0.07021   0.00000   0.00000   0.00999   0.32541   0.03720   0.04213   0.03742   0.18685   0.02804   2.62414   0.24500  
 95  2.4346   6203.855338  x:  0.00536   0.01365   0.22001   0.00000   0.01293   0.00329   0.03881   0.00000   0.00000   0.01022   0.20241   0.04854   0.00553   0.16616   0.05595   0.00000   0.00756   0.14814   0.17636   0.00595   0.00000   0.08430   0.04996   0.00000   0.11018   0.00322   0.01600   0.00000   0.00000   0.15992   0.03898   0.00023   0.11547   0.04763   0.00000   0.00097   0.21501   0.01717   0.00000   0.00000   0.01850   0.07020   0.00000   0.00000   0.00999   0.32541   0.03720   0.04206   0.03748   0.18680   0.02804   2.62415   0.24500  
 96  0.3547   6203.855268  x:  0.00536   0.01365   0.21998   0.00000   0.01293   0.00329   0.03880   0.00000   0.00000   0.01022   0.20236   0.04858   0.00551   0.16623   0.05597   0.00000   0.00756   0.14808   0.17632   0.00596   0.00000   0.08431   0.04996   0.00000   0.11021   0.00322   0.01600   0.00000   0.00000   0.15981   0.03898   0.00023   0.11543   0.04762   0.00000   0.00097   0.21503   0.01717   0.00000   0.00000   0.01850   0.07023   0.00000   0.00000   0.00999   0.32540   0.03720   0.04213   0.03742   0.18673   0.02804   2.62415   0.24501  
 97  0.4128   6203.849341  x:  0.00542   0.01366   0.21922   0.00000   0.01295   0.00327   0.03875   0.00000   0.00000   0.01023   0.20120   0.04853   0.00550   0.16523   0.05586   0.00000   0.00753   0.14835   0.17562   0.00599   0.00000   0.08429   0.04998   0.00000   0.11010   0.00321   0.01601   0.00000   0.00000   0.16030   0.03894   0.00029   0.11539   0.04758   0.00000   0.00103   0.21500   0.01717   0.00000   0.00000   0.01849   0.07021   0.00000   0.00000   0.01003   0.32556   0.03719   0.04206   0.03743   0.18531   0.02793   2.62498   0.24514  
 98  0.0695   6203.815808  x:  0.00577   0.01371   0.21923   0.00000   0.01307   0.00311   0.03851   0.00000   0.00000   0.01030   0.20352   0.04839   0.00530   0.16635   0.05565   0.00000   0.00733   0.14885   0.17686   0.00613   0.00000   0.08427   0.05009   0.00000   0.11009   0.00316   0.01604   0.00000   0.00000   0.15978   0.03880   0.00064   0.11503   0.04737   0.00000   0.00137   0.21526   0.01714   0.00000   0.00000   0.01845   0.07024   0.00000   0.00000   0.01025   0.32757   0.03713   0.04188   0.03726   0.18596   0.02748   2.62985   0.24471  
 99  1.5429   6203.815202  x:  0.00578   0.01371   0.21971   0.00000   0.01308   0.00311   0.03850   0.00000   0.00000   0.01030   0.20362   0.04839   0.00529   0.16626   0.05564   0.00000   0.00734   0.14878   0.17628   0.00614   0.00000   0.08427   0.05009   0.00000   0.11009   0.00316   0.01604   0.00000   0.00000   0.15981   0.03880   0.00065   0.11503   0.04737   0.00000   0.00138   0.21561   0.01714   0.00000   0.00000   0.01845   0.07025   0.00000   0.00000   0.01025   0.32762   0.03713   0.04187   0.03726   0.18610   0.02747   2.62994   0.24469  
100  1.3771   6203.815182  x:  0.00578   0.01371   0.21980   0.00000   0.01308   0.00311   0.03850   0.00000   0.00000   0.01030   0.20357   0.04839   0.00530   0.16626   0.05564   0.00000   0.00734   0.14879   0.17636   0.00614   0.00000   0.08427   0.05009   0.00000   0.11009   0.00316   0.01604   0.00000   0.00000   0.15981   0.03880   0.00065   0.11503   0.04737   0.00000   0.00138   0.21569   0.01714   0.00000   0.00000   0.01845   0.07025   0.00000   0.00000   0.01025   0.32761   0.03713   0.04187   0.03726   0.18605   0.02747   2.62994   0.24469  
101  0.1188   6203.802322  x:  0.00615   0.01370   0.21981   0.00000   0.01302   0.00284   0.03849   0.00000   0.00000   0.01026   0.20339   0.04847   0.00529   0.16571   0.05567   0.00000   0.00729   0.14880   0.17630   0.00616   0.00000   0.08415   0.05014   0.00000   0.11000   0.00320   0.01591   0.00000   0.00000   0.15979   0.03878   0.00041   0.11505   0.04737   0.00000   0.00136   0.21530   0.01711   0.00000   0.00000   0.01846   0.07025   0.00000   0.00000   0.01045   0.32832   0.03713   0.04197   0.03716   0.18607   0.02760   2.62914   0.24475  
102  0.0019   6203.799420  x:  0.00626   0.01366   0.21993   0.00000   0.01296   0.00274   0.03854   0.00000   0.00000   0.01022   0.20323   0.04852   0.00533   0.16583   0.05570   0.00000   0.00727   0.14865   0.17634   0.00614   0.00000   0.08418   0.05010   0.00000   0.11002   0.00317   0.01600   0.00000   0.00000   0.15975   0.03881   0.00049   0.11511   0.04740   0.00000   0.00130   0.21528   0.01712   0.00000   0.00000   0.01843   0.07026   0.00000   0.00000   0.01022   0.32785   0.03717   0.04196   0.03723   0.18622   0.02768   2.62803   0.24479  
103  0.0012   6203.799064  x:  0.00621   0.01367   0.21985   0.00000   0.01297   0.00271   0.03857   0.00000   0.00000   0.01022   0.20329   0.04853   0.00534   0.16604   0.05573   0.00000   0.00730   0.14865   0.17634   0.00612   0.00000   0.08424   0.05007   0.00000   0.11008   0.00315   0.01601   0.00000   0.00000   0.15982   0.03883   0.00048   0.11512   0.04743   0.00000   0.00132   0.21545   0.01711   0.00000   0.00000   0.01842   0.07027   0.00000   0.00000   0.01023   0.32749   0.03719   0.04196   0.03728   0.18620   0.02769   2.62857   0.24480  
104  0.0006   6203.798982  x:  0.00617   0.01368   0.21985   0.00000   0.01299   0.00270   0.03856   0.00000   0.00000   0.01023   0.20328   0.04852   0.00533   0.16599   0.05572   0.00000   0.00730   0.14866   0.17634   0.00613   0.00000   0.08422   0.05008   0.00000   0.11007   0.00316   0.01601   0.00000   0.00000   0.15982   0.03882   0.00049   0.11511   0.04742   0.00000   0.00131   0.21542   0.01712   0.00000   0.00000   0.01843   0.07026   0.00000   0.00000   0.01025   0.32751   0.03718   0.04196   0.03726   0.18620   0.02768   2.62862   0.24480  
105  0.0001   6203.798976  x:  0.00616   0.01368   0.21986   0.00000   0.01299   0.00270   0.03856   0.00000   0.00000   0.01023   0.20327   0.04852   0.00533   0.16598   0.05572   0.00000   0.00730   0.14866   0.17634   0.00612   0.00000   0.08422   0.05009   0.00000   0.11007   0.00316   0.01600   0.00000   0.00000   0.15981   0.03882   0.00048   0.11511   0.04742   0.00000   0.00131   0.21541   0.01712   0.00000   0.00000   0.01843   0.07026   0.00000   0.00000   0.01024   0.32756   0.03717   0.04196   0.03726   0.18620   0.02768   2.62854   0.24479  
106  0.0001   6203.798975  x:  0.00616   0.01367   0.21986   0.00000   0.01298   0.00270   0.03856   0.00000   0.00000   0.01023   0.20327   0.04852   0.00533   0.16598   0.05572   0.00000   0.00730   0.14866   0.17634   0.00612   0.00000   0.08422   0.05008   0.00000   0.11007   0.00316   0.01601   0.00000   0.00000   0.15981   0.03882   0.00048   0.11511   0.04742   0.00000   0.00131   0.21541   0.01712   0.00000   0.00000   0.01843   0.07026   0.00000   0.00000   0.01024   0.32757   0.03718   0.04196   0.03726   0.18620   0.02768   2.62853   0.24479  
107  0.0000   6203.798975  x:  0.00616   0.01367   0.21986   0.00000   0.01298   0.00270   0.03856   0.00000   0.00000   0.01023   0.20327   0.04852   0.00533   0.16598   0.05572   0.00000   0.00730   0.14866   0.17634   0.00612   0.00000   0.08422   0.05008   0.00000   0.11007   0.00316   0.01601   0.00000   0.00000   0.15981   0.03882   0.00048   0.11511   0.04742   0.00000   0.00131   0.21541   0.01712   0.00000   0.00000   0.01843   0.07026   0.00000   0.00000   0.01024   0.32757   0.03718   0.04196   0.03726   0.18620   0.02768   2.62853   0.24479  
108  0.0000   6203.798975  x:  0.00616   0.01367   0.21986   0.00000   0.01298   0.00270   0.03856   0.00000   0.00000   0.01023   0.20327   0.04852   0.00533   0.16598   0.05572   0.00000   0.00730   0.14866   0.17634   0.00612   0.00000   0.08422   0.05008   0.00000   0.11007   0.00316   0.01601   0.00000   0.00000   0.15981   0.03882   0.00048   0.11511   0.04742   0.00000   0.00131   0.21541   0.01712   0.00000   0.00000   0.01843   0.07026   0.00000   0.00000   0.01024   0.32757   0.03718   0.04196   0.03726   0.18620   0.02768   2.62853   0.24479  

Model 1: NearlyNeutral

TREE # 1

  0  0.0000   6931.743078  x:  0.10613   0.03716   0.01917   0.07857   0.01242   0.07070   0.06841   0.08157   0.08407   0.02306   0.07024   0.07900   0.06041   0.09113   0.04228   0.09971   0.01822   0.04964   0.05881   0.07910   0.02963   0.02623   0.09041   0.08800   0.08008   0.06342   0.05613   0.07901   0.04478   0.04738   0.02386   0.01753   0.09713   0.05805   0.07008   0.03963   0.09742   0.07028   0.08474   0.05401   0.08547   0.01083   0.08241   0.08008   0.07540   0.05079   0.05539   0.08963   0.02618   0.08803   0.07991   2.62853   0.83567   0.23098  
  1 99.0000   6520.186323  x:  0.09066   0.04046   0.18029   0.06191   0.02613   0.05314   0.06118   0.06545   0.06612   0.03016   0.09943   0.06859   0.04477   0.10609   0.04634   0.08195   0.00892   0.08527   0.09341   0.06138   0.01331   0.05964   0.08548   0.07262   0.08506   0.04634   0.04265   0.06142   0.02783   0.09217   0.03724   0.00000   0.10005   0.05566   0.05248   0.02266   0.11494   0.06248   0.06863   0.03687   0.07939   0.05184   0.06514   0.06343   0.06987   0.13111   0.03832   0.08059   0.03338   0.10827   0.06802   2.62872   0.83450   0.19739  
  2 4136.9204   6389.888693  x:  0.07748   0.03137   0.17075   0.04743   0.01933   0.03924   0.05634   0.05311   0.05194   0.02665   0.11184   0.06294   0.03324   0.11403   0.04820   0.06794   0.00483   0.09433   0.10446   0.04808   0.00000   0.06239   0.08135   0.06044   0.08844   0.03326   0.03346   0.04753   0.01516   0.10128   0.03731   0.00000   0.10222   0.05422   0.03862   0.00958   0.12639   0.05370   0.05591   0.02234   0.07140   0.04942   0.05251   0.04937   0.06281   0.14433   0.02890   0.07459   0.03443   0.11833   0.05996   2.62872   0.83137   0.17229  
  3 2176.1749   6305.327630  x:  0.06582   0.02574   0.17008   0.03328   0.01901   0.02674   0.05465   0.04106   0.03795   0.01917   0.11317   0.06438   0.02457   0.11481   0.04700   0.05404   0.01516   0.09396   0.10408   0.03648   0.00000   0.06219   0.07870   0.04946   0.08988   0.02248   0.03021   0.03390   0.00586   0.10075   0.03622   0.00000   0.10305   0.05294   0.02501   0.00000   0.12885   0.04520   0.04574   0.00800   0.06388   0.05469   0.04230   0.03542   0.05644   0.14690   0.02934   0.07124   0.03288   0.11894   0.05569   2.62872   0.83798   0.15623  
  4 4947.8870   6261.831111  x:  0.05967   0.02300   0.17003   0.02542   0.01783   0.02012   0.05376   0.03422   0.03019   0.01559   0.11389   0.06544   0.02044   0.11490   0.04659   0.04622   0.01719   0.09340   0.10359   0.03005   0.00000   0.06206   0.07723   0.04341   0.09044   0.01702   0.02890   0.02634   0.00183   0.10035   0.03592   0.00000   0.10329   0.05236   0.01741   0.00000   0.12990   0.04072   0.04019   0.00000   0.05940   0.05721   0.03701   0.02763   0.05260   0.14812   0.03089   0.06959   0.03231   0.11899   0.05364   2.62872   0.84263   0.14872  
  5 62502.3131   6242.226673  x:  0.05670   0.02170   0.16998   0.02161   0.01731   0.01696   0.05332   0.03089   0.02644   0.01393   0.11425   0.06593   0.01847   0.11495   0.04639   0.04243   0.01824   0.09316   0.10338   0.02696   0.00000   0.06200   0.07653   0.04048   0.09072   0.01443   0.02827   0.02267   0.00000   0.10018   0.03579   0.00000   0.10340   0.05210   0.01372   0.00000   0.13042   0.03857   0.03748   0.00000   0.05722   0.05840   0.03444   0.02386   0.05070   0.14874   0.03166   0.06879   0.03204   0.11903   0.05265   2.62872   0.84488   0.14510  
  6 6364642.3561   6172.171301  x:  0.04575   0.01710   0.16975   0.00752   0.01555   0.00561   0.05170   0.01848   0.01254   0.00845   0.11555   0.06769   0.01147   0.11513   0.04569   0.02839   0.02215   0.09225   0.10262   0.01558   0.00000   0.06172   0.07394   0.02948   0.09178   0.00523   0.02604   0.00907   0.00000   0.09951   0.03537   0.00000   0.10386   0.05130   0.00000   0.00000   0.13228   0.03079   0.02729   0.00000   0.04913   0.06271   0.02486   0.00985   0.04350   0.15103   0.03463   0.06585   0.03105   0.11915   0.04901   2.62872   0.85329   0.13184  
  7 1668581.0814   6143.769862  x:  0.03964   0.01419   0.17031   0.00000   0.01317   0.00826   0.05112   0.01337   0.00529   0.00794   0.11542   0.06892   0.00733   0.11518   0.04503   0.02084   0.02270   0.09056   0.10086   0.00926   0.00000   0.06174   0.07239   0.02839   0.09075   0.00593   0.02468   0.00194   0.00000   0.09801   0.03298   0.00000   0.10273   0.04667   0.00000   0.00000   0.13340   0.02643   0.02313   0.00000   0.04587   0.06661   0.01943   0.00251   0.04182   0.15115   0.03332   0.06410   0.03003   0.11889   0.04676   2.62867   0.85629   0.12215  
  8 3739.4787   6137.596083  x:  0.03812   0.01455   0.17032   0.00000   0.01382   0.00766   0.05094   0.01239   0.00318   0.00804   0.11518   0.06905   0.00792   0.11521   0.04501   0.01863   0.02241   0.09011   0.10036   0.00765   0.00000   0.06146   0.07212   0.02955   0.09023   0.00555   0.02422   0.00000   0.00000   0.09757   0.03293   0.00000   0.10218   0.04559   0.00000   0.00000   0.13365   0.02599   0.02219   0.00000   0.04531   0.06732   0.01790   0.00037   0.04163   0.15100   0.03283   0.06362   0.02992   0.11880   0.04620   2.62863   0.85678   0.11928  
  9 3070.2817   6136.787699  x:  0.03789   0.01455   0.17035   0.00000   0.01380   0.00758   0.05091   0.01223   0.00282   0.00797   0.11514   0.06901   0.00789   0.11520   0.04497   0.01825   0.02243   0.09009   0.10032   0.00737   0.00000   0.06140   0.07212   0.02982   0.09016   0.00557   0.02420   0.00000   0.00000   0.09753   0.03298   0.00000   0.10210   0.04558   0.00000   0.00000   0.13367   0.02606   0.02204   0.00000   0.04528   0.06734   0.01765   0.00000   0.04159   0.15099   0.03283   0.06356   0.02991   0.11878   0.04614   2.62863   0.85683   0.11895  
 10 4483.0548   6131.497178  x:  0.03608   0.01421   0.17057   0.00000   0.01364   0.00700   0.05072   0.01093   0.00000   0.00834   0.11477   0.06879   0.00740   0.11513   0.04468   0.01526   0.02258   0.08992   0.10004   0.00494   0.00000   0.06086   0.07224   0.03205   0.08974   0.00497   0.02401   0.00000   0.00000   0.09729   0.03302   0.00000   0.10154   0.04559   0.00000   0.00000   0.13370   0.02634   0.02097   0.00000   0.04518   0.06750   0.01569   0.00000   0.04126   0.15092   0.03297   0.06314   0.02983   0.11862   0.04577   2.62855   0.85718   0.11670  
 11 16268.1604   6123.986008  x:  0.03302   0.01376   0.17079   0.00000   0.01434   0.00662   0.05041   0.00834   0.00000   0.00774   0.11442   0.06848   0.00704   0.11510   0.04445   0.00988   0.02264   0.08978   0.09975   0.00000   0.00000   0.05994   0.07281   0.03577   0.08935   0.00422   0.02365   0.00000   0.00000   0.09717   0.03248   0.00000   0.10093   0.04543   0.00000   0.00000   0.13380   0.02604   0.01912   0.00000   0.04514   0.06761   0.01204   0.00000   0.04034   0.15105   0.03340   0.06251   0.02963   0.11847   0.04520   2.62840   0.85769   0.11375  
 12 10870.6852   6112.830936  x:  0.02762   0.01341   0.17113   0.00000   0.01442   0.00464   0.04999   0.00302   0.00000   0.00720   0.11406   0.06834   0.00669   0.11514   0.04409   0.00000   0.02317   0.08940   0.09907   0.00000   0.00000   0.05826   0.07418   0.04240   0.08892   0.00396   0.02298   0.00000   0.00000   0.09692   0.03186   0.00000   0.10024   0.04452   0.00000   0.00000   0.13409   0.02500   0.01600   0.00000   0.04516   0.06831   0.00496   0.00000   0.03849   0.15132   0.03390   0.06149   0.02924   0.11824   0.04419   2.62812   0.85840   0.10884  
 13 22036.4840   6109.086124  x:  0.02565   0.01397   0.17107   0.00000   0.01431   0.00475   0.04987   0.00000   0.00000   0.00670   0.11396   0.06864   0.00643   0.11520   0.04380   0.00000   0.02334   0.08908   0.09861   0.00000   0.00000   0.05822   0.07421   0.04435   0.08870   0.00293   0.02266   0.00000   0.00000   0.09667   0.03257   0.00000   0.10002   0.04423   0.00000   0.00000   0.13428   0.02528   0.01463   0.00000   0.04501   0.06888   0.00122   0.00000   0.03733   0.15136   0.03423   0.06112   0.02926   0.11814   0.04376   2.62799   0.85857   0.10666  
 14 2646.8696   6108.115121  x:  0.02516   0.01386   0.17103   0.00000   0.01456   0.00456   0.04984   0.00000   0.00000   0.00664   0.11391   0.06878   0.00621   0.11520   0.04371   0.00000   0.02325   0.08897   0.09846   0.00000   0.00000   0.05835   0.07402   0.04463   0.08861   0.00291   0.02262   0.00000   0.00000   0.09658   0.03264   0.00000   0.09993   0.04429   0.00000   0.00000   0.13432   0.02536   0.01421   0.00000   0.04489   0.06905   0.00000   0.00000   0.03692   0.15135   0.03445   0.06102   0.02927   0.11809   0.04364   2.62795   0.85861   0.10599  
 15 2187.4820   6090.574286  x:  0.01510   0.01197   0.17200   0.00000   0.01084   0.00278   0.04823   0.00000   0.00000   0.00466   0.11182   0.07005   0.01013   0.11456   0.04384   0.00000   0.02388   0.08811   0.09690   0.00000   0.00000   0.05771   0.06877   0.04389   0.08710   0.00048   0.02190   0.00000   0.00000   0.09542   0.02963   0.00000   0.09748   0.04794   0.00000   0.00000   0.13439   0.02260   0.00000   0.00000   0.03896   0.07183   0.00000   0.00000   0.02172   0.15328   0.04316   0.05788   0.02834   0.11672   0.04062   2.62701   0.86184   0.09080  
 16 1001.8962   6081.903166  x:  0.00509   0.01969   0.17131   0.00000   0.01069   0.00282   0.04544   0.00000   0.00000   0.00478   0.11204   0.06874   0.00410   0.11324   0.04287   0.00000   0.02434   0.08833   0.09730   0.00000   0.00000   0.05205   0.06833   0.03747   0.08891   0.00127   0.01921   0.00000   0.00000   0.09609   0.03385   0.00000   0.09714   0.05163   0.00000   0.02095   0.13437   0.01398   0.00000   0.00000   0.02809   0.07179   0.00000   0.00000   0.00794   0.15616   0.04961   0.05364   0.02836   0.11562   0.03660   2.62619   0.87296   0.07981  
 17 830.3276   6073.503424  x:  0.00339   0.02344   0.16930   0.00000   0.01153   0.00357   0.04221   0.00000   0.00000   0.00534   0.11477   0.06660   0.00000   0.11259   0.04172   0.00000   0.02613   0.08906   0.09859   0.00000   0.00000   0.04725   0.07093   0.03021   0.09142   0.00233   0.01854   0.00000   0.00000   0.09714   0.03922   0.00000   0.09777   0.05199   0.00000   0.01276   0.13521   0.00867   0.00000   0.00000   0.01649   0.07091   0.00000   0.00000   0.00523   0.16069   0.05427   0.04902   0.02909   0.11550   0.03197   2.62552   0.88821   0.07279  
 18 483.1015   6069.097627  x:  0.00251   0.01928   0.16662   0.00000   0.01175   0.00462   0.03911   0.00000   0.00000   0.00607   0.11918   0.06503   0.00411   0.11271   0.04003   0.00000   0.02908   0.08947   0.09966   0.00000   0.00000   0.04611   0.07411   0.02109   0.09452   0.00300   0.01768   0.00000   0.00000   0.09829   0.04193   0.00000   0.09931   0.05023   0.00000   0.01303   0.13717   0.01208   0.00000   0.00000   0.01020   0.07087   0.00000   0.00000   0.01218   0.16581   0.05724   0.04433   0.02935   0.11596   0.02732   2.62493   0.90446   0.06861  
 19 638.2261   6066.403444  x:  0.00772   0.01763   0.16445   0.00000   0.01197   0.00400   0.03662   0.00000   0.00000   0.00617   0.12199   0.06249   0.00471   0.11276   0.03895   0.00000   0.03109   0.08915   0.10004   0.00000   0.00000   0.04632   0.07517   0.01496   0.09503   0.00312   0.01700   0.00000   0.00000   0.09807   0.04199   0.00000   0.09873   0.04588   0.00000   0.01313   0.13920   0.01525   0.00000   0.00000   0.01522   0.07111   0.00000   0.00000   0.00882   0.17009   0.05771   0.04009   0.02929   0.11633   0.02372   2.62445   0.91668   0.06492  
 20 469.1871   6064.163298  x:  0.00288   0.01744   0.16268   0.00000   0.01202   0.00307   0.03539   0.00000   0.00000   0.00661   0.12352   0.05907   0.00562   0.11273   0.03855   0.00000   0.03303   0.08861   0.10029   0.00000   0.00000   0.04927   0.07291   0.00823   0.09366   0.00343   0.01689   0.00000   0.00000   0.09703   0.04201   0.00000   0.09688   0.04148   0.00000   0.01125   0.14092   0.01778   0.00000   0.00000   0.01842   0.07109   0.00000   0.00000   0.00577   0.17350   0.05502   0.03751   0.02970   0.11664   0.02300   2.62400   0.92149   0.06843  
 21 288.5073   6060.885084  x:  0.00536   0.01921   0.15926   0.00000   0.01071   0.00062   0.03494   0.00000   0.00000   0.00629   0.12513   0.05250   0.00654   0.11320   0.03954   0.00000   0.03830   0.08748   0.10052   0.00000   0.00000   0.05708   0.06169   0.00389   0.08893   0.00362   0.01804   0.00000   0.00000   0.09433   0.04013   0.00000   0.09196   0.03834   0.00000   0.01212   0.14493   0.01477   0.00000   0.00000   0.01328   0.07192   0.00000   0.00000   0.00523   0.18120   0.05398   0.03521   0.03055   0.11752   0.02511   2.62285   0.92290   0.07069  
 22 190.4870   6059.656740  x:  0.00562   0.01863   0.15744   0.00000   0.01039   0.00067   0.03561   0.00000   0.00000   0.00649   0.12645   0.05053   0.00852   0.11369   0.04089   0.00000   0.04077   0.08673   0.10037   0.00000   0.00000   0.05932   0.05458   0.00113   0.08763   0.00441   0.01791   0.00000   0.00000   0.09320   0.04255   0.00541   0.09087   0.04045   0.00000   0.01181   0.14749   0.01002   0.00000   0.00000   0.01475   0.07342   0.00000   0.00000   0.00559   0.18493   0.05437   0.03550   0.03114   0.11816   0.02616   2.62216   0.92204   0.06981  
 23 329.5773   6058.727668  x:  0.00568   0.01826   0.15687   0.00000   0.01037   0.00082   0.03602   0.00000   0.00000   0.00659   0.12695   0.05010   0.00932   0.11391   0.04149   0.00000   0.04157   0.08648   0.10028   0.00000   0.00000   0.05955   0.05205   0.00000   0.08748   0.00476   0.01768   0.00000   0.00000   0.09296   0.04357   0.00434   0.09079   0.04140   0.00000   0.01159   0.14843   0.00844   0.00000   0.00000   0.01540   0.07414   0.00000   0.00000   0.00555   0.18610   0.05463   0.03595   0.03124   0.11842   0.02645   2.62189   0.92116   0.06920  
 24 435.8452   6057.283667  x:  0.00634   0.01865   0.15559   0.00000   0.01065   0.00100   0.03754   0.00000   0.00000   0.00677   0.12880   0.05099   0.01010   0.11464   0.04387   0.00000   0.04318   0.08630   0.10051   0.00000   0.00000   0.05753   0.04536   0.00000   0.08991   0.00565   0.01582   0.00000   0.00000   0.09407   0.04183   0.00488   0.09391   0.04233   0.00000   0.01054   0.15057   0.01064   0.00000   0.00000   0.01344   0.07753   0.00000   0.00000   0.00297   0.18829   0.05591   0.03900   0.02991   0.11941   0.02568   2.62111   0.91649   0.06753  
 25 192.1921   6056.276823  x:  0.00533   0.02304   0.15382   0.00000   0.01045   0.00077   0.03796   0.00000   0.00000   0.00700   0.13000   0.05190   0.00934   0.11540   0.04622   0.00000   0.04449   0.08715   0.10169   0.00000   0.00000   0.05603   0.03908   0.00000   0.09184   0.00648   0.01603   0.00000   0.00000   0.09557   0.03770   0.00475   0.09658   0.04242   0.00000   0.00957   0.15217   0.01176   0.00000   0.00000   0.01518   0.07984   0.00000   0.00000   0.00469   0.19103   0.06055   0.04114   0.02869   0.12053   0.02427   2.62035   0.91260   0.06518  
 26 308.3025   6054.442398  x:  0.00564   0.02502   0.15039   0.00000   0.01054   0.00116   0.03450   0.00000   0.00000   0.00694   0.12998   0.05538   0.01040   0.11877   0.04273   0.00000   0.04583   0.09170   0.10567   0.00000   0.00000   0.06260   0.04566   0.00000   0.09447   0.00707   0.02325   0.00000   0.00000   0.09933   0.03269   0.00555   0.10150   0.03908   0.00000   0.00942   0.15391   0.01079   0.00000   0.00000   0.01505   0.08201   0.00000   0.00000   0.00418   0.19306   0.06938   0.03985   0.03116   0.12391   0.02344   2.61881   0.90184   0.06170  
 27 84.3362   6052.572373  x:  0.00634   0.02376   0.14907   0.00000   0.01044   0.00133   0.03607   0.00000   0.00000   0.00586   0.12957   0.05550   0.01002   0.12193   0.04358   0.00000   0.04666   0.09517   0.10919   0.00000   0.00000   0.06300   0.05012   0.00000   0.09417   0.00814   0.01256   0.00000   0.00000   0.10166   0.02999   0.00632   0.10226   0.03502   0.00000   0.00960   0.15455   0.01015   0.00000   0.00000   0.01455   0.08074   0.00000   0.00000   0.00474   0.19576   0.07601   0.03679   0.02961   0.12674   0.02398   2.61714   0.89800   0.06349  
 28 77.7066   6049.814168  x:  0.00748   0.01852   0.14840   0.00000   0.01178   0.00167   0.04124   0.00000   0.00000   0.00416   0.13400   0.05108   0.00870   0.12699   0.05124   0.00000   0.04694   0.09816   0.11422   0.00000   0.00000   0.05335   0.05132   0.00000   0.09563   0.00666   0.01932   0.00000   0.00000   0.10624   0.02528   0.00730   0.10319   0.02996   0.00000   0.01207   0.15637   0.00943   0.00000   0.00000   0.01318   0.07595   0.00000   0.00000   0.00506   0.20154   0.07012   0.03884   0.02588   0.13189   0.02409   2.61412   0.90074   0.06829  
 29 89.5046   6048.713864  x:  0.00720   0.01965   0.14829   0.00000   0.01124   0.00167   0.03764   0.00000   0.00000   0.00374   0.13555   0.04904   0.00887   0.12664   0.05058   0.00000   0.04670   0.09793   0.11494   0.00000   0.00000   0.05392   0.05128   0.00000   0.09839   0.00669   0.01777   0.00000   0.00000   0.10797   0.01924   0.00702   0.10465   0.03458   0.00000   0.01212   0.15569   0.00863   0.00000   0.00000   0.01306   0.07339   0.00000   0.00000   0.00492   0.20279   0.06285   0.04153   0.02796   0.13218   0.02414   2.61274   0.90454   0.06870  
 30 110.4948   6047.721536  x:  0.00727   0.01863   0.14784   0.00000   0.01113   0.00166   0.03064   0.00000   0.00000   0.00366   0.13436   0.04619   0.00937   0.12223   0.04950   0.00000   0.04660   0.09911   0.11688   0.00000   0.00000   0.05602   0.04762   0.00000   0.10347   0.00628   0.01746   0.00000   0.00000   0.11115   0.02064   0.00704   0.10740   0.03278   0.00000   0.01237   0.15206   0.00753   0.00000   0.00000   0.01301   0.06881   0.00000   0.00000   0.00478   0.20493   0.05893   0.04198   0.02285   0.12990   0.02345   2.61104   0.90485   0.06888  
 31 65.0553   6045.602681  x:  0.00707   0.01750   0.14447   0.00000   0.01085   0.00175   0.03649   0.00000   0.00000   0.00400   0.13266   0.04178   0.00957   0.11297   0.04907   0.00000   0.04796   0.10269   0.12200   0.00000   0.00000   0.05878   0.04326   0.00000   0.11174   0.00516   0.01712   0.00000   0.00000   0.11587   0.02204   0.00695   0.11143   0.02875   0.00000   0.01280   0.14619   0.00772   0.00000   0.00000   0.01343   0.06190   0.00000   0.00000   0.00480   0.21370   0.05240   0.03956   0.03175   0.12629   0.02711   2.60650   0.90432   0.06647  
 32 78.3213   6040.976913  x:  0.00711   0.02071   0.13517   0.00000   0.01101   0.00246   0.04291   0.00000   0.00000   0.00513   0.13684   0.04074   0.00860   0.11026   0.04870   0.00000   0.04899   0.10636   0.12865   0.00000   0.00000   0.06183   0.04675   0.00000   0.11178   0.00287   0.01873   0.00000   0.00000   0.11593   0.02375   0.00628   0.10804   0.04023   0.00000   0.01324   0.14802   0.00991   0.00000   0.00000   0.01304   0.06303   0.00000   0.00000   0.00537   0.23334   0.03749   0.02826   0.02652   0.12731   0.02211   2.59624   0.89852   0.06849  
 33 100.0650   6036.214408  x:  0.00745   0.02068   0.12820   0.00000   0.01156   0.00312   0.03436   0.00000   0.00000   0.00594   0.14623   0.03882   0.00705   0.12017   0.04655   0.00000   0.05322   0.10985   0.13459   0.00000   0.00000   0.05983   0.05021   0.00000   0.10533   0.00034   0.01739   0.00000   0.00000   0.11569   0.02857   0.00631   0.10142   0.04182   0.00000   0.01428   0.15738   0.01285   0.00000   0.00000   0.01318   0.06255   0.00000   0.00000   0.00628   0.24800   0.03075   0.04328   0.02937   0.13526   0.02864   2.58554   0.89474   0.07063  
 34 185.9719   6034.438042  x:  0.00716   0.02160   0.13253   0.00000   0.01089   0.00313   0.03668   0.00000   0.00000   0.00632   0.15390   0.03554   0.00734   0.13095   0.04430   0.00000   0.05638   0.10860   0.13342   0.00000   0.00000   0.06378   0.04618   0.00000   0.10382   0.00000   0.01745   0.00000   0.00000   0.11989   0.02937   0.00607   0.10249   0.04165   0.00000   0.01425   0.16482   0.01216   0.00000   0.00000   0.01331   0.05223   0.00000   0.00000   0.00608   0.23738   0.03143   0.04165   0.03041   0.14268   0.02428   2.58191   0.89546   0.07187  
 35 96.4831   6033.830552  x:  0.00680   0.02194   0.13326   0.00000   0.01072   0.00321   0.03506   0.00000   0.00000   0.00647   0.15713   0.03484   0.00703   0.13331   0.04810   0.00000   0.05695   0.11021   0.13502   0.00000   0.00000   0.06496   0.04522   0.00000   0.10411   0.00011   0.01779   0.00000   0.00000   0.12340   0.02947   0.00573   0.10249   0.04273   0.00000   0.01395   0.16791   0.01273   0.00000   0.00000   0.01378   0.05276   0.00000   0.00000   0.00598   0.23041   0.03101   0.03687   0.02960   0.14569   0.03134   2.58051   0.89687   0.07110  
 36 71.3493   6032.567804  x:  0.00686   0.01903   0.13257   0.00000   0.01090   0.00271   0.03243   0.00000   0.00000   0.00607   0.16008   0.03518   0.00717   0.13030   0.05121   0.00000   0.05590   0.11733   0.14305   0.00000   0.00000   0.06445   0.04369   0.00000   0.10431   0.00022   0.01735   0.00000   0.00000   0.12925   0.03121   0.00528   0.09878   0.04358   0.00000   0.01423   0.17167   0.01198   0.00000   0.00000   0.01431   0.06023   0.00000   0.00000   0.00574   0.21850   0.03012   0.03596   0.03477   0.14894   0.02538   2.57769   0.89727   0.07345  
 37 43.6946   6030.402860  x:  0.00612   0.01636   0.13277   0.00000   0.01160   0.00142   0.04038   0.00000   0.00000   0.00548   0.16598   0.03725   0.00847   0.12682   0.04399   0.00000   0.05176   0.12272   0.15229   0.00000   0.00000   0.06582   0.04711   0.00000   0.10614   0.00134   0.01669   0.00000   0.00000   0.13171   0.03213   0.00453   0.09776   0.04614   0.00000   0.01353   0.17840   0.01084   0.00000   0.00000   0.01618   0.05807   0.00000   0.00000   0.00518   0.21365   0.02734   0.04338   0.02874   0.15184   0.02665   2.57280   0.89537   0.06895  
 38 56.6184   6027.552963  x:  0.00604   0.01005   0.13439   0.00000   0.01323   0.00060   0.03442   0.00000   0.00000   0.00459   0.17292   0.03582   0.00816   0.13029   0.04544   0.00000   0.04697   0.11515   0.14891   0.00000   0.00000   0.06029   0.05026   0.00000   0.11071   0.00253   0.01594   0.00000   0.00000   0.12435   0.03395   0.00339   0.10682   0.04811   0.00000   0.01356   0.18611   0.01172   0.00000   0.00000   0.01803   0.05198   0.00000   0.00000   0.00520   0.22353   0.02827   0.03861   0.03465   0.15318   0.02509   2.56710   0.88530   0.06724  
 39 77.0195   6026.952192  x:  0.00552   0.00861   0.13031   0.00000   0.01312   0.00057   0.03584   0.00000   0.00000   0.00448   0.17256   0.03423   0.00747   0.13607   0.04737   0.00000   0.04566   0.11548   0.14417   0.00000   0.00000   0.06595   0.05068   0.00000   0.11343   0.00285   0.01600   0.00000   0.00000   0.12747   0.03443   0.00248   0.10822   0.04834   0.00000   0.01359   0.18550   0.01229   0.00000   0.00000   0.01881   0.05470   0.00000   0.00000   0.00510   0.22994   0.03054   0.04061   0.03408   0.15371   0.02402   2.56649   0.88938   0.06968  
 40 47.0267   6026.801923  x:  0.00543   0.00828   0.12944   0.00000   0.01312   0.00057   0.03525   0.00000   0.00000   0.00443   0.17195   0.03761   0.00746   0.13770   0.04535   0.00000   0.04529   0.11707   0.14313   0.00000   0.00000   0.06536   0.04889   0.00000   0.11291   0.00293   0.01613   0.00000   0.00000   0.12896   0.03427   0.00227   0.10658   0.04808   0.00000   0.01357   0.18519   0.01242   0.00000   0.00000   0.01897   0.05384   0.00000   0.00000   0.00499   0.23235   0.03052   0.03949   0.03453   0.15412   0.02436   2.56650   0.89070   0.07078  
 41 33.1002   6026.515996  x:  0.00523   0.00844   0.12867   0.00000   0.01351   0.00061   0.03442   0.00000   0.00000   0.00454   0.16956   0.03373   0.00782   0.13818   0.04260   0.00000   0.04371   0.12002   0.14170   0.00000   0.00000   0.06344   0.04751   0.00000   0.10933   0.00333   0.01617   0.00000   0.00000   0.12964   0.03378   0.00215   0.10142   0.04803   0.00000   0.01317   0.18451   0.01267   0.00000   0.00000   0.01922   0.05335   0.00000   0.00000   0.00485   0.23473   0.03199   0.03880   0.03469   0.15446   0.02425   2.56678   0.89035   0.07014  
 42 17.8787   6026.268120  x:  0.00499   0.00855   0.12875   0.00000   0.01337   0.00070   0.03357   0.00000   0.00000   0.00472   0.16716   0.03467   0.00750   0.13753   0.04648   0.00000   0.04286   0.12140   0.14285   0.00000   0.00000   0.06475   0.04815   0.00000   0.10547   0.00366   0.01609   0.00000   0.00000   0.12878   0.03368   0.00197   0.09827   0.04803   0.00000   0.01296   0.18383   0.01314   0.00000   0.00000   0.01926   0.04975   0.00000   0.00000   0.00479   0.23612   0.03224   0.03991   0.03476   0.15457   0.02292   2.56720   0.89085   0.06905  
 43 32.8504   6025.053882  x:  0.00434   0.00853   0.12748   0.00000   0.01270   0.00090   0.03278   0.00000   0.00000   0.00492   0.16396   0.03424   0.00725   0.13852   0.04368   0.00000   0.03233   0.11527   0.16063   0.00000   0.00000   0.06558   0.04543   0.00000   0.09653   0.00375   0.01621   0.00000   0.00000   0.12237   0.03307   0.00096   0.10671   0.04685   0.00000   0.01274   0.18361   0.01395   0.00000   0.00000   0.01943   0.05088   0.00000   0.00000   0.00455   0.23697   0.03322   0.03903   0.03438   0.15721   0.02277   2.57023   0.89637   0.07018  
 44 16.2476   6022.242671  x:  0.00416   0.00971   0.12688   0.00000   0.01095   0.00101   0.03240   0.00000   0.00000   0.00527   0.16760   0.03494   0.00655   0.13988   0.04382   0.00000   0.01129   0.11313   0.15819   0.00000   0.00000   0.06447   0.04718   0.00000   0.10677   0.00352   0.01583   0.00000   0.00000   0.12504   0.03275   0.00088   0.09975   0.04481   0.00000   0.01231   0.18481   0.01484   0.00000   0.00000   0.01901   0.05099   0.00000   0.00000   0.00461   0.23505   0.03254   0.03859   0.03422   0.15544   0.02221   2.57596   0.89563   0.06844  
 45 28.0651   6021.581073  x:  0.00410   0.01013   0.12666   0.00000   0.01033   0.00104   0.03226   0.00000   0.00000   0.00540   0.16899   0.03519   0.00629   0.14027   0.04388   0.00000   0.00376   0.11259   0.15711   0.00416   0.00000   0.06406   0.04781   0.00000   0.11017   0.00343   0.01569   0.00000   0.00000   0.12604   0.03263   0.00085   0.09751   0.04408   0.00000   0.01216   0.18520   0.01516   0.00000   0.00000   0.01886   0.05103   0.00000   0.00000   0.00462   0.23436   0.03228   0.03845   0.03416   0.15479   0.02200   2.57802   0.89538   0.06781  
 46 743.4010   6021.325194  x:  0.00410   0.01012   0.12634   0.00000   0.01011   0.00104   0.03221   0.00000   0.00000   0.00538   0.17209   0.03514   0.00619   0.13729   0.04392   0.00000   0.00147   0.11791   0.15196   0.00436   0.00000   0.06387   0.04798   0.00000   0.10537   0.00341   0.01562   0.00000   0.00000   0.12663   0.03256   0.00072   0.10244   0.04398   0.00000   0.01223   0.18515   0.01517   0.00000   0.00000   0.01878   0.05100   0.00000   0.00000   0.00462   0.23404   0.03190   0.03862   0.03399   0.15433   0.02195   2.57889   0.89566   0.06771  
 47 40.0687   6021.296172  x:  0.00408   0.01017   0.12615   0.00000   0.01007   0.00108   0.03215   0.00000   0.00000   0.00533   0.17526   0.03536   0.00619   0.13522   0.04374   0.00000   0.00169   0.11674   0.15197   0.00440   0.00000   0.06413   0.04818   0.00000   0.10482   0.00340   0.01562   0.00000   0.00000   0.12725   0.03252   0.00068   0.10179   0.04387   0.00000   0.01223   0.18501   0.01528   0.00000   0.00000   0.01884   0.05096   0.00000   0.00000   0.00463   0.23430   0.03276   0.03865   0.03396   0.15425   0.02200   2.57959   0.89546   0.06797  
 48  6.6672   6020.838572  x:  0.00424   0.01113   0.12644   0.00000   0.00938   0.00092   0.03255   0.00000   0.00000   0.00555   0.18173   0.03596   0.00652   0.14165   0.04453   0.00000   0.00173   0.12228   0.15611   0.00425   0.00000   0.06328   0.04861   0.00000   0.10651   0.00349   0.01574   0.00000   0.00000   0.12341   0.03345   0.00062   0.10288   0.04555   0.00000   0.01159   0.17425   0.01500   0.00000   0.00000   0.01912   0.05063   0.00000   0.00000   0.00450   0.23415   0.03529   0.03909   0.03436   0.15205   0.02223   2.59838   0.89407   0.06885  
 49  2.3245   6020.115399  x:  0.00476   0.01270   0.12620   0.00000   0.00811   0.00076   0.03311   0.00000   0.00000   0.00602   0.17309   0.03691   0.00717   0.14005   0.04527   0.00000   0.00227   0.12147   0.15768   0.00403   0.00000   0.06065   0.05109   0.00000   0.10663   0.00364   0.01602   0.00000   0.00000   0.13261   0.03532   0.00057   0.10817   0.04894   0.00000   0.01038   0.18050   0.01473   0.00000   0.00000   0.01924   0.04943   0.00000   0.00000   0.00452   0.23721   0.03900   0.04062   0.03497   0.15661   0.02290   2.62841   0.89273   0.07182  
 50 33.0442   6020.102717  x:  0.00477   0.01274   0.12622   0.00000   0.00808   0.00076   0.03312   0.00000   0.00000   0.00603   0.17291   0.03694   0.00718   0.13991   0.04527   0.00000   0.00226   0.12165   0.15771   0.00404   0.00000   0.06063   0.05113   0.00072   0.10684   0.00363   0.01604   0.00000   0.00000   0.13253   0.03535   0.00057   0.10827   0.04901   0.00000   0.01036   0.18093   0.01474   0.00000   0.00000   0.01925   0.04939   0.00000   0.00000   0.00452   0.23728   0.03914   0.04065   0.03497   0.15674   0.02292   2.62921   0.89274   0.07194  
 51 31.5313   6020.016440  x:  0.00477   0.01290   0.12685   0.00000   0.00804   0.00088   0.03311   0.00000   0.00000   0.00604   0.17274   0.03708   0.00707   0.13778   0.04510   0.00000   0.00200   0.12539   0.15780   0.00419   0.00000   0.06129   0.05084   0.00000   0.11077   0.00356   0.01617   0.00000   0.00000   0.12737   0.03522   0.00048   0.10823   0.04892   0.00000   0.01024   0.18677   0.01495   0.00000   0.00000   0.01921   0.04901   0.00000   0.00000   0.00457   0.23737   0.04039   0.04071   0.03485   0.15747   0.02316   2.63323   0.89344   0.07321  
 52 23.5906   6020.016440  x:  0.00477   0.01290   0.12685   0.00000   0.00804   0.00088   0.03311   0.00000   0.00000   0.00604   0.17274   0.03708   0.00707   0.13778   0.04510   0.00000   0.00200   0.12539   0.15780   0.00419   0.00000   0.06129   0.05084   0.00000   0.11077   0.00356   0.01617   0.00000   0.00000   0.12737   0.03522   0.00048   0.10823   0.04892   0.00000   0.01024   0.18677   0.01495   0.00000   0.00000   0.01921   0.04901   0.00000   0.00000   0.00457   0.23737   0.04039   0.04071   0.03485   0.15747   0.02316   2.63323   0.89344   0.07321  
 53  3.5262   6017.569021  x:  0.00625   0.01292   0.12876   0.00000   0.00908   0.00614   0.03334   0.00000   0.00000   0.00697   0.17307   0.03787   0.00676   0.13811   0.04543   0.00000   0.00242   0.12581   0.15799   0.00490   0.00000   0.06214   0.05050   0.00005   0.11051   0.00258   0.01587   0.00000   0.00000   0.12787   0.03524   0.00000   0.10817   0.04850   0.00000   0.00766   0.18700   0.01431   0.00000   0.00000   0.01844   0.05019   0.00000   0.00000   0.00696   0.23825   0.04005   0.04053   0.03476   0.15774   0.02337   2.63322   0.89257   0.07243  
 54 853.4078   6017.569021  x:  0.00625   0.01292   0.12876   0.00000   0.00908   0.00614   0.03334   0.00000   0.00000   0.00697   0.17307   0.03787   0.00676   0.13811   0.04543   0.00000   0.00242   0.12581   0.15799   0.00490   0.00000   0.06214   0.05050   0.00005   0.11051   0.00258   0.01587   0.00000   0.00000   0.12787   0.03524   0.00000   0.10817   0.04850   0.00000   0.00766   0.18700   0.01431   0.00000   0.00000   0.01844   0.05019   0.00000   0.00000   0.00696   0.23825   0.04005   0.04053   0.03476   0.15774   0.02337   2.63322   0.89257   0.07243  
 55 707.3767   6017.257308  x:  0.00631   0.01291   0.12901   0.00000   0.00914   0.00586   0.03336   0.00000   0.00000   0.00702   0.17311   0.03797   0.00672   0.13816   0.04548   0.00000   0.00244   0.12586   0.15801   0.00494   0.00000   0.06224   0.05045   0.00000   0.11048   0.00254   0.01584   0.00000   0.00000   0.12793   0.03524   0.00002   0.10817   0.04846   0.00000   0.00735   0.18704   0.01425   0.00000   0.00000   0.01836   0.05034   0.00000   0.00000   0.00701   0.23836   0.04001   0.04051   0.03475   0.15778   0.02340   2.63322   0.89245   0.07234  
 56 514.6475   6017.209953  x:  0.00629   0.01291   0.12908   0.00000   0.00913   0.00585   0.03337   0.00000   0.00000   0.00699   0.17312   0.03799   0.00671   0.13817   0.04549   0.00000   0.00243   0.12588   0.15802   0.00496   0.00000   0.06227   0.05044   0.00000   0.11047   0.00258   0.01585   0.00000   0.00000   0.12795   0.03524   0.00000   0.10817   0.04844   0.00000   0.00729   0.18705   0.01426   0.00000   0.00000   0.01835   0.05037   0.00000   0.00000   0.00698   0.23840   0.04000   0.04050   0.03475   0.15779   0.02340   2.63322   0.89241   0.07232  
 57 628.1145   6014.581849  x:  0.00497   0.01308   0.13873   0.00000   0.00735   0.01026   0.03377   0.00000   0.00000   0.00569   0.17518   0.04004   0.00587   0.14026   0.04679   0.00000   0.00000   0.12804   0.15902   0.00553   0.00000   0.06603   0.04835   0.00000   0.10906   0.00041   0.01574   0.00000   0.00000   0.13083   0.03527   0.00372   0.10800   0.04721   0.00000   0.00356   0.18859   0.01668   0.00000   0.00000   0.01816   0.05354   0.00000   0.00000   0.00566   0.24404   0.03891   0.03996   0.03456   0.15957   0.02376   2.63314   0.88694   0.07019  
 58 674.4670   6014.581849  x:  0.00497   0.01308   0.13873   0.00000   0.00735   0.01026   0.03377   0.00000   0.00000   0.00569   0.17518   0.04004   0.00587   0.14026   0.04679   0.00000   0.00000   0.12804   0.15902   0.00553   0.00000   0.06603   0.04835   0.00000   0.10906   0.00041   0.01574   0.00000   0.00000   0.13083   0.03527   0.00372   0.10800   0.04721   0.00000   0.00356   0.18859   0.01668   0.00000   0.00000   0.01816   0.05354   0.00000   0.00000   0.00566   0.24404   0.03891   0.03996   0.03456   0.15957   0.02376   2.63314   0.88694   0.07019  
 59 1006.4084   6011.242259  x:  0.00744   0.01308   0.14160   0.00000   0.00979   0.00517   0.03409   0.00000   0.00000   0.00802   0.17575   0.04119   0.00508   0.14083   0.04724   0.00000   0.00110   0.12879   0.15941   0.00636   0.00000   0.06711   0.04803   0.00000   0.10875   0.00875   0.01609   0.00000   0.00000   0.13164   0.03533   0.00000   0.10787   0.04650   0.00000   0.00050   0.18902   0.01525   0.00000   0.00000   0.01702   0.05510   0.00000   0.00000   0.00804   0.24556   0.03850   0.03976   0.03448   0.16005   0.02408   2.63312   0.88546   0.06924  
 60 766.1369   6011.242259  x:  0.00744   0.01308   0.14160   0.00000   0.00979   0.00517   0.03409   0.00000   0.00000   0.00802   0.17575   0.04119   0.00508   0.14083   0.04724   0.00000   0.00110   0.12879   0.15941   0.00636   0.00000   0.06711   0.04803   0.00000   0.10875   0.00875   0.01609   0.00000   0.00000   0.13164   0.03533   0.00000   0.10787   0.04650   0.00000   0.00050   0.18902   0.01525   0.00000   0.00000   0.01702   0.05510   0.00000   0.00000   0.00804   0.24556   0.03850   0.03976   0.03448   0.16005   0.02408   2.63312   0.88546   0.06924  
 61 497.5427   6009.027655  x:  0.00726   0.01280   0.14457   0.00000   0.01013   0.00124   0.03436   0.00000   0.00000   0.00773   0.17636   0.04224   0.00460   0.14145   0.04771   0.00000   0.00138   0.12953   0.15977   0.00646   0.00000   0.06819   0.04771   0.00000   0.10835   0.00424   0.01515   0.00000   0.00000   0.13250   0.03538   0.00064   0.10783   0.04609   0.00000   0.00352   0.18953   0.01489   0.00000   0.00000   0.01623   0.05657   0.00000   0.00000   0.00774   0.24719   0.03811   0.03958   0.03442   0.16058   0.02436   2.63309   0.88380   0.06845  
 62 447.1945   6007.869396  x:  0.00718   0.01261   0.14733   0.00000   0.01041   0.00212   0.03462   0.00000   0.00000   0.00757   0.17693   0.04317   0.00426   0.14203   0.04814   0.00000   0.00152   0.13020   0.16012   0.00655   0.00000   0.06916   0.04743   0.00000   0.10798   0.00087   0.01459   0.00000   0.00000   0.13331   0.03543   0.00051   0.10779   0.04568   0.00000   0.00349   0.19000   0.01431   0.00000   0.00000   0.01562   0.05788   0.00000   0.00000   0.00758   0.24874   0.03776   0.03943   0.03436   0.16108   0.02460   2.63307   0.88225   0.06775  
 63 650.5207   6004.887293  x:  0.00712   0.01217   0.15679   0.00000   0.01095   0.00126   0.03542   0.00000   0.00000   0.00729   0.17895   0.04617   0.00342   0.14407   0.04960   0.00000   0.00171   0.13253   0.16130   0.00687   0.00000   0.07243   0.04653   0.00000   0.10679   0.00118   0.01419   0.00000   0.00000   0.13610   0.03559   0.00000   0.10764   0.04437   0.00000   0.00143   0.19162   0.01243   0.00000   0.00000   0.01395   0.06218   0.00000   0.00000   0.00728   0.25415   0.03667   0.03893   0.03420   0.16283   0.02535   2.63300   0.87686   0.06551  
 64 582.1241   6002.025835  x:  0.00743   0.01193   0.17696   0.00000   0.01129   0.00487   0.03694   0.00000   0.00000   0.00733   0.18340   0.05188   0.00266   0.14856   0.05258   0.00000   0.00127   0.13751   0.16391   0.00753   0.00000   0.07904   0.04488   0.00000   0.10436   0.00457   0.01425   0.00000   0.00000   0.14212   0.03592   0.00326   0.10747   0.04219   0.00000   0.00567   0.19527   0.01154   0.00000   0.00000   0.01233   0.07063   0.00000   0.00000   0.00732   0.26612   0.03476   0.03807   0.03398   0.16669   0.02670   2.63283   0.86508   0.06153  
 65 1685.8006   6000.541816  x:  0.00791   0.01286   0.18292   0.00000   0.01018   0.00486   0.03698   0.00000   0.00000   0.00811   0.18502   0.05237   0.00377   0.15013   0.05318   0.00000   0.00000   0.13907   0.16486   0.00754   0.00000   0.08035   0.04499   0.00000   0.10386   0.00447   0.01519   0.00000   0.00000   0.14404   0.03605   0.00200   0.10753   0.04220   0.00000   0.00585   0.19664   0.01374   0.00000   0.00000   0.01505   0.07185   0.00000   0.00000   0.00813   0.27043   0.03503   0.03825   0.03419   0.16809   0.02667   2.63276   0.86083   0.06216  
 66 492.6107   6000.541816  x:  0.00791   0.01286   0.18292   0.00000   0.01018   0.00486   0.03698   0.00000   0.00000   0.00811   0.18502   0.05237   0.00377   0.15013   0.05318   0.00000   0.00000   0.13907   0.16486   0.00754   0.00000   0.08035   0.04499   0.00000   0.10386   0.00447   0.01519   0.00000   0.00000   0.14404   0.03605   0.00200   0.10753   0.04220   0.00000   0.00585   0.19664   0.01374   0.00000   0.00000   0.01505   0.07185   0.00000   0.00000   0.00813   0.27043   0.03503   0.03825   0.03419   0.16809   0.02667   2.63276   0.86083   0.06216  
 67 275.8039   5999.213584  x:  0.00765   0.01289   0.18375   0.00000   0.01030   0.00193   0.03688   0.00000   0.00000   0.00786   0.18538   0.05202   0.00346   0.15043   0.05307   0.00000   0.00004   0.13939   0.16514   0.00747   0.00000   0.08028   0.04525   0.00000   0.10392   0.00242   0.01513   0.00000   0.00000   0.14437   0.03611   0.00000   0.10760   0.04243   0.00000   0.00239   0.19696   0.01340   0.00000   0.00000   0.01523   0.07156   0.00000   0.00000   0.00788   0.27135   0.03536   0.03845   0.03433   0.16841   0.02656   2.63275   0.85994   0.06277  
 68 367.9282   5998.987898  x:  0.00754   0.01292   0.18442   0.00000   0.01042   0.00233   0.03681   0.00000   0.00000   0.00778   0.18568   0.05175   0.00333   0.15068   0.05301   0.00000   0.00005   0.13964   0.16536   0.00746   0.00000   0.08024   0.04545   0.00000   0.10398   0.00207   0.01523   0.00000   0.00000   0.14463   0.03615   0.00067   0.10770   0.04272   0.00000   0.00093   0.19722   0.01341   0.00000   0.00000   0.01533   0.07134   0.00000   0.00000   0.00779   0.27211   0.03561   0.03860   0.03443   0.16867   0.02649   2.63274   0.85929   0.06312  
 69 232.0910   5997.145344  x:  0.00604   0.01366   0.19846   0.00000   0.01203   0.00275   0.03558   0.00000   0.00000   0.00688   0.19186   0.04661   0.00186   0.15593   0.05187   0.00000   0.00002   0.14494   0.17003   0.00751   0.00000   0.07935   0.04944   0.00000   0.10534   0.00279   0.01781   0.00000   0.00000   0.15018   0.03701   0.00025   0.10952   0.04782   0.00000   0.00146   0.20289   0.01710   0.00000   0.00000   0.01709   0.06692   0.00000   0.00000   0.00682   0.28795   0.04053   0.04157   0.03651   0.17406   0.02512   2.63250   0.84597   0.06932  
 70 207.3126   5997.064511  x:  0.00613   0.01368   0.19882   0.00000   0.01200   0.00272   0.03558   0.00000   0.00000   0.00697   0.19203   0.04655   0.00200   0.15607   0.05188   0.00000   0.00000   0.14508   0.17016   0.00754   0.00000   0.07935   0.04951   0.00000   0.10538   0.00276   0.01779   0.00000   0.00000   0.15033   0.03703   0.00029   0.10958   0.04791   0.00000   0.00148   0.20305   0.01709   0.00000   0.00000   0.01708   0.06686   0.00000   0.00000   0.00692   0.28838   0.04060   0.04163   0.03655   0.17421   0.02513   2.63250   0.84566   0.06931  
 71 449.2765   5996.862986  x:  0.00624   0.01365   0.19988   0.00000   0.01181   0.00297   0.03571   0.00000   0.00000   0.00701   0.19255   0.04663   0.00201   0.15650   0.05196   0.00000   0.00000   0.14550   0.17057   0.00746   0.00000   0.07942   0.04961   0.00000   0.10554   0.00285   0.01762   0.00000   0.00000   0.15077   0.03710   0.00000   0.10977   0.04799   0.00000   0.00142   0.20354   0.01680   0.00000   0.00000   0.01695   0.06683   0.00000   0.00000   0.00694   0.28968   0.04064   0.04169   0.03659   0.17466   0.02524   2.63248   0.84483   0.06884  
 72 451.5751   5995.986501  x:  0.00583   0.01315   0.20844   0.00000   0.01063   0.00183   0.03697   0.00000   0.00000   0.00603   0.19686   0.04802   0.00059   0.15995   0.05273   0.00000   0.00000   0.14897   0.17398   0.00672   0.00000   0.08018   0.04993   0.00000   0.10696   0.00334   0.01602   0.00000   0.00000   0.15433   0.03760   0.00137   0.11146   0.04824   0.00000   0.00202   0.20768   0.01433   0.00000   0.00000   0.01587   0.06722   0.00000   0.00000   0.00586   0.30058   0.04031   0.04191   0.03670   0.17837   0.02634   2.63234   0.83809   0.06410  
 73 955.0277   5995.727916  x:  0.00455   0.01309   0.21084   0.00000   0.01202   0.00215   0.03742   0.00000   0.00000   0.00574   0.19829   0.04946   0.00102   0.16100   0.05336   0.00000   0.00000   0.14998   0.17514   0.00781   0.00000   0.08078   0.04936   0.00000   0.10749   0.00225   0.01620   0.00000   0.00000   0.15533   0.03761   0.00139   0.11207   0.04738   0.00000   0.00235   0.20911   0.01470   0.00000   0.00000   0.01628   0.06838   0.00000   0.00000   0.00581   0.30433   0.03938   0.04147   0.03636   0.17958   0.02665   2.63229   0.83588   0.06289  
 74 217.6746   5995.481182  x:  0.00509   0.01361   0.21301   0.00000   0.01377   0.00178   0.03785   0.00000   0.00000   0.00632   0.19981   0.05161   0.00039   0.16199   0.05415   0.00000   0.00000   0.15090   0.17640   0.00842   0.00000   0.08169   0.04827   0.00000   0.10813   0.00316   0.01722   0.00000   0.00000   0.15623   0.03748   0.00142   0.11274   0.04585   0.00000   0.00183   0.21069   0.01585   0.00000   0.00000   0.01714   0.07038   0.00000   0.00000   0.00622   0.30852   0.03787   0.04068   0.03577   0.18084   0.02689   2.63223   0.83341   0.06238  
 75 252.9078   5995.382461  x:  0.00577   0.01384   0.21350   0.00000   0.01334   0.00195   0.03789   0.00000   0.00000   0.00601   0.20045   0.05275   0.00051   0.16231   0.05462   0.00000   0.00000   0.15112   0.17693   0.00749   0.00000   0.08231   0.04759   0.00000   0.10844   0.00256   0.01757   0.00000   0.00000   0.15644   0.03735   0.00151   0.11304   0.04495   0.00000   0.00198   0.21142   0.01646   0.00000   0.00000   0.01737   0.07177   0.00000   0.00000   0.00586   0.31047   0.03713   0.04025   0.03550   0.18135   0.02690   2.63219   0.83216   0.06324  
 76 115.3325   5995.335906  x:  0.00515   0.01366   0.21343   0.00000   0.01254   0.00190   0.03783   0.00000   0.00000   0.00611   0.20078   0.05332   0.00074   0.16242   0.05491   0.00000   0.00000   0.15113   0.17722   0.00725   0.00000   0.08274   0.04723   0.00000   0.10865   0.00285   0.01767   0.00000   0.00000   0.15643   0.03729   0.00154   0.11320   0.04448   0.00000   0.00188   0.21185   0.01654   0.00000   0.00000   0.01727   0.07274   0.00000   0.00000   0.00612   0.31161   0.03687   0.04007   0.03544   0.18160   0.02688   2.63217   0.83145   0.06406  
 77 89.2935   5995.315180  x:  0.00525   0.01360   0.21303   0.00000   0.01219   0.00196   0.03771   0.00000   0.00000   0.00627   0.20096   0.05347   0.00039   0.16239   0.05501   0.00000   0.00000   0.15101   0.17739   0.00784   0.00000   0.08308   0.04715   0.00000   0.10881   0.00273   0.01751   0.00000   0.00000   0.15629   0.03731   0.00156   0.11331   0.04437   0.00000   0.00196   0.21214   0.01634   0.00000   0.00000   0.01708   0.07345   0.00000   0.00000   0.00608   0.31239   0.03700   0.04009   0.03555   0.18173   0.02686   2.63215   0.83109   0.06455  
 78 44.1768   5995.301522  x:  0.00540   0.01360   0.21243   0.00000   0.01232   0.00192   0.03760   0.00000   0.00000   0.00597   0.20110   0.05348   0.00060   0.16234   0.05511   0.00000   0.00000   0.15084   0.17753   0.00807   0.00000   0.08341   0.04720   0.00000   0.10896   0.00293   0.01738   0.00000   0.00000   0.15610   0.03736   0.00155   0.11340   0.04443   0.00000   0.00193   0.21242   0.01611   0.00000   0.00000   0.01697   0.07407   0.00000   0.00000   0.00596   0.31314   0.03728   0.04021   0.03572   0.18182   0.02686   2.63213   0.83088   0.06474  
 79 41.1718   5995.277492  x:  0.00535   0.01360   0.21096   0.00000   0.01287   0.00195   0.03741   0.00000   0.00000   0.00612   0.20139   0.05337   0.00052   0.16217   0.05522   0.00000   0.00000   0.15041   0.17781   0.00764   0.00000   0.08405   0.04743   0.00000   0.10929   0.00286   0.01719   0.00000   0.00000   0.15565   0.03748   0.00154   0.11358   0.04475   0.00000   0.00201   0.21302   0.01582   0.00000   0.00000   0.01690   0.07521   0.00000   0.00000   0.00614   0.31475   0.03795   0.04052   0.03610   0.18201   0.02686   2.63208   0.83055   0.06473  
 80 57.8568   5995.267588  x:  0.00530   0.01364   0.21005   0.00000   0.01265   0.00194   0.03747   0.00000   0.00000   0.00631   0.20152   0.05320   0.00061   0.16208   0.05521   0.00000   0.00000   0.15018   0.17795   0.00765   0.00000   0.08426   0.04761   0.00000   0.10944   0.00286   0.01738   0.00000   0.00000   0.15540   0.03753   0.00152   0.11367   0.04497   0.00000   0.00196   0.21334   0.01610   0.00000   0.00000   0.01710   0.07546   0.00000   0.00000   0.00588   0.31565   0.03809   0.04061   0.03617   0.18209   0.02684   2.63205   0.83045   0.06438  
 81 29.3080   5995.260249  x:  0.00533   0.01367   0.20927   0.00000   0.01242   0.00194   0.03756   0.00000   0.00000   0.00612   0.20163   0.05305   0.00054   0.16200   0.05516   0.00000   0.00000   0.15000   0.17806   0.00771   0.00000   0.08435   0.04774   0.00000   0.10954   0.00280   0.01754   0.00000   0.00000   0.15520   0.03756   0.00151   0.11373   0.04513   0.00000   0.00193   0.21360   0.01635   0.00000   0.00000   0.01724   0.07552   0.00000   0.00000   0.00609   0.31641   0.03810   0.04064   0.03616   0.18214   0.02682   2.63202   0.83037   0.06410  
 82 52.6563   5995.249097  x:  0.00537   0.01350   0.20762   0.00000   0.01258   0.00194   0.03782   0.00000   0.00000   0.00615   0.20178   0.05281   0.00058   0.16184   0.05494   0.00000   0.00000   0.14971   0.17821   0.00769   0.00000   0.08409   0.04778   0.00000   0.10960   0.00282   0.01750   0.00000   0.00000   0.15488   0.03746   0.00151   0.11377   0.04516   0.00000   0.00193   0.21407   0.01628   0.00000   0.00000   0.01694   0.07468   0.00000   0.00000   0.00607   0.31801   0.03749   0.04041   0.03576   0.18219   0.02677   2.63194   0.83008   0.06418  
 83 16.3417   5995.246804  x:  0.00532   0.01370   0.20725   0.00000   0.01255   0.00194   0.03771   0.00000   0.00000   0.00614   0.20178   0.05292   0.00058   0.16181   0.05493   0.00000   0.00000   0.14970   0.17821   0.00770   0.00000   0.08391   0.04766   0.00000   0.10953   0.00283   0.01740   0.00000   0.00000   0.15486   0.03746   0.00152   0.11374   0.04501   0.00000   0.00195   0.21414   0.01614   0.00000   0.00000   0.01719   0.07436   0.00000   0.00000   0.00607   0.31845   0.03753   0.04042   0.03579   0.18218   0.02688   2.63190   0.83010   0.06422  
 84  8.5661   5995.245340  x:  0.00536   0.01354   0.20706   0.00000   0.01256   0.00194   0.03755   0.00000   0.00000   0.00614   0.20174   0.05310   0.00057   0.16180   0.05498   0.00000   0.00000   0.14977   0.17816   0.00770   0.00000   0.08373   0.04753   0.00000   0.10942   0.00282   0.01745   0.00000   0.00000   0.15492   0.03748   0.00152   0.11368   0.04485   0.00000   0.00194   0.21414   0.01623   0.00000   0.00000   0.01711   0.07415   0.00000   0.00000   0.00606   0.31882   0.03771   0.04048   0.03593   0.18214   0.02692   2.63186   0.83024   0.06420  
 85  5.6607   5995.244036  x:  0.00532   0.01373   0.20702   0.00000   0.01255   0.00194   0.03760   0.00000   0.00000   0.00614   0.20163   0.05318   0.00056   0.16181   0.05504   0.00000   0.00000   0.14991   0.17804   0.00770   0.00000   0.08360   0.04755   0.00000   0.10926   0.00282   0.01748   0.00000   0.00000   0.15507   0.03748   0.00152   0.11358   0.04488   0.00000   0.00193   0.21404   0.01625   0.00000   0.00000   0.01696   0.07417   0.00000   0.00000   0.00606   0.31922   0.03776   0.04047   0.03596   0.18205   0.02672   2.63177   0.83051   0.06424  
 86  2.9837   5995.241666  x:  0.00535   0.01354   0.20707   0.00000   0.01255   0.00194   0.03772   0.00000   0.00000   0.00614   0.20140   0.05315   0.00055   0.16183   0.05509   0.00000   0.00000   0.15016   0.17780   0.00770   0.00000   0.08347   0.04764   0.00000   0.10900   0.00282   0.01743   0.00000   0.00000   0.15532   0.03745   0.00151   0.11339   0.04501   0.00000   0.00194   0.21379   0.01618   0.00000   0.00000   0.01716   0.07431   0.00000   0.00000   0.00606   0.31992   0.03772   0.04041   0.03592   0.18187   0.02659   2.63158   0.83100   0.06439  
 87  6.8614   5995.238853  x:  0.00533   0.01362   0.20725   0.00000   0.01256   0.00193   0.03761   0.00000   0.00000   0.00614   0.20115   0.05287   0.00056   0.16182   0.05497   0.00000   0.00000   0.15030   0.17755   0.00769   0.00000   0.08355   0.04767   0.00000   0.10888   0.00282   0.01744   0.00000   0.00000   0.15548   0.03743   0.00151   0.11328   0.04504   0.00000   0.00192   0.21349   0.01625   0.00000   0.00000   0.01706   0.07444   0.00000   0.00000   0.00606   0.32057   0.03760   0.04040   0.03583   0.18166   0.02709   2.63130   0.83134   0.06449  
 88  5.1134   5995.229439  x:  0.00533   0.01360   0.20797   0.00000   0.01256   0.00193   0.03713   0.00000   0.00000   0.00613   0.20060   0.05230   0.00061   0.16172   0.05447   0.00000   0.00000   0.15010   0.17710   0.00768   0.00000   0.08417   0.04735   0.00000   0.10923   0.00278   0.01759   0.00000   0.00000   0.15535   0.03746   0.00152   0.11338   0.04462   0.00000   0.00193   0.21270   0.01612   0.00000   0.00000   0.01711   0.07425   0.00000   0.00000   0.00606   0.32175   0.03751   0.04057   0.03578   0.18128   0.02660   2.63026   0.83127   0.06432  
 89  3.9043   5995.208077  x:  0.00531   0.01364   0.20926   0.00000   0.01262   0.00191   0.03792   0.00000   0.00000   0.00614   0.19993   0.05264   0.00061   0.16146   0.05447   0.00000   0.00000   0.14941   0.17669   0.00770   0.00000   0.08462   0.04742   0.00000   0.11003   0.00284   0.01692   0.00000   0.00000   0.15473   0.03738   0.00149   0.11376   0.04477   0.00000   0.00183   0.21156   0.01669   0.00000   0.00000   0.01715   0.07363   0.00000   0.00000   0.00606   0.32333   0.03806   0.04063   0.03599   0.18085   0.02661   2.62783   0.83044   0.06446  
 90  9.6241   5995.181475  x:  0.00532   0.01367   0.21053   0.00000   0.01264   0.00191   0.03827   0.00000   0.00000   0.00614   0.19958   0.05321   0.00057   0.16130   0.05492   0.00000   0.00000   0.14882   0.17663   0.00773   0.00000   0.08444   0.04793   0.00000   0.11061   0.00270   0.01806   0.00000   0.00000   0.15417   0.03744   0.00143   0.11414   0.04543   0.00000   0.00188   0.21079   0.01610   0.00000   0.00000   0.01720   0.07318   0.00000   0.00000   0.00606   0.32470   0.03838   0.04057   0.03619   0.18071   0.02695   2.62475   0.82933   0.06464  
 91 24.3631   5995.108796  x:  0.00530   0.01375   0.21269   0.00000   0.01272   0.00189   0.03614   0.00000   0.00000   0.00616   0.20041   0.05308   0.00050   0.16172   0.05597   0.00000   0.00000   0.14873   0.17781   0.00772   0.00000   0.08249   0.04920   0.00000   0.11056   0.00270   0.01758   0.00000   0.00000   0.15400   0.03805   0.00128   0.11462   0.04681   0.00000   0.00169   0.21103   0.01669   0.00000   0.00000   0.01734   0.07339   0.00000   0.00000   0.00608   0.32668   0.03775   0.04062   0.03629   0.18165   0.02661   2.61650   0.82671   0.06460  
 92 22.8793   5994.970269  x:  0.00529   0.01390   0.21539   0.00000   0.01295   0.00183   0.03779   0.00000   0.00000   0.00619   0.20371   0.05031   0.00066   0.16371   0.05493   0.00000   0.00000   0.15080   0.18097   0.00767   0.00000   0.08077   0.04880   0.00000   0.10915   0.00256   0.01812   0.00000   0.00000   0.15583   0.03784   0.00121   0.11476   0.04612   0.00000   0.00144   0.21418   0.01700   0.00000   0.00000   0.01762   0.07388   0.00000   0.00000   0.00612   0.32894   0.03942   0.04193   0.03661   0.18461   0.02655   2.60078   0.82308   0.06528  
 93 42.8816   5994.916476  x:  0.00530   0.01395   0.21587   0.00000   0.01301   0.00182   0.03729   0.00000   0.00000   0.00620   0.20538   0.05118   0.00071   0.16486   0.05408   0.00000   0.00000   0.15273   0.18180   0.00773   0.00000   0.08369   0.04939   0.00000   0.10944   0.00251   0.01824   0.00000   0.00000   0.15780   0.03794   0.00111   0.11459   0.04727   0.00000   0.00133   0.21653   0.01720   0.00000   0.00000   0.01772   0.07233   0.00000   0.00000   0.00613   0.32938   0.03980   0.04169   0.03668   0.18575   0.02648   2.59487   0.82278   0.06600  
 94 27.9683   5994.909638  x:  0.00530   0.01396   0.21581   0.00000   0.01303   0.00182   0.03741   0.00000   0.00000   0.00621   0.20548   0.05078   0.00064   0.16495   0.05502   0.00000   0.00000   0.15313   0.18129   0.00772   0.00000   0.08393   0.04946   0.00000   0.11022   0.00250   0.01826   0.00000   0.00000   0.15839   0.03805   0.00111   0.11469   0.04709   0.00000   0.00131   0.21717   0.01723   0.00000   0.00000   0.01774   0.07207   0.00000   0.00000   0.00614   0.32935   0.03955   0.04196   0.03702   0.18558   0.02649   2.59438   0.82272   0.06611  
 95  6.2851   5994.902049  x:  0.00531   0.01396   0.21572   0.00000   0.01302   0.00182   0.03728   0.00000   0.00000   0.00622   0.20540   0.05078   0.00066   0.16505   0.05492   0.00000   0.00000   0.15348   0.18022   0.00773   0.00000   0.08347   0.04942   0.00000   0.11119   0.00249   0.01827   0.00000   0.00000   0.15906   0.03784   0.00110   0.11492   0.04716   0.00000   0.00131   0.21804   0.01723   0.00000   0.00000   0.01773   0.07227   0.00000   0.00000   0.00614   0.32929   0.04002   0.04169   0.03648   0.18506   0.02647   2.59432   0.82232   0.06600  
 96  4.2734   5994.890466  x:  0.00533   0.01397   0.21575   0.00000   0.01300   0.00183   0.03747   0.00000   0.00000   0.00624   0.20521   0.05119   0.00075   0.16518   0.05398   0.00000   0.00000   0.15361   0.17910   0.00774   0.00000   0.08306   0.04946   0.00000   0.11136   0.00249   0.01827   0.00000   0.00000   0.15947   0.03823   0.00109   0.11513   0.04736   0.00000   0.00130   0.21895   0.01722   0.00000   0.00000   0.01773   0.07257   0.00000   0.00000   0.00616   0.32930   0.03953   0.04207   0.03722   0.18447   0.02652   2.59467   0.82171   0.06594  
 97  4.7266   5994.786411  x:  0.00553   0.01399   0.21722   0.00000   0.01281   0.00193   0.03743   0.00000   0.00000   0.00641   0.20430   0.05107   0.00085   0.16558   0.05516   0.00000   0.00000   0.15285   0.17611   0.00783   0.00000   0.08470   0.05020   0.00000   0.10646   0.00254   0.01808   0.00000   0.00000   0.15908   0.03732   0.00109   0.11545   0.04697   0.00000   0.00130   0.22285   0.01705   0.00000   0.00000   0.01761   0.07226   0.00000   0.00000   0.00633   0.33029   0.03982   0.04166   0.03734   0.18249   0.02659   2.59981   0.81863   0.06480  
 98  4.6055   5994.516351  x:  0.00603   0.01404   0.22091   0.00000   0.01226   0.00218   0.03820   0.00000   0.00000   0.00688   0.20448   0.05100   0.00133   0.16659   0.05630   0.00000   0.00000   0.15241   0.17787   0.00789   0.00000   0.08489   0.04735   0.00000   0.10654   0.00254   0.01768   0.00000   0.00000   0.15797   0.04259   0.00095   0.11494   0.04856   0.00000   0.00132   0.22614   0.01653   0.00000   0.00000   0.01728   0.07173   0.00000   0.00000   0.00680   0.33379   0.04039   0.04220   0.03489   0.18311   0.02692   2.61435   0.81872   0.06440  
 99 16.8250   5993.976833  x:  0.00702   0.01410   0.22708   0.00000   0.01113   0.00267   0.03799   0.00000   0.00000   0.00779   0.20635   0.05175   0.00253   0.16832   0.05553   0.00000   0.00000   0.15309   0.18442   0.00807   0.00000   0.08323   0.04902   0.00000   0.11210   0.00249   0.01687   0.00000   0.00000   0.15729   0.03721   0.00085   0.11434   0.04818   0.00000   0.00139   0.22824   0.01541   0.00000   0.00000   0.01655   0.07142   0.00000   0.00000   0.00771   0.34076   0.03928   0.04329   0.03659   0.18692   0.02724   2.64303   0.82059   0.06339  
100 77.9210   5993.884148  x:  0.00722   0.01411   0.22622   0.00000   0.01096   0.00277   0.03829   0.00000   0.00000   0.00796   0.20769   0.05149   0.00281   0.16805   0.05520   0.00000   0.00000   0.15468   0.18498   0.00801   0.00000   0.08336   0.05125   0.00000   0.11245   0.00249   0.01675   0.00000   0.00000   0.15959   0.03891   0.00092   0.11546   0.04639   0.00000   0.00144   0.22487   0.01522   0.00000   0.00000   0.01646   0.07158   0.00000   0.00000   0.00787   0.34153   0.03981   0.04091   0.03754   0.18828   0.02737   2.64777   0.81862   0.06284  
101 27.4461   5993.827594  x:  0.00735   0.01412   0.22454   0.00000   0.01086   0.00283   0.03835   0.00000   0.00000   0.00808   0.20920   0.05169   0.00292   0.16774   0.05566   0.00000   0.00000   0.15644   0.18470   0.00809   0.00000   0.08384   0.04992   0.00000   0.11200   0.00251   0.01668   0.00000   0.00000   0.16226   0.03829   0.00083   0.11658   0.04770   0.00000   0.00148   0.22064   0.01509   0.00000   0.00000   0.01641   0.07177   0.00000   0.00000   0.00799   0.34174   0.03966   0.04184   0.03740   0.18937   0.02748   2.65045   0.81582   0.06213  
102 23.9248   5993.826281  x:  0.00736   0.01412   0.22447   0.00000   0.01086   0.00283   0.03837   0.00000   0.00000   0.00808   0.20940   0.05183   0.00292   0.16795   0.05566   0.00000   0.00000   0.15643   0.18456   0.00810   0.00000   0.08387   0.05018   0.00000   0.11200   0.00251   0.01668   0.00000   0.00000   0.16226   0.03834   0.00084   0.11643   0.04754   0.00000   0.00149   0.22045   0.01509   0.00000   0.00000   0.01641   0.07178   0.00000   0.00000   0.00799   0.34174   0.03965   0.04224   0.03711   0.18938   0.02749   2.65036   0.81574   0.06213  
103  3.5510   5993.825537  x:  0.00736   0.01412   0.22443   0.00000   0.01085   0.00283   0.03837   0.00000   0.00000   0.00808   0.20981   0.05180   0.00291   0.16845   0.05569   0.00000   0.00000   0.15631   0.18426   0.00810   0.00000   0.08386   0.05012   0.00000   0.11206   0.00251   0.01668   0.00000   0.00000   0.16209   0.03833   0.00085   0.11609   0.04757   0.00000   0.00149   0.22026   0.01509   0.00000   0.00000   0.01641   0.07178   0.00000   0.00000   0.00799   0.34175   0.03966   0.04212   0.03720   0.18938   0.02749   2.64990   0.81573   0.06211  
104  1.7243   5993.824203  x:  0.00736   0.01412   0.22448   0.00000   0.01085   0.00283   0.03836   0.00000   0.00000   0.00808   0.21032   0.05180   0.00291   0.16864   0.05569   0.00000   0.00000   0.15620   0.18404   0.00810   0.00000   0.08383   0.05011   0.00000   0.11196   0.00251   0.01667   0.00000   0.00000   0.16192   0.03833   0.00083   0.11681   0.04756   0.00000   0.00149   0.22020   0.01508   0.00000   0.00000   0.01640   0.07176   0.00000   0.00000   0.00799   0.34176   0.03964   0.04213   0.03717   0.18932   0.02749   2.64722   0.81612   0.06218  
105  1.0982   5993.814570  x:  0.00742   0.01410   0.22451   0.00000   0.01080   0.00284   0.03841   0.00000   0.00000   0.00812   0.21064   0.05193   0.00300   0.16745   0.05567   0.00000   0.00000   0.15623   0.18412   0.00810   0.00000   0.08388   0.05006   0.00000   0.11200   0.00252   0.01661   0.00000   0.00000   0.16197   0.03833   0.00085   0.11611   0.04747   0.00000   0.00152   0.22029   0.01499   0.00000   0.00000   0.01636   0.07188   0.00000   0.00000   0.00803   0.34159   0.03956   0.04208   0.03715   0.18897   0.02753   2.62569   0.81640   0.06198  
106  5.7381   5993.812781  x:  0.00743   0.01410   0.22427   0.00000   0.01080   0.00285   0.03842   0.00000   0.00000   0.00813   0.20969   0.05196   0.00299   0.16828   0.05573   0.00000   0.00000   0.15625   0.18431   0.00810   0.00000   0.08391   0.05006   0.00000   0.11203   0.00252   0.01660   0.00000   0.00000   0.16206   0.03833   0.00085   0.11629   0.04746   0.00000   0.00153   0.22027   0.01497   0.00000   0.00000   0.01635   0.07192   0.00000   0.00000   0.00804   0.34150   0.03955   0.04208   0.03715   0.18926   0.02754   2.62163   0.81633   0.06194  
107  6.0836   5993.812578  x:  0.00743   0.01409   0.22429   0.00000   0.01080   0.00284   0.03842   0.00000   0.00000   0.00813   0.20963   0.05196   0.00299   0.16818   0.05572   0.00000   0.00000   0.15634   0.18408   0.00809   0.00000   0.08391   0.05005   0.00000   0.11203   0.00252   0.01660   0.00000   0.00000   0.16193   0.03834   0.00085   0.11628   0.04746   0.00000   0.00153   0.22031   0.01497   0.00000   0.00000   0.01635   0.07192   0.00000   0.00000   0.00804   0.34151   0.03955   0.04209   0.03714   0.18964   0.02754   2.62159   0.81635   0.06194  
108  0.0928   5993.798282  x:  0.00756   0.01404   0.22492   0.00000   0.01099   0.00271   0.03853   0.00000   0.00000   0.00819   0.20993   0.05210   0.00314   0.16826   0.05580   0.00000   0.00000   0.15432   0.18386   0.00801   0.00000   0.08415   0.04996   0.00000   0.11190   0.00245   0.01656   0.00000   0.00000   0.16363   0.03844   0.00068   0.11632   0.04747   0.00000   0.00149   0.22126   0.01490   0.00000   0.00000   0.01639   0.07226   0.00000   0.00000   0.00813   0.34245   0.03954   0.04212   0.03711   0.19054   0.02760   2.62277   0.81591   0.06190  
109  0.0743   5993.780514  x:  0.00774   0.01398   0.22537   0.00000   0.01123   0.00255   0.03869   0.00000   0.00000   0.00828   0.21023   0.05225   0.00335   0.16879   0.05595   0.00000   0.00000   0.15642   0.18435   0.00785   0.00000   0.08449   0.04991   0.00000   0.11197   0.00236   0.01652   0.00000   0.00000   0.16230   0.03860   0.00048   0.11663   0.04748   0.00000   0.00146   0.22217   0.01481   0.00000   0.00000   0.01644   0.07275   0.00000   0.00000   0.00825   0.34348   0.03956   0.04218   0.03714   0.18948   0.02767   2.62430   0.81467   0.06172  
110  3.4393   5993.777225  x:  0.00781   0.01394   0.22561   0.00000   0.01116   0.00258   0.03870   0.00000   0.00000   0.00828   0.21034   0.05218   0.00349   0.16890   0.05591   0.00000   0.00000   0.15658   0.18444   0.00774   0.00000   0.08454   0.04991   0.00000   0.11196   0.00257   0.01657   0.00000   0.00000   0.16235   0.03863   0.00044   0.11667   0.04751   0.00000   0.00150   0.22241   0.01493   0.00000   0.00000   0.01645   0.07270   0.00000   0.00000   0.00827   0.34390   0.03959   0.04220   0.03713   0.18959   0.02769   2.62438   0.81439   0.06173  
111  0.0008   5993.776780  x:  0.00784   0.01394   0.22550   0.00000   0.01110   0.00256   0.03868   0.00000   0.00000   0.00827   0.21028   0.05213   0.00358   0.16886   0.05588   0.00000   0.00000   0.15655   0.18444   0.00772   0.00000   0.08448   0.04991   0.00000   0.11195   0.00254   0.01658   0.00000   0.00000   0.16231   0.03861   0.00045   0.11663   0.04750   0.00000   0.00154   0.22226   0.01493   0.00000   0.00000   0.01645   0.07262   0.00000   0.00000   0.00827   0.34373   0.03958   0.04219   0.03712   0.18954   0.02767   2.62463   0.81454   0.06177  
112  0.0004   5993.776689  x:  0.00784   0.01395   0.22548   0.00000   0.01114   0.00256   0.03867   0.00000   0.00000   0.00825   0.21026   0.05212   0.00362   0.16884   0.05588   0.00000   0.00000   0.15654   0.18444   0.00772   0.00000   0.08447   0.04992   0.00000   0.11195   0.00254   0.01658   0.00000   0.00000   0.16230   0.03861   0.00046   0.11662   0.04750   0.00000   0.00152   0.22222   0.01492   0.00000   0.00000   0.01645   0.07262   0.00000   0.00000   0.00826   0.34365   0.03959   0.04219   0.03712   0.18953   0.02767   2.62453   0.81459   0.06177  
113  0.0001   5993.776680  x:  0.00783   0.01395   0.22549   0.00000   0.01113   0.00256   0.03867   0.00000   0.00000   0.00825   0.21027   0.05212   0.00363   0.16885   0.05588   0.00000   0.00000   0.15654   0.18444   0.00772   0.00000   0.08448   0.04991   0.00000   0.11195   0.00254   0.01658   0.00000   0.00000   0.16231   0.03861   0.00046   0.11663   0.04750   0.00000   0.00152   0.22226   0.01493   0.00000   0.00000   0.01645   0.07263   0.00000   0.00000   0.00826   0.34368   0.03959   0.04220   0.03712   0.18953   0.02767   2.62458   0.81456   0.06177  
114  0.0001   5993.776680  x:  0.00783   0.01395   0.22549   0.00000   0.01113   0.00256   0.03867   0.00000   0.00000   0.00825   0.21027   0.05212   0.00363   0.16885   0.05588   0.00000   0.00000   0.15655   0.18444   0.00772   0.00000   0.08448   0.04991   0.00000   0.11195   0.00254   0.01658   0.00000   0.00000   0.16231   0.03861   0.00046   0.11663   0.04750   0.00000   0.00152   0.22226   0.01492   0.00000   0.00000   0.01645   0.07263   0.00000   0.00000   0.00826   0.34369   0.03959   0.04219   0.03712   0.18953   0.02767   2.62458   0.81456   0.06177  
115  0.0000   5993.776680  x:  0.00783   0.01395   0.22549   0.00000   0.01113   0.00256   0.03867   0.00000   0.00000   0.00825   0.21027   0.05212   0.00363   0.16885   0.05588   0.00000   0.00000   0.15655   0.18444   0.00772   0.00000   0.08448   0.04991   0.00000   0.11195   0.00254   0.01658   0.00000   0.00000   0.16231   0.03861   0.00046   0.11663   0.04750   0.00000   0.00152   0.22225   0.01492   0.00000   0.00000   0.01645   0.07263   0.00000   0.00000   0.00826   0.34369   0.03959   0.04219   0.03712   0.18953   0.02767   2.62457   0.81456   0.06177  

Model 2: PositiveSelection

TREE # 1

  0  0.0000   6840.462495  x:  0.04966   0.06130   0.09368   0.08547   0.01884   0.07908   0.08408   0.02381   0.06588   0.06782   0.08181   0.07847   0.03819   0.04481   0.01661   0.02958   0.03883   0.07053   0.10421   0.07694   0.09828   0.10261   0.09314   0.09661   0.01921   0.07950   0.05236   0.06057   0.04883   0.04466   0.04205   0.06809   0.10864   0.09715   0.08466   0.01213   0.08610   0.02967   0.02847   0.07922   0.06810   0.08995   0.07077   0.05631   0.07070   0.07639   0.08298   0.09297   0.09505   0.05389   0.05469   2.62457   1.12373   0.12026   0.26368   2.69592  
  1 99.0000   6527.500774  x:  0.03632   0.05340   0.12222   0.06980   0.02516   0.06404   0.07805   0.01425   0.05054   0.06080   0.11077   0.07259   0.02711   0.10239   0.06361   0.01427   0.02939   0.09545   0.12121   0.06234   0.08338   0.10253   0.08975   0.08471   0.09392   0.06569   0.04393   0.04670   0.03621   0.10042   0.04707   0.05286   0.11214   0.09332   0.06936   0.00000   0.11740   0.03267   0.01391   0.06349   0.06166   0.08737   0.05775   0.04107   0.06498   0.13619   0.07163   0.08711   0.08897   0.10278   0.04817   2.62540   1.12852   0.11851   0.23707   2.69564  
  2 2912.9620   6415.966397  x:  0.02462   0.04547   0.13823   0.05493   0.02244   0.04997   0.07341   0.00484   0.03591   0.05236   0.12631   0.07053   0.01769   0.10556   0.05098   0.00000   0.02203   0.10686   0.13249   0.04885   0.06928   0.10309   0.08740   0.07119   0.07939   0.05198   0.03565   0.03185   0.02191   0.10465   0.04813   0.03915   0.11664   0.08906   0.05548   0.01155   0.13327   0.03104   0.00048   0.04866   0.05443   0.08779   0.04582   0.02645   0.05729   0.15414   0.06449   0.08219   0.08343   0.11245   0.04445   2.62610   1.13299   0.11686   0.21120   2.69531  
  3 1918.7933   6412.877058  x:  0.02427   0.04520   0.13856   0.05443   0.02233   0.04951   0.07327   0.00446   0.03542   0.05201   0.12663   0.07056   0.01748   0.10557   0.05071   0.00000   0.02183   0.10706   0.13272   0.04842   0.06881   0.10309   0.08734   0.07075   0.07906   0.05155   0.03545   0.03136   0.02144   0.10468   0.04812   0.03871   0.11674   0.08893   0.05500   0.01107   0.13357   0.03087   0.00000   0.04817   0.05418   0.08783   0.04541   0.02595   0.05699   0.15446   0.06436   0.08205   0.08327   0.11259   0.04437   2.62612   1.13317   0.11681   0.21047   2.69528  
  4 7829.7452   6387.469279  x:  0.02185   0.04252   0.14017   0.04937   0.02106   0.04506   0.07212   0.00000   0.03031   0.04763   0.12847   0.07160   0.01675   0.10540   0.05019   0.00000   0.02044   0.10775   0.13379   0.04439   0.06404   0.10276   0.08669   0.06653   0.07816   0.04737   0.03433   0.02638   0.01690   0.10445   0.04790   0.03450   0.11714   0.08772   0.05012   0.01045   0.13505   0.02933   0.00000   0.04310   0.05126   0.08842   0.04123   0.02088   0.05320   0.15613   0.06443   0.08080   0.08176   0.11287   0.04390   2.62639   1.13529   0.11642   0.20527   2.69472  
  5 12005.9627   6299.425098  x:  0.00563   0.03217   0.14639   0.03186   0.01515   0.02782   0.06762   0.00000   0.01348   0.03815   0.13337   0.07468   0.01742   0.10210   0.05617   0.00000   0.01224   0.10953   0.13945   0.02837   0.04715   0.10243   0.08482   0.05135   0.07635   0.03090   0.03000   0.00948   0.00000   0.10020   0.04604   0.01693   0.12046   0.08316   0.03435   0.00950   0.13967   0.02520   0.00000   0.02568   0.03794   0.09295   0.02990   0.00376   0.04107   0.15949   0.06160   0.07568   0.07528   0.11076   0.04376   2.62713   1.14084   0.11444   0.17408   2.69417  
  6 14010.5422   6283.425744  x:  0.00780   0.03139   0.14727   0.02813   0.01735   0.02415   0.06673   0.00000   0.00993   0.03847   0.13333   0.07400   0.01719   0.10157   0.05639   0.00000   0.01157   0.10973   0.14049   0.02481   0.04342   0.10227   0.08447   0.04787   0.07644   0.02730   0.02955   0.00571   0.00000   0.09959   0.04595   0.01380   0.12106   0.08225   0.03136   0.00925   0.14013   0.02491   0.00000   0.02180   0.03594   0.09368   0.02781   0.00000   0.03895   0.15978   0.06071   0.07460   0.07388   0.11038   0.04371   2.62727   1.14194   0.11393   0.16589   2.69417  
  7 4245.4445   6265.392407  x:  0.00897   0.03209   0.14714   0.02238   0.01422   0.01989   0.06577   0.00000   0.00481   0.04109   0.13211   0.07138   0.01639   0.10191   0.05476   0.00000   0.01335   0.10974   0.14100   0.02052   0.03801   0.10167   0.08409   0.04334   0.07719   0.02320   0.02991   0.00000   0.00000   0.10007   0.04631   0.01231   0.12120   0.08133   0.02708   0.00912   0.13988   0.02524   0.00000   0.01601   0.03620   0.09356   0.02468   0.00000   0.03712   0.16001   0.05983   0.07348   0.07240   0.11071   0.04339   2.62745   1.14376   0.11323   0.15525   2.69401  
  8 4009.3290   6252.595577  x:  0.00630   0.03269   0.14648   0.01672   0.01638   0.01786   0.06522   0.00000   0.00000   0.04327   0.13133   0.06900   0.01645   0.10240   0.05343   0.00000   0.01457   0.10952   0.14073   0.01771   0.03282   0.10094   0.08378   0.04004   0.07706   0.02096   0.03014   0.00000   0.00000   0.10057   0.04627   0.01335   0.12087   0.08073   0.02266   0.00924   0.13949   0.02496   0.00000   0.01041   0.03757   0.09260   0.02152   0.00000   0.03635   0.16034   0.05945   0.07285   0.07160   0.11124   0.04296   2.62760   1.14575   0.11267   0.14767   2.69362  
  9 3657.3553   6236.088356  x:  0.00714   0.03248   0.14708   0.00584   0.01603   0.01843   0.06459   0.00000   0.00000   0.04648   0.13237   0.06593   0.01817   0.10224   0.05493   0.00000   0.01204   0.10976   0.14044   0.01552   0.02308   0.09999   0.08325   0.03698   0.07464   0.02047   0.02840   0.00000   0.00000   0.10004   0.04468   0.01559   0.12052   0.07952   0.01600   0.00883   0.14023   0.02545   0.00000   0.00000   0.03862   0.09003   0.01525   0.00000   0.03689   0.16197   0.05825   0.07225   0.07093   0.11174   0.04238   2.62780   1.14964   0.11187   0.13920   2.69254  
 10 2321.2796   6229.677082  x:  0.00719   0.03206   0.14781   0.00000   0.01608   0.01910   0.06429   0.00000   0.00000   0.04781   0.13285   0.06548   0.01733   0.10182   0.05463   0.00000   0.01259   0.11035   0.14098   0.01549   0.01817   0.09986   0.08306   0.03664   0.07458   0.02092   0.02807   0.00000   0.00000   0.09968   0.04480   0.01527   0.12067   0.07890   0.01294   0.00868   0.14074   0.02543   0.00000   0.00000   0.03802   0.08935   0.01231   0.00000   0.03670   0.16244   0.05751   0.07194   0.07059   0.11153   0.04233   2.62786   1.15155   0.11151   0.13614   2.69197  
 11 2667.0627   6212.036875  x:  0.00753   0.03247   0.14947   0.00000   0.01590   0.01837   0.06338   0.00000   0.00000   0.05055   0.13308   0.06438   0.01706   0.10336   0.05070   0.00000   0.00934   0.11090   0.14298   0.01604   0.00000   0.10019   0.08243   0.03705   0.07294   0.02077   0.02810   0.00000   0.00000   0.10139   0.04363   0.01243   0.12193   0.07731   0.00210   0.00826   0.14194   0.02453   0.00000   0.00000   0.03812   0.08957   0.00244   0.00000   0.03232   0.16395   0.05729   0.07080   0.06913   0.11264   0.04199   2.62795   1.15799   0.11025   0.12761   2.69002  
 12 2477.3446   6209.427227  x:  0.00774   0.03244   0.14971   0.00000   0.01586   0.01786   0.06323   0.00000   0.00000   0.05045   0.13338   0.06422   0.01709   0.10349   0.05063   0.00000   0.00974   0.11117   0.14326   0.01595   0.00000   0.10017   0.08237   0.03709   0.07229   0.02032   0.02772   0.00000   0.00000   0.10142   0.04340   0.01241   0.12212   0.07713   0.00000   0.00815   0.14221   0.02463   0.00000   0.00000   0.03829   0.08958   0.00026   0.00000   0.03146   0.16444   0.05748   0.07061   0.06889   0.11291   0.04181   2.62796   1.15910   0.11002   0.12619   2.68970  
 13 2244.3745   6209.220020  x:  0.00776   0.03243   0.14973   0.00000   0.01586   0.01782   0.06322   0.00000   0.00000   0.05042   0.13341   0.06420   0.01706   0.10347   0.05060   0.00000   0.00972   0.11118   0.14327   0.01590   0.00000   0.10016   0.08237   0.03706   0.07228   0.02027   0.02772   0.00000   0.00000   0.10141   0.04342   0.01244   0.12212   0.07712   0.00000   0.00814   0.14223   0.02462   0.00000   0.00000   0.03830   0.08956   0.00000   0.00000   0.03140   0.16449   0.05749   0.07060   0.06887   0.11293   0.04180   2.62796   1.15921   0.11000   0.12606   2.68967  
 14 2692.2929   6189.382120  x:  0.00679   0.02835   0.15491   0.00000   0.01585   0.02500   0.06093   0.00000   0.00000   0.04866   0.13349   0.05619   0.01532   0.10533   0.04242   0.00000   0.01112   0.11296   0.14183   0.00000   0.00000   0.09240   0.08159   0.01887   0.06879   0.02151   0.02679   0.00000   0.00000   0.10493   0.03175   0.00460   0.11550   0.07275   0.00000   0.00658   0.14606   0.03348   0.00000   0.00000   0.02996   0.07701   0.00000   0.00000   0.01383   0.17146   0.06268   0.06961   0.06866   0.11218   0.04086   2.62890   1.18250   0.10610   0.11096   2.68263  
 15 608.4274   6184.527550  x:  0.00659   0.02691   0.15659   0.00000   0.01577   0.02560   0.05920   0.00000   0.00000   0.04660   0.13130   0.05510   0.02033   0.10845   0.04080   0.00000   0.01339   0.11214   0.14178   0.00000   0.00000   0.08870   0.08139   0.01395   0.06615   0.02041   0.02524   0.00000   0.00000   0.10796   0.03430   0.00000   0.11330   0.06913   0.00000   0.00665   0.14656   0.03031   0.00000   0.00000   0.02728   0.07564   0.00000   0.00000   0.01845   0.17134   0.06255   0.06797   0.06729   0.11258   0.03992   2.62995   1.19475   0.10475   0.10775   2.67853  
 16 332.5185   6174.271161  x:  0.00663   0.01996   0.16652   0.00000   0.01474   0.02613   0.05205   0.00000   0.00000   0.04076   0.12117   0.05570   0.03581   0.11999   0.03351   0.00000   0.01973   0.10954   0.14709   0.00000   0.00000   0.07905   0.07977   0.00000   0.06051   0.01706   0.02118   0.00000   0.00000   0.11957   0.03770   0.00884   0.10979   0.05535   0.00000   0.00648   0.14911   0.01966   0.00000   0.00000   0.00998   0.07794   0.00000   0.00000   0.02308   0.16729   0.05848   0.06045   0.06025   0.11153   0.03884   2.63423   1.23909   0.10015   0.09643   2.66353  
 17 1082.4849   6161.010048  x:  0.00610   0.00986   0.18543   0.00000   0.01527   0.02762   0.04210   0.00000   0.00000   0.02807   0.11321   0.05453   0.05412   0.12426   0.02916   0.00000   0.02629   0.10722   0.15789   0.00000   0.00000   0.07313   0.07068   0.00000   0.06251   0.01354   0.02151   0.00000   0.00000   0.12530   0.03822   0.01188   0.10717   0.03549   0.00000   0.00750   0.15547   0.00775   0.00000   0.00000   0.02645   0.08213   0.00000   0.00000   0.01646   0.16001   0.04577   0.04851   0.04877   0.10418   0.03958   2.64248   1.31902   0.09217   0.07491   2.63643  
 18 723.0688   6147.504996  x:  0.00065   0.02423   0.19937   0.00000   0.01831   0.02008   0.03624   0.00000   0.00000   0.01099   0.11123   0.05192   0.06834   0.12421   0.02474   0.00000   0.02635   0.10398   0.16655   0.00000   0.00000   0.07242   0.05894   0.00000   0.06422   0.00489   0.02492   0.00000   0.00000   0.12664   0.04489   0.01296   0.10642   0.02840   0.00000   0.00535   0.15984   0.02430   0.00000   0.00000   0.02894   0.08674   0.00000   0.00000   0.01531   0.15422   0.03499   0.03872   0.03826   0.10133   0.03859   2.65251   1.41559   0.08277   0.05146   2.60339  
 19 1145.3597   6143.702771  x:  0.00000   0.02486   0.20012   0.00000   0.01854   0.01693   0.03675   0.00000   0.00000   0.01171   0.11199   0.05089   0.06890   0.12375   0.02507   0.00000   0.02646   0.10382   0.16723   0.00000   0.00000   0.07307   0.05753   0.00000   0.06397   0.00399   0.02541   0.00000   0.00000   0.12625   0.04435   0.01263   0.10653   0.03117   0.00000   0.00533   0.15997   0.02271   0.00000   0.00000   0.02813   0.08689   0.00000   0.00000   0.01462   0.15434   0.03503   0.03878   0.03795   0.10209   0.03831   2.65418   1.43112   0.08128   0.04869   2.59810  
 20 932.1636   6143.702771  x:  0.00000   0.02486   0.20012   0.00000   0.01854   0.01693   0.03675   0.00000   0.00000   0.01171   0.11199   0.05089   0.06890   0.12375   0.02507   0.00000   0.02646   0.10382   0.16723   0.00000   0.00000   0.07307   0.05753   0.00000   0.06397   0.00399   0.02541   0.00000   0.00000   0.12625   0.04435   0.01263   0.10653   0.03117   0.00000   0.00533   0.15997   0.02271   0.00000   0.00000   0.02813   0.08689   0.00000   0.00000   0.01462   0.15434   0.03503   0.03878   0.03795   0.10209   0.03831   2.65418   1.43112   0.08128   0.04869   2.59810  
 21 727.7513   6118.213277  x:  0.02630   0.02351   0.20274   0.00000   0.01600   0.00787   0.03846   0.00000   0.00000   0.01129   0.12221   0.05003   0.06182   0.12878   0.03617   0.00000   0.02404   0.10951   0.16884   0.00000   0.00000   0.07589   0.05712   0.00000   0.07363   0.00114   0.02227   0.00000   0.00000   0.13043   0.04400   0.00471   0.10855   0.03731   0.00000   0.00000   0.16492   0.02023   0.00000   0.00000   0.02508   0.08582   0.00000   0.00000   0.01209   0.16741   0.03692   0.04064   0.03914   0.11204   0.03636   2.65460   1.43455   0.08086   0.04836   2.59703  
 22 1254.5332   6105.593482  x:  0.03211   0.02119   0.20463   0.00000   0.01411   0.00180   0.03960   0.00000   0.00000   0.01037   0.12954   0.04967   0.05639   0.13242   0.04218   0.00000   0.02236   0.11366   0.17010   0.00000   0.00000   0.07790   0.05689   0.00000   0.08009   0.00321   0.02059   0.00000   0.00000   0.13353   0.04382   0.00000   0.11006   0.04100   0.00000   0.00982   0.16875   0.01901   0.00000   0.00000   0.02281   0.08520   0.00000   0.00000   0.01019   0.17690   0.03841   0.04190   0.03996   0.11904   0.03507   2.65492   1.43717   0.08054   0.04831   2.59622  
 23 2270.9716   6076.282388  x:  0.02947   0.01049   0.21193   0.00000   0.00892   0.00000   0.04351   0.00000   0.00000   0.00675   0.15641   0.04916   0.03504   0.14602   0.05853   0.00000   0.01662   0.12921   0.17523   0.00000   0.00000   0.08532   0.05633   0.00000   0.10184   0.00512   0.01574   0.00000   0.00000   0.14533   0.04349   0.02062   0.11631   0.05318   0.00000   0.01542   0.18348   0.01323   0.00000   0.00000   0.01516   0.08334   0.00000   0.00000   0.00517   0.21229   0.04395   0.04620   0.04274   0.14438   0.03092   2.65620   1.44753   0.07931   0.04904   2.59299  
 24 1787.2178   6068.696543  x:  0.02879   0.00466   0.21608   0.00000   0.00622   0.00422   0.04575   0.00000   0.00000   0.00488   0.17166   0.04885   0.02296   0.15374   0.06793   0.00000   0.01337   0.13803   0.17815   0.00000   0.00000   0.08952   0.05602   0.00000   0.11421   0.00626   0.01303   0.00000   0.00000   0.15203   0.04330   0.03046   0.11984   0.06005   0.00000   0.01931   0.19184   0.01007   0.00000   0.00000   0.01093   0.08228   0.00000   0.00000   0.00259   0.23237   0.04707   0.04864   0.04432   0.15877   0.02858   2.65693   1.45341   0.07861   0.04946   2.59116  
 25 42943.7114   6053.316697  x:  0.02077   0.00837   0.22370   0.00000   0.01244   0.00599   0.04867   0.00000   0.00000   0.01128   0.19620   0.04919   0.00390   0.16662   0.07960   0.00000   0.00990   0.15267   0.18370   0.00000   0.00000   0.09614   0.05610   0.00000   0.13242   0.00537   0.01322   0.00000   0.00000   0.16335   0.04361   0.03605   0.12581   0.06815   0.00000   0.02031   0.20634   0.01013   0.00000   0.00000   0.01223   0.08119   0.00000   0.00000   0.02475   0.26558   0.05143   0.05206   0.04650   0.18165   0.02644   2.65825   1.46403   0.07738   0.05153   2.58786  
 26 2286.7945   6045.340970  x:  0.01524   0.01140   0.22781   0.00000   0.01492   0.00656   0.04989   0.00000   0.00000   0.01318   0.20833   0.04970   0.00000   0.17326   0.08461   0.00000   0.00898   0.16003   0.18680   0.01277   0.00000   0.09932   0.05644   0.00000   0.14092   0.00447   0.01461   0.00000   0.00000   0.16911   0.04407   0.03638   0.12887   0.07126   0.00000   0.01918   0.21385   0.01156   0.00000   0.00000   0.01450   0.08094   0.00000   0.00000   0.03126   0.28232   0.05332   0.05358   0.04745   0.19288   0.02613   2.65896   1.46968   0.07673   0.05307   2.58612  
 27 3043.6828   6030.880657  x:  0.00000   0.01802   0.23575   0.00000   0.01538   0.00617   0.05058   0.00000   0.00000   0.01063   0.22637   0.05579   0.00766   0.18438   0.08772   0.00000   0.00050   0.17125   0.19299   0.00996   0.00000   0.10390   0.05799   0.00000   0.15072   0.00240   0.02123   0.00000   0.00000   0.17875   0.04556   0.02540   0.13395   0.07161   0.00000   0.00972   0.22685   0.01798   0.00000   0.00000   0.02195   0.08225   0.00000   0.00000   0.02655   0.30897   0.05470   0.05495   0.04823   0.20918   0.02964   2.66030   1.48014   0.07558   0.05799   2.58297  
 28 1019.8855   6029.043748  x:  0.00061   0.01972   0.23706   0.00000   0.01588   0.00622   0.05035   0.00000   0.00000   0.01057   0.22813   0.05705   0.00790   0.18567   0.08551   0.00000   0.00000   0.17256   0.19412   0.00971   0.00000   0.10426   0.05842   0.00000   0.15069   0.00356   0.02253   0.00000   0.00000   0.17998   0.04595   0.02599   0.13466   0.07030   0.00000   0.00977   0.22868   0.01896   0.00000   0.00000   0.02306   0.08279   0.00000   0.00000   0.02567   0.31208   0.05455   0.05483   0.04812   0.21060   0.03060   2.66052   1.48181   0.07540   0.05889   2.58249  
 29 617.8110   6025.338414  x:  0.00000   0.02169   0.24059   0.00000   0.01661   0.00597   0.04955   0.00000   0.00000   0.01174   0.23136   0.05983   0.00376   0.18833   0.07823   0.00000   0.00118   0.17542   0.19734   0.00975   0.00000   0.10473   0.05967   0.00000   0.14912   0.00286   0.02308   0.00000   0.00000   0.18270   0.04697   0.02395   0.13627   0.06590   0.00000   0.00860   0.23299   0.01903   0.00000   0.00000   0.02325   0.08451   0.00000   0.00000   0.02222   0.31880   0.05356   0.05419   0.04761   0.21299   0.03268   2.66111   1.48621   0.07491   0.06039   2.58129  
 30 820.3904   6023.646488  x:  0.00034   0.02034   0.24313   0.00000   0.01652   0.00591   0.04926   0.00000   0.00000   0.01144   0.23278   0.06055   0.00528   0.18978   0.07349   0.00000   0.00000   0.17678   0.19942   0.00991   0.00000   0.10474   0.06019   0.00000   0.14726   0.00181   0.02154   0.00000   0.00000   0.18420   0.04726   0.02324   0.13718   0.06321   0.00000   0.00853   0.23563   0.01757   0.00000   0.00000   0.02173   0.08551   0.00000   0.00000   0.02326   0.32266   0.05291   0.05380   0.04733   0.21384   0.03246   2.66157   1.48958   0.07450   0.05991   2.58043  
 31 414.5852   6021.912869  x:  0.00000   0.01645   0.24861   0.00000   0.01534   0.00568   0.04894   0.00000   0.00000   0.01065   0.23493   0.06063   0.00644   0.19225   0.06469   0.00000   0.00000   0.17920   0.20394   0.01081   0.00000   0.10438   0.06080   0.00000   0.14264   0.00829   0.01858   0.00000   0.00000   0.18690   0.04731   0.01972   0.13880   0.05846   0.00000   0.00494   0.24086   0.01458   0.00000   0.00000   0.01819   0.08732   0.00000   0.00000   0.02584   0.33016   0.05161   0.05308   0.04683   0.21482   0.03083   2.66267   1.49751   0.07352   0.05805   2.57846  
 32 745.8734   6020.813363  x:  0.00006   0.01590   0.25438   0.00000   0.01123   0.00566   0.04980   0.00000   0.00000   0.00908   0.23382   0.05585   0.00345   0.19242   0.06123   0.00000   0.00000   0.17969   0.20865   0.01158   0.00000   0.10266   0.05919   0.00000   0.13483   0.00765   0.01733   0.00000   0.00000   0.18788   0.04521   0.01873   0.13932   0.05845   0.00000   0.00429   0.24507   0.02014   0.00000   0.00000   0.02002   0.08761   0.00000   0.00000   0.02646   0.33558   0.05166   0.05309   0.04701   0.21245   0.02656   2.66440   1.50971   0.07204   0.05579   2.57562  
 33 149.3344   6020.336188  x:  0.00000   0.01613   0.25608   0.00000   0.01213   0.00562   0.05005   0.00000   0.00000   0.01005   0.23319   0.05443   0.00327   0.19223   0.06135   0.00000   0.00000   0.17965   0.21003   0.01168   0.00000   0.10208   0.05858   0.00000   0.13244   0.00758   0.01747   0.00000   0.00000   0.18797   0.04459   0.01867   0.13931   0.05903   0.00000   0.00431   0.24618   0.01989   0.00000   0.00000   0.01988   0.08746   0.00000   0.00000   0.02575   0.33705   0.05186   0.05318   0.04713   0.21145   0.02606   2.66503   1.51413   0.07153   0.05574   2.57460  
 34 231.2884   6020.336188  x:  0.00000   0.01613   0.25608   0.00000   0.01213   0.00562   0.05005   0.00000   0.00000   0.01005   0.23319   0.05443   0.00327   0.19223   0.06135   0.00000   0.00000   0.17965   0.21003   0.01168   0.00000   0.10208   0.05858   0.00000   0.13244   0.00758   0.01747   0.00000   0.00000   0.18797   0.04459   0.01867   0.13931   0.05903   0.00000   0.00431   0.24618   0.01989   0.00000   0.00000   0.01988   0.08746   0.00000   0.00000   0.02575   0.33705   0.05186   0.05318   0.04713   0.21145   0.02606   2.66503   1.51413   0.07153   0.05574   2.57460  
 35 266.4542   6016.238682  x:  0.01641   0.01865   0.25654   0.00000   0.01279   0.00397   0.04988   0.00000   0.00000   0.01030   0.23361   0.05518   0.00440   0.19256   0.06180   0.00000   0.00000   0.17994   0.21032   0.01132   0.00000   0.10218   0.05877   0.00000   0.13262   0.00584   0.01791   0.00000   0.00000   0.18825   0.04485   0.01558   0.13942   0.05883   0.00000   0.00293   0.24659   0.01953   0.00000   0.00000   0.02007   0.08757   0.00000   0.00000   0.02343   0.33790   0.05171   0.05313   0.04708   0.21182   0.02714   2.66514   1.51490   0.07145   0.05649   2.57440  
 36 1298.0190   6012.346536  x:  0.01587   0.01800   0.25780   0.00000   0.01395   0.00101   0.04934   0.00000   0.00000   0.01024   0.23515   0.05778   0.00657   0.19372   0.06321   0.00000   0.00000   0.18102   0.21141   0.01018   0.00000   0.10256   0.05946   0.00000   0.13331   0.00097   0.01943   0.00000   0.00000   0.18926   0.04573   0.00478   0.13981   0.05818   0.00000   0.00053   0.24813   0.01832   0.00000   0.00000   0.02032   0.08804   0.00000   0.00000   0.01530   0.34097   0.05135   0.05301   0.04693   0.21317   0.03048   2.66552   1.51763   0.07119   0.05897   2.57367  
 37 378.6611   6011.180066  x:  0.01589   0.01777   0.25841   0.00000   0.01443   0.00254   0.04910   0.00000   0.00000   0.01021   0.23589   0.05895   0.00732   0.19426   0.06384   0.00000   0.00000   0.18154   0.21193   0.00972   0.00000   0.10274   0.05977   0.00000   0.13365   0.00041   0.02020   0.00000   0.00000   0.18974   0.04612   0.00000   0.14000   0.05790   0.00000   0.00110   0.24888   0.01795   0.00000   0.00000   0.02042   0.08825   0.00000   0.00000   0.01172   0.34244   0.05117   0.05294   0.04685   0.21381   0.03192   2.66570   1.51895   0.07106   0.06002   2.57332  
 38 1351.5133   6011.180066  x:  0.01589   0.01777   0.25841   0.00000   0.01443   0.00254   0.04910   0.00000   0.00000   0.01021   0.23589   0.05895   0.00732   0.19426   0.06384   0.00000   0.00000   0.18154   0.21193   0.00972   0.00000   0.10274   0.05977   0.00000   0.13365   0.00041   0.02020   0.00000   0.00000   0.18974   0.04612   0.00000   0.14000   0.05790   0.00000   0.00110   0.24888   0.01795   0.00000   0.00000   0.02042   0.08825   0.00000   0.00000   0.01172   0.34244   0.05117   0.05294   0.04685   0.21381   0.03192   2.66570   1.51895   0.07106   0.06002   2.57332  
 39 455.0125   6010.439823  x:  0.01495   0.01760   0.25862   0.00000   0.01431   0.00313   0.04905   0.00000   0.00000   0.01019   0.23616   0.05922   0.00705   0.19445   0.06397   0.00000   0.00000   0.18173   0.21213   0.00975   0.00000   0.10280   0.05986   0.00000   0.13380   0.00406   0.02054   0.00000   0.00000   0.18991   0.04621   0.00151   0.14011   0.05797   0.00000   0.00249   0.24915   0.01806   0.00000   0.00000   0.02041   0.08832   0.00000   0.00000   0.01135   0.34299   0.05110   0.05291   0.04682   0.21405   0.03211   2.66578   1.51949   0.07101   0.06013   2.57318  
 40 481.0982   6009.117747  x:  0.00635   0.01645   0.26081   0.00000   0.01327   0.00387   0.04851   0.00000   0.00000   0.01008   0.23887   0.06187   0.00474   0.19635   0.06532   0.00000   0.00000   0.18363   0.21408   0.01010   0.00000   0.10338   0.06073   0.00000   0.13501   0.00326   0.02074   0.00000   0.00000   0.19163   0.04713   0.00195   0.14104   0.05811   0.00000   0.00305   0.25189   0.01801   0.00000   0.00000   0.02031   0.08904   0.00000   0.00000   0.00838   0.34850   0.05048   0.05269   0.04653   0.21643   0.03393   2.66651   1.52477   0.07043   0.06128   2.57180  
 41 173.4434   6007.815108  x:  0.00456   0.01866   0.26468   0.00000   0.01303   0.00127   0.04779   0.00000   0.00000   0.01018   0.24352   0.06578   0.00424   0.19966   0.06761   0.00000   0.00000   0.18680   0.21738   0.01076   0.00000   0.10433   0.06202   0.00000   0.13704   0.00466   0.02121   0.00000   0.00000   0.19455   0.04837   0.00061   0.14256   0.05826   0.00000   0.00143   0.25659   0.01780   0.00000   0.00000   0.02028   0.09019   0.00000   0.00000   0.01032   0.35807   0.04956   0.05239   0.04612   0.22051   0.03614   2.66781   1.53423   0.06938   0.06264   2.56936  
 42 250.6590   6006.437671  x:  0.00444   0.02078   0.26821   0.00000   0.01306   0.00273   0.04722   0.00000   0.00000   0.01028   0.24774   0.06915   0.00408   0.20266   0.06964   0.00000   0.00000   0.18966   0.22037   0.01125   0.00000   0.10518   0.06314   0.00000   0.13885   0.00487   0.02148   0.00000   0.00000   0.19719   0.04943   0.00000   0.14394   0.05844   0.00000   0.00090   0.26085   0.01775   0.00000   0.00000   0.02029   0.09120   0.00000   0.00000   0.01192   0.36676   0.04877   0.05215   0.04576   0.22421   0.03796   2.66901   1.54287   0.06842   0.06377   2.56713  
 43 1740.8540   6004.285981  x:  0.00667   0.02568   0.27805   0.00000   0.01346   0.00208   0.04595   0.00000   0.00000   0.01051   0.25938   0.07767   0.00404   0.21092   0.07488   0.00000   0.00000   0.19749   0.22861   0.01196   0.00000   0.10751   0.06599   0.00000   0.14374   0.00200   0.02169   0.00000   0.00000   0.20446   0.05202   0.00332   0.14781   0.05919   0.00000   0.00551   0.27267   0.01834   0.00000   0.00000   0.02042   0.09392   0.00000   0.00000   0.01401   0.39089   0.04689   0.05165   0.04496   0.23442   0.04221   2.67237   1.56708   0.06574   0.06648   2.56092  
 44 2186.8643   6002.763122  x:  0.01103   0.02263   0.28412   0.00000   0.01492   0.00155   0.04714   0.00000   0.00000   0.01031   0.26612   0.07844   0.00512   0.21563   0.07596   0.00000   0.00000   0.20167   0.23331   0.00954   0.00000   0.10869   0.06636   0.00000   0.14616   0.00293   0.02135   0.00000   0.00000   0.20851   0.05175   0.00231   0.14985   0.05973   0.00000   0.00393   0.27962   0.01854   0.00000   0.00000   0.02102   0.09497   0.00000   0.00000   0.00703   0.40565   0.04758   0.05236   0.04548   0.24032   0.04069   2.67462   1.58313   0.06395   0.06596   2.55699  
 45 375.3962   6001.460701  x:  0.01184   0.01367   0.29002   0.00000   0.01513   0.00163   0.04997   0.00000   0.00000   0.01021   0.27225   0.07395   0.00568   0.21970   0.07438   0.00000   0.00000   0.20500   0.23749   0.00828   0.00000   0.10942   0.06517   0.00000   0.14771   0.00289   0.02061   0.00000   0.00000   0.21191   0.04962   0.00307   0.15149   0.06040   0.00000   0.00316   0.28610   0.01898   0.00000   0.00000   0.02148   0.09521   0.00000   0.00000   0.01045   0.42032   0.05012   0.05400   0.04692   0.24561   0.03528   2.67714   1.60090   0.06202   0.06413   2.55284  
 46 331.4491   6000.849159  x:  0.01119   0.01546   0.29274   0.00000   0.01366   0.00162   0.05161   0.00000   0.00000   0.01063   0.27466   0.06713   0.00551   0.22098   0.07125   0.00000   0.00000   0.20574   0.23903   0.01206   0.00000   0.10920   0.06332   0.00000   0.14749   0.00304   0.02087   0.00000   0.00000   0.21284   0.04759   0.00104   0.15172   0.06038   0.00000   0.00489   0.28887   0.01907   0.00000   0.00000   0.02098   0.09443   0.00000   0.00000   0.01006   0.42803   0.05232   0.05514   0.04793   0.24755   0.03146   2.67887   1.61269   0.06086   0.06451   2.55029  
 47 183.6119   6000.515564  x:  0.01036   0.01823   0.29402   0.00000   0.01356   0.00170   0.05211   0.00000   0.00000   0.01045   0.27552   0.06228   0.00506   0.22118   0.06878   0.00000   0.00000   0.20555   0.23946   0.01166   0.00000   0.10880   0.06193   0.00000   0.14680   0.00277   0.02113   0.00000   0.00000   0.21288   0.04644   0.00338   0.15155   0.06040   0.00000   0.00307   0.29002   0.01853   0.00000   0.00000   0.02064   0.09360   0.00000   0.00000   0.00987   0.43236   0.05352   0.05565   0.04836   0.24812   0.03036   2.68009   1.62088   0.06011   0.06545   2.54861  
 48 215.4190   6000.215623  x:  0.00929   0.01968   0.29458   0.00000   0.01468   0.00171   0.05160   0.00000   0.00000   0.01007   0.27536   0.05838   0.00569   0.22049   0.06648   0.00000   0.00000   0.20444   0.23906   0.00814   0.00000   0.10809   0.06067   0.00000   0.14542   0.00281   0.02124   0.00000   0.00000   0.21213   0.04602   0.00224   0.15081   0.05999   0.00000   0.00424   0.29024   0.01857   0.00000   0.00000   0.02062   0.09245   0.00000   0.00000   0.01039   0.43571   0.05400   0.05567   0.04830   0.24769   0.03179   2.68150   1.63015   0.05934   0.06663   2.54683  
 49 139.1540   5999.650802  x:  0.00869   0.01785   0.29433   0.00000   0.01485   0.00173   0.04870   0.00000   0.00000   0.01090   0.27275   0.05376   0.01100   0.21698   0.06287   0.00000   0.00000   0.20014   0.23650   0.00969   0.00000   0.10577   0.05908   0.00000   0.14100   0.00282   0.02072   0.00000   0.00000   0.20861   0.04705   0.00283   0.14811   0.05866   0.00000   0.00375   0.28866   0.01845   0.00000   0.00000   0.02106   0.08948   0.00000   0.00000   0.01000   0.44159   0.05293   0.05445   0.04697   0.24451   0.03747   2.68542   1.65542   0.05734   0.06776   2.54220  
 50 140.9280   5998.417590  x:  0.01113   0.01564   0.29183   0.00000   0.00972   0.00167   0.04488   0.00000   0.00000   0.00863   0.26534   0.05302   0.00569   0.20808   0.05829   0.00000   0.00000   0.19080   0.23006   0.00973   0.00000   0.10136   0.05811   0.00000   0.13230   0.00302   0.02011   0.00000   0.00000   0.20031   0.04834   0.00256   0.14225   0.05627   0.00000   0.00350   0.28323   0.01825   0.00000   0.00000   0.02007   0.08478   0.00000   0.00000   0.00964   0.45030   0.04899   0.05160   0.04420   0.23627   0.03939   2.69386   1.70948   0.05323   0.06695   2.53242  
 51 254.4238   5997.257879  x:  0.01089   0.01528   0.28811   0.00000   0.01481   0.00153   0.04338   0.00000   0.00000   0.01105   0.25688   0.05523   0.00195   0.19863   0.05647   0.00000   0.00000   0.18122   0.22284   0.01093   0.00000   0.09733   0.05772   0.00000   0.12426   0.00305   0.01977   0.00000   0.00000   0.19155   0.04800   0.00254   0.13637   0.05450   0.00000   0.00353   0.27663   0.01773   0.00000   0.00000   0.01901   0.08117   0.00000   0.00000   0.00949   0.45744   0.04562   0.04937   0.04228   0.22724   0.03600   2.70289   1.76717   0.04899   0.06650   2.52193  
 52 700.1119   5995.933258  x:  0.00834   0.01712   0.28250   0.00000   0.01445   0.00161   0.04419   0.00000   0.00000   0.00884   0.24631   0.05992   0.00661   0.18780   0.05788   0.00000   0.00000   0.17052   0.21392   0.00939   0.00000   0.09355   0.05765   0.00000   0.11656   0.00290   0.01962   0.00000   0.00000   0.18152   0.04584   0.00277   0.12999   0.05335   0.00000   0.00373   0.26792   0.01704   0.00000   0.00000   0.01823   0.07862   0.00000   0.00000   0.00927   0.46354   0.04319   0.04782   0.04134   0.21638   0.02810   2.71384   1.83690   0.04407   0.06736   2.50914  
 53 905.6569   5994.951520  x:  0.00865   0.01678   0.27556   0.00000   0.01127   0.00162   0.04698   0.00000   0.00000   0.01344   0.23788   0.06055   0.00578   0.18147   0.06179   0.00000   0.00000   0.16553   0.20710   0.00811   0.00000   0.09339   0.05714   0.00000   0.11652   0.00297   0.01870   0.00000   0.00000   0.17593   0.04248   0.00268   0.12743   0.05417   0.00000   0.00361   0.25970   0.01704   0.00000   0.00000   0.02074   0.08051   0.00000   0.00000   0.00909   0.46189   0.04697   0.04932   0.04357   0.20881   0.02897   2.72258   1.89213   0.04077   0.07240   2.49863  
 54 344.9997   5993.921416  x:  0.00903   0.01574   0.26754   0.00000   0.01334   0.00152   0.04849   0.00000   0.00000   0.00802   0.23001   0.05908   0.00401   0.17701   0.06498   0.00000   0.00000   0.16293   0.20097   0.01009   0.00000   0.09437   0.05636   0.00000   0.11927   0.00296   0.01846   0.00000   0.00000   0.17215   0.04036   0.00250   0.12641   0.05507   0.00000   0.00354   0.25124   0.01695   0.00000   0.00000   0.02033   0.08330   0.00000   0.00000   0.00897   0.45644   0.05070   0.05077   0.04548   0.20237   0.03173   2.73127   1.94677   0.03782   0.07570   2.48803  
 55 584.2640   5992.460996  x:  0.00827   0.01590   0.25390   0.00000   0.01246   0.00154   0.04492   0.00000   0.00000   0.00965   0.22048   0.05465   0.00470   0.17517   0.06465   0.00000   0.00000   0.16405   0.19405   0.00879   0.00000   0.09664   0.05467   0.00000   0.12657   0.00269   0.01983   0.00000   0.00000   0.17085   0.04270   0.00234   0.12771   0.05461   0.00000   0.00361   0.23904   0.01594   0.00000   0.00000   0.01313   0.08600   0.00000   0.00000   0.00866   0.43997   0.04977   0.04954   0.04388   0.19607   0.03130   2.74423   2.02788   0.03417   0.07200   2.47180  
 56 394.4506   5991.231427  x:  0.00717   0.01669   0.24074   0.00000   0.01241   0.00156   0.04040   0.00000   0.00000   0.00925   0.21295   0.05100   0.00475   0.17524   0.06117   0.00000   0.00000   0.16656   0.18888   0.00830   0.00000   0.09750   0.05301   0.00000   0.13239   0.00262   0.01909   0.00000   0.00000   0.17111   0.04457   0.00224   0.12924   0.05266   0.00000   0.00365   0.22825   0.01562   0.00000   0.00000   0.02024   0.08600   0.00000   0.00000   0.00854   0.42025   0.04551   0.04674   0.04048   0.19184   0.02816   2.75672   2.10570   0.03127   0.07077   2.45589  
 57 767.9870   5990.045530  x:  0.00757   0.01474   0.23012   0.00000   0.01219   0.00149   0.04038   0.00000   0.00000   0.00903   0.20967   0.05179   0.00498   0.17732   0.05480   0.00000   0.00000   0.16929   0.18707   0.00828   0.00000   0.09411   0.05188   0.00000   0.13207   0.00294   0.01577   0.00000   0.00000   0.17269   0.04088   0.00221   0.12926   0.04904   0.00000   0.00329   0.22129   0.01639   0.00000   0.00000   0.01767   0.08019   0.00000   0.00000   0.00826   0.39560   0.04002   0.04399   0.03776   0.19130   0.02590   2.76825   2.17701   0.03001   0.08079   2.44052  
 58 392.1480   5989.174329  x:  0.00735   0.01461   0.22461   0.00000   0.01190   0.00148   0.04287   0.00000   0.00000   0.00889   0.21032   0.05393   0.00501   0.17903   0.05228   0.00000   0.00000   0.16992   0.18790   0.00823   0.00000   0.08864   0.05147   0.00000   0.12571   0.00243   0.02125   0.00000   0.00000   0.17363   0.03726   0.00222   0.12702   0.04755   0.00000   0.00351   0.21935   0.01424   0.00000   0.00000   0.01808   0.07330   0.00000   0.00000   0.00811   0.37189   0.04064   0.04422   0.03879   0.19313   0.02802   2.77717   2.23202   0.03005   0.07977   2.42796  
 59 324.1248   5988.622369  x:  0.00657   0.01586   0.22338   0.00000   0.01181   0.00149   0.04264   0.00000   0.00000   0.00868   0.21230   0.05359   0.00471   0.17937   0.05397   0.00000   0.00000   0.16875   0.18923   0.00803   0.00000   0.08539   0.05116   0.00000   0.11926   0.00286   0.01654   0.00000   0.00000   0.17339   0.03817   0.00226   0.12431   0.04825   0.00000   0.00320   0.22029   0.01661   0.00000   0.00000   0.01772   0.07089   0.00000   0.00000   0.00807   0.35504   0.04281   0.04490   0.03970   0.19500   0.02863   2.78269   2.26591   0.03099   0.07742   2.41962  
 60 287.4113   5988.331029  x:  0.00676   0.01517   0.22490   0.00000   0.01173   0.00148   0.04037   0.00000   0.00000   0.00855   0.21433   0.05159   0.00435   0.17848   0.05649   0.00000   0.00000   0.16653   0.19020   0.00795   0.00000   0.08528   0.05088   0.00000   0.11512   0.00289   0.01676   0.00000   0.00000   0.17216   0.04021   0.00209   0.12207   0.04923   0.00000   0.00349   0.22256   0.01383   0.00000   0.00000   0.01758   0.07298   0.00000   0.00000   0.00803   0.34458   0.04294   0.04461   0.03897   0.19609   0.02721   2.78566   2.28396   0.03272   0.07964   2.41441  
 61 148.1632   5988.240731  x:  0.00676   0.01502   0.22635   0.00000   0.01171   0.00148   0.04000   0.00000   0.00000   0.00857   0.21520   0.05099   0.00432   0.17763   0.05667   0.00000   0.00000   0.16516   0.19042   0.00795   0.00000   0.08618   0.05080   0.00000   0.11438   0.00278   0.01818   0.00000   0.00000   0.17121   0.03994   0.00215   0.12132   0.04919   0.00000   0.00321   0.22393   0.01587   0.00000   0.00000   0.01757   0.07461   0.00000   0.00000   0.00800   0.34079   0.04221   0.04427   0.03841   0.19626   0.02699   2.78663   2.28985   0.03402   0.08018   2.41225  
 62 87.9828   5988.149752  x:  0.00657   0.01527   0.22914   0.00000   0.01166   0.00148   0.04091   0.00000   0.00000   0.00858   0.21618   0.05120   0.00446   0.17603   0.05523   0.00000   0.00000   0.16310   0.19036   0.00798   0.00000   0.08812   0.05077   0.00000   0.11527   0.00283   0.01730   0.00000   0.00000   0.16957   0.03823   0.00217   0.12092   0.04840   0.00000   0.00328   0.22607   0.01516   0.00000   0.00000   0.01758   0.07642   0.00000   0.00000   0.00801   0.33675   0.04091   0.04393   0.03799   0.19602   0.02772   2.78759   2.29556   0.03671   0.07933   2.40924  
 63 54.0377   5988.092588  x:  0.00655   0.01527   0.23189   0.00000   0.01168   0.00148   0.04066   0.00000   0.00000   0.00856   0.21642   0.05207   0.00457   0.17444   0.05389   0.00000   0.00000   0.16179   0.18971   0.00797   0.00000   0.08845   0.05058   0.00000   0.11779   0.00280   0.01745   0.00000   0.00000   0.16822   0.03975   0.00217   0.12151   0.04810   0.00000   0.00326   0.22769   0.01522   0.00000   0.00000   0.01761   0.07481   0.00000   0.00000   0.00801   0.33437   0.04194   0.04429   0.03869   0.19518   0.02733   2.78819   2.29898   0.04116   0.07975   2.40567  
 64 25.3936   5988.031201  x:  0.00652   0.01521   0.23427   0.00000   0.01163   0.00148   0.03995   0.00000   0.00000   0.00855   0.21594   0.05115   0.00442   0.17331   0.05561   0.00000   0.00000   0.16168   0.18863   0.00793   0.00000   0.08676   0.05095   0.00000   0.11970   0.00279   0.01744   0.00000   0.00000   0.16761   0.03837   0.00209   0.12256   0.04893   0.00000   0.00325   0.22862   0.01519   0.00000   0.00000   0.01756   0.07269   0.00000   0.00000   0.00799   0.33286   0.04139   0.04368   0.03789   0.19390   0.02732   2.78879   2.30222   0.04980   0.07946   2.39956  
 65 24.3247   5987.755258  x:  0.00643   0.01520   0.23842   0.00000   0.01155   0.00147   0.04332   0.00000   0.00000   0.00848   0.21196   0.04992   0.00428   0.17230   0.05599   0.00000   0.00000   0.16443   0.18461   0.00778   0.00000   0.08158   0.04974   0.00000   0.11791   0.00280   0.01746   0.00000   0.00000   0.16815   0.04074   0.00212   0.12408   0.04697   0.00000   0.00322   0.22809   0.01517   0.00000   0.00000   0.01757   0.07469   0.00000   0.00000   0.00797   0.33000   0.03886   0.04406   0.03831   0.18929   0.02762   2.79137   2.31579   0.09924   0.07855   2.36590  
 66 44.0098   5987.135717  x:  0.00624   0.01504   0.24160   0.00000   0.01142   0.00150   0.03794   0.00000   0.00000   0.00838   0.20447   0.05171   0.00455   0.17165   0.05180   0.00000   0.00000   0.16801   0.17880   0.00773   0.00000   0.08099   0.05008   0.00000   0.11140   0.00288   0.01709   0.00000   0.00000   0.16907   0.03744   0.00204   0.12341   0.04681   0.00000   0.00315   0.22456   0.01503   0.00000   0.00000   0.01725   0.07688   0.00000   0.00000   0.00783   0.32554   0.04270   0.04353   0.03775   0.18241   0.02687   2.79693   2.34540   0.21204   0.07628   2.28970  
 67 265.9986   5986.396611  x:  0.00617   0.01474   0.23601   0.00000   0.01119   0.00148   0.04074   0.00000   0.00000   0.00821   0.19991   0.04954   0.00418   0.17037   0.05231   0.00000   0.00000   0.16403   0.17769   0.00767   0.00000   0.08959   0.05020   0.00000   0.10751   0.00294   0.01699   0.00000   0.00000   0.16679   0.03899   0.00187   0.11754   0.04969   0.00000   0.00310   0.21822   0.01489   0.00000   0.00000   0.01710   0.06978   0.00000   0.00000   0.00769   0.32192   0.03979   0.04219   0.03751   0.18055   0.02701   2.80333   2.38093   0.35071   0.07374   2.19704  
 68 340.1463   5985.992168  x:  0.00619   0.01447   0.22713   0.00000   0.01105   0.00149   0.03854   0.00000   0.00000   0.00811   0.20147   0.04892   0.00397   0.16811   0.05327   0.00000   0.00000   0.15635   0.18045   0.00753   0.00000   0.08549   0.04819   0.00000   0.11036   0.00291   0.01687   0.00000   0.00000   0.16269   0.03791   0.00209   0.11491   0.04464   0.00000   0.00304   0.21479   0.01479   0.00000   0.00000   0.01689   0.07015   0.00000   0.00000   0.00757   0.32082   0.03938   0.04350   0.03771   0.18352   0.02655   2.80637   2.40010   0.42691   0.07194   2.14734  
 69 239.2911   5985.918815  x:  0.00619   0.01446   0.22447   0.00000   0.01105   0.00149   0.03933   0.00000   0.00000   0.00810   0.20250   0.04901   0.00410   0.16713   0.05174   0.00000   0.00000   0.15455   0.18099   0.00750   0.00000   0.08329   0.04920   0.00000   0.11098   0.00291   0.01687   0.00000   0.00000   0.16145   0.03834   0.00195   0.11556   0.04695   0.00000   0.00305   0.21453   0.01477   0.00000   0.00000   0.01689   0.07131   0.00000   0.00000   0.00755   0.32072   0.03990   0.04245   0.03667   0.18427   0.02660   2.80670   2.40380   0.44130   0.07169   2.13860  
 70 95.5401   5985.906486  x:  0.00620   0.01444   0.22334   0.00000   0.01104   0.00149   0.03900   0.00000   0.00000   0.00811   0.20326   0.04896   0.00413   0.16632   0.05162   0.00000   0.00000   0.15467   0.18063   0.00749   0.00000   0.08343   0.04935   0.00000   0.11042   0.00292   0.01686   0.00000   0.00000   0.16102   0.03824   0.00191   0.11701   0.04729   0.00000   0.00305   0.21517   0.01478   0.00000   0.00000   0.01689   0.07132   0.00000   0.00000   0.00755   0.32077   0.03935   0.04264   0.03761   0.18414   0.02660   2.80632   2.40468   0.44417   0.07166   2.13806  
 71 11.6018   5985.897101  x:  0.00622   0.01443   0.22237   0.00000   0.01104   0.00149   0.03925   0.00000   0.00000   0.00810   0.20399   0.04895   0.00412   0.16560   0.05184   0.00000   0.00000   0.15503   0.18017   0.00749   0.00000   0.08383   0.04910   0.00000   0.10993   0.00292   0.01685   0.00000   0.00000   0.16076   0.03830   0.00192   0.11803   0.04677   0.00000   0.00304   0.21596   0.01478   0.00000   0.00000   0.01689   0.07114   0.00000   0.00000   0.00754   0.32084   0.03981   0.04239   0.03696   0.18388   0.02660   2.80566   2.40556   0.44672   0.07161   2.13848  
 72 12.0088   5985.856063  x:  0.00624   0.01441   0.22030   0.00000   0.01104   0.00150   0.03915   0.00000   0.00000   0.00811   0.20554   0.04902   0.00416   0.16484   0.05160   0.00000   0.00000   0.15676   0.17852   0.00750   0.00000   0.08364   0.04926   0.00000   0.11068   0.00292   0.01686   0.00000   0.00000   0.16119   0.03830   0.00194   0.11537   0.04716   0.00000   0.00302   0.21897   0.01478   0.00000   0.00000   0.01689   0.07112   0.00000   0.00000   0.00754   0.32124   0.03949   0.04392   0.03630   0.18243   0.02660   2.79998   2.41109   0.46064   0.07145   2.14641  
 73  8.3367   5985.759272  x:  0.00628   0.01438   0.21915   0.00000   0.01105   0.00151   0.03922   0.00000   0.00000   0.00811   0.20637   0.04891   0.00414   0.16538   0.05192   0.00000   0.00000   0.15754   0.17762   0.00751   0.00000   0.08339   0.04923   0.00000   0.11159   0.00293   0.01685   0.00000   0.00000   0.16207   0.03829   0.00200   0.11312   0.04663   0.00000   0.00299   0.22189   0.01480   0.00000   0.00000   0.01689   0.07142   0.00000   0.00000   0.00754   0.32210   0.03999   0.03994   0.03874   0.18138   0.02656   2.78590   2.42462   0.49389   0.07104   2.16715  
 74 49.1124   5984.686884  x:  0.00654   0.01451   0.22362   0.00000   0.01113   0.00168   0.03949   0.00000   0.00000   0.00823   0.20393   0.05054   0.00401   0.17619   0.05332   0.00000   0.00000   0.15207   0.18239   0.00781   0.00000   0.08494   0.04942   0.00000   0.11195   0.00313   0.01689   0.00000   0.00000   0.16694   0.03883   0.00181   0.11931   0.04781   0.00000   0.00278   0.23041   0.01497   0.00000   0.00000   0.01697   0.07244   0.00000   0.00000   0.00765   0.33080   0.04009   0.04292   0.03756   0.18216   0.02723   2.63209   2.57294   0.85520   0.06720   2.39781  
 75 174.3168   5984.472828  x:  0.00655   0.01456   0.22776   0.00000   0.01120   0.00172   0.03964   0.00000   0.00000   0.00828   0.20728   0.05009   0.00428   0.17028   0.05331   0.00000   0.00000   0.15863   0.18403   0.00770   0.00000   0.08516   0.05215   0.00000   0.11223   0.00317   0.01689   0.00000   0.00000   0.16444   0.03915   0.00187   0.11820   0.04692   0.00000   0.00276   0.22481   0.01499   0.00000   0.00000   0.01700   0.07269   0.00000   0.00000   0.00769   0.33267   0.04041   0.04296   0.03775   0.18730   0.02732   2.60198   2.60382   0.93101   0.06644   2.44680  
 76 163.1785   5984.450184  x:  0.00656   0.01456   0.22834   0.00000   0.01119   0.00172   0.03954   0.00000   0.00000   0.00829   0.20809   0.05063   0.00429   0.16950   0.05331   0.00000   0.00000   0.15936   0.18406   0.00775   0.00000   0.08513   0.05002   0.00000   0.11230   0.00318   0.01689   0.00000   0.00000   0.16435   0.03899   0.00182   0.11803   0.04780   0.00000   0.00276   0.22387   0.01499   0.00000   0.00000   0.01700   0.07277   0.00000   0.00000   0.00768   0.33289   0.04025   0.04276   0.03773   0.18784   0.02740   2.59959   2.60694   0.93894   0.06631   2.45206  
 77 56.9987   5984.412614  x:  0.00656   0.01458   0.22953   0.00000   0.01119   0.00173   0.03958   0.00000   0.00000   0.00828   0.21254   0.05068   0.00424   0.16985   0.05342   0.00000   0.00000   0.15765   0.18206   0.00780   0.00000   0.08527   0.05035   0.00000   0.11238   0.00318   0.01689   0.00000   0.00000   0.16726   0.03903   0.00182   0.11822   0.04773   0.00000   0.00276   0.22130   0.01499   0.00000   0.00000   0.01700   0.07282   0.00000   0.00000   0.00769   0.33350   0.04031   0.04282   0.03778   0.18658   0.02740   2.60566   2.61105   0.95218   0.06617   2.46254  
 78  8.0363   5983.954318  x:  0.00668   0.01474   0.23251   0.00000   0.01131   0.00183   0.03982   0.00000   0.00000   0.00837   0.21637   0.05149   0.00417   0.17753   0.05451   0.00000   0.00000   0.16180   0.18645   0.00786   0.00000   0.08608   0.05081   0.00000   0.11371   0.00322   0.01700   0.00000   0.00000   0.16183   0.03944   0.00172   0.11933   0.04820   0.00000   0.00262   0.22609   0.01512   0.00000   0.00000   0.01708   0.07371   0.00000   0.00000   0.00779   0.34167   0.04067   0.04314   0.03814   0.18582   0.02775   2.71888   2.65610   1.11197   0.06453   2.59570  
 79 23.9367   5983.853445  x:  0.00671   0.01477   0.23262   0.00000   0.01133   0.00186   0.03988   0.00000   0.00000   0.00839   0.21295   0.05171   0.00425   0.17300   0.05461   0.00000   0.00000   0.16088   0.18681   0.00793   0.00000   0.08633   0.05092   0.00000   0.11404   0.00323   0.01702   0.00000   0.00000   0.16805   0.03951   0.00169   0.11958   0.04832   0.00000   0.00258   0.22926   0.01515   0.00000   0.00000   0.01709   0.07393   0.00000   0.00000   0.00781   0.34347   0.04072   0.04322   0.03816   0.19017   0.02784   2.74407   2.66597   1.14669   0.06418   2.62471  
 80 76.0098   5983.834696  x:  0.00672   0.01478   0.23279   0.00000   0.01132   0.00186   0.03987   0.00000   0.00000   0.00838   0.21273   0.05179   0.00418   0.17424   0.05469   0.00000   0.00000   0.16058   0.18341   0.00795   0.00000   0.08633   0.05092   0.00000   0.11401   0.00323   0.01702   0.00000   0.00000   0.16707   0.03951   0.00168   0.11954   0.04833   0.00000   0.00256   0.22955   0.01515   0.00000   0.00000   0.01708   0.07394   0.00000   0.00000   0.00781   0.34371   0.04070   0.04324   0.03810   0.19303   0.02786   2.74480   2.66721   1.14649   0.06420   2.62434  
 81  0.7584   5982.138774  x:  0.00725   0.01505   0.23715   0.00000   0.01124   0.00250   0.03914   0.00000   0.00000   0.00826   0.22070   0.05489   0.00392   0.17430   0.05772   0.00000   0.00000   0.16182   0.19214   0.00797   0.00000   0.08699   0.05160   0.00000   0.11520   0.00319   0.01673   0.00000   0.00000   0.16828   0.03974   0.00069   0.11977   0.04848   0.00000   0.00141   0.23309   0.01511   0.00000   0.00000   0.01679   0.07498   0.00000   0.00000   0.00796   0.36202   0.04022   0.04345   0.03729   0.19896   0.02939   2.77471   2.77857   1.06498   0.06854   2.53685  
 82  2.7173   5981.561812  x:  0.00637   0.01533   0.22694   0.00000   0.01094   0.00279   0.03885   0.00000   0.00000   0.00817   0.21195   0.05182   0.00369   0.16998   0.05560   0.00000   0.00000   0.15665   0.18514   0.00819   0.00000   0.08442   0.04921   0.00000   0.11240   0.00230   0.01652   0.00000   0.00000   0.16303   0.03769   0.00022   0.11678   0.04698   0.00000   0.00193   0.22369   0.01462   0.00000   0.00000   0.01599   0.07272   0.00000   0.00000   0.00865   0.34684   0.03996   0.04289   0.03674   0.19096   0.02738   2.75181   3.06390   1.38028   0.06870   2.62711  
 83  0.3037   5981.487680  x:  0.00672   0.01500   0.22604   0.00000   0.01101   0.00274   0.03848   0.00000   0.00000   0.00819   0.21050   0.05167   0.00386   0.16921   0.05523   0.00000   0.00000   0.15633   0.18394   0.00803   0.00000   0.08406   0.04913   0.00000   0.11194   0.00226   0.01644   0.00000   0.00000   0.16250   0.03783   0.00089   0.11640   0.04674   0.00000   0.00131   0.22250   0.01460   0.00000   0.00000   0.01610   0.07238   0.00000   0.00000   0.00843   0.34467   0.03955   0.04256   0.03650   0.18972   0.02762   2.75362   3.10655   1.42799   0.06819   2.60772  
 84  0.1310   5981.442510  x:  0.00706   0.01462   0.22676   0.00000   0.01104   0.00263   0.03817   0.00000   0.00000   0.00814   0.21014   0.05190   0.00400   0.16887   0.05505   0.00000   0.00000   0.15680   0.18355   0.00775   0.00000   0.08403   0.04937   0.00000   0.11179   0.00238   0.01640   0.00000   0.00000   0.16268   0.03824   0.00069   0.11634   0.04668   0.00000   0.00163   0.22268   0.01464   0.00000   0.00000   0.01633   0.07232   0.00000   0.00000   0.00807   0.34482   0.03916   0.04226   0.03635   0.18945   0.02795   2.76095   3.13367   1.45710   0.06753   2.56139  
 85  0.0773   5981.436417  x:  0.00686   0.01481   0.22704   0.00000   0.01095   0.00257   0.03842   0.00000   0.00000   0.00809   0.21052   0.05189   0.00386   0.16894   0.05513   0.00000   0.00000   0.15679   0.18382   0.00782   0.00000   0.08411   0.04938   0.00000   0.11187   0.00250   0.01645   0.00000   0.00000   0.16272   0.03811   0.00069   0.11635   0.04681   0.00000   0.00159   0.22303   0.01465   0.00000   0.00000   0.01627   0.07243   0.00000   0.00000   0.00812   0.34541   0.03936   0.04238   0.03651   0.18975   0.02761   2.76180   3.14755   1.47421   0.06770   2.56054  
 86  0.0258   5981.435863  x:  0.00688   0.01478   0.22686   0.00000   0.01098   0.00256   0.03835   0.00000   0.00000   0.00813   0.21051   0.05186   0.00389   0.16888   0.05512   0.00000   0.00000   0.15663   0.18383   0.00785   0.00000   0.08407   0.04935   0.00000   0.11182   0.00252   0.01644   0.00000   0.00000   0.16261   0.03812   0.00068   0.11630   0.04679   0.00000   0.00159   0.22292   0.01465   0.00000   0.00000   0.01625   0.07239   0.00000   0.00000   0.00814   0.34525   0.03935   0.04237   0.03647   0.18977   0.02774   2.76140   3.15386   1.48172   0.06778   2.56442  
 87  0.0146   5981.435806  x:  0.00688   0.01476   0.22678   0.00000   0.01097   0.00255   0.03835   0.00000   0.00000   0.00812   0.21049   0.05186   0.00387   0.16885   0.05512   0.00000   0.00000   0.15660   0.18382   0.00784   0.00000   0.08406   0.04934   0.00000   0.11181   0.00250   0.01644   0.00000   0.00000   0.16258   0.03811   0.00069   0.11629   0.04678   0.00000   0.00160   0.22286   0.01464   0.00000   0.00000   0.01624   0.07238   0.00000   0.00000   0.00813   0.34518   0.03934   0.04237   0.03646   0.18976   0.02772   2.76122   3.15597   1.48394   0.06776   2.56579  
 88  0.0043   5981.435802  x:  0.00688   0.01476   0.22678   0.00000   0.01097   0.00255   0.03835   0.00000   0.00000   0.00812   0.21047   0.05185   0.00387   0.16885   0.05512   0.00000   0.00000   0.15660   0.18381   0.00784   0.00000   0.08406   0.04933   0.00000   0.11181   0.00250   0.01644   0.00000   0.00000   0.16258   0.03810   0.00069   0.11629   0.04678   0.00000   0.00160   0.22285   0.01464   0.00000   0.00000   0.01624   0.07238   0.00000   0.00000   0.00813   0.34517   0.03934   0.04237   0.03646   0.18975   0.02772   2.76118   3.15622   1.48402   0.06775   2.56584  
 89  0.0003   5981.435802  x:  0.00688   0.01476   0.22678   0.00000   0.01097   0.00255   0.03834   0.00000   0.00000   0.00812   0.21047   0.05185   0.00387   0.16885   0.05512   0.00000   0.00000   0.15661   0.18381   0.00784   0.00000   0.08406   0.04933   0.00000   0.11181   0.00250   0.01644   0.00000   0.00000   0.16258   0.03811   0.00069   0.11629   0.04678   0.00000   0.00160   0.22285   0.01464   0.00000   0.00000   0.01625   0.07238   0.00000   0.00000   0.00813   0.34517   0.03934   0.04237   0.03646   0.18975   0.02772   2.76117   3.15618   1.48391   0.06775   2.56582  
 90  0.0002   5981.435802  x:  0.00688   0.01476   0.22678   0.00000   0.01097   0.00255   0.03835   0.00000   0.00000   0.00812   0.21047   0.05185   0.00387   0.16885   0.05512   0.00000   0.00000   0.15661   0.18381   0.00784   0.00000   0.08406   0.04933   0.00000   0.11181   0.00250   0.01644   0.00000   0.00000   0.16258   0.03811   0.00069   0.11629   0.04678   0.00000   0.00160   0.22285   0.01464   0.00000   0.00000   0.01624   0.07238   0.00000   0.00000   0.00813   0.34517   0.03934   0.04237   0.03646   0.18975   0.02772   2.76117   3.15614   1.48386   0.06775   2.56582  
 91  0.0000   5981.435802  x:  0.00688   0.01476   0.22678   0.00000   0.01097   0.00255   0.03835   0.00000   0.00000   0.00812   0.21047   0.05185   0.00387   0.16885   0.05512   0.00000   0.00000   0.15661   0.18381   0.00784   0.00000   0.08406   0.04933   0.00000   0.11181   0.00250   0.01644   0.00000   0.00000   0.16258   0.03811   0.00069   0.11629   0.04678   0.00000   0.00160   0.22285   0.01464   0.00000   0.00000   0.01624   0.07238   0.00000   0.00000   0.00813   0.34517   0.03934   0.04237   0.03646   0.18975   0.02772   2.76117   3.15614   1.48386   0.06775   2.56582  
 92  0.0000   5981.435802  x:  0.00688   0.01476   0.22678   0.00000   0.01097   0.00255   0.03835   0.00000   0.00000   0.00812   0.21047   0.05185   0.00387   0.16885   0.05512   0.00000   0.00000   0.15661   0.18381   0.00784   0.00000   0.08406   0.04933   0.00000   0.11181   0.00250   0.01644   0.00000   0.00000   0.16258   0.03811   0.00069   0.11629   0.04678   0.00000   0.00160   0.22285   0.01464   0.00000   0.00000   0.01624   0.07238   0.00000   0.00000   0.00813   0.34517   0.03934   0.04237   0.03646   0.18975   0.02772   2.76117   3.15614   1.48386   0.06775   2.56582  
 93  0.0000   5981.435802  x:  0.00688   0.01476   0.22678   0.00000   0.01097   0.00255   0.03835   0.00000   0.00000   0.00812   0.21047   0.05185   0.00387   0.16885   0.05512   0.00000   0.00000   0.15661   0.18381   0.00784   0.00000   0.08406   0.04933   0.00000   0.11181   0.00250   0.01644   0.00000   0.00000   0.16258   0.03811   0.00069   0.11629   0.04678   0.00000   0.00160   0.22285   0.01464   0.00000   0.00000   0.01624   0.07238   0.00000   0.00000   0.00813   0.34517   0.03934   0.04237   0.03646   0.18975   0.02772   2.76117   3.15614   1.48386   0.06775   2.56582  