,PDBID,Chain,Residue,ResNum,PHI,PSI,Omega,tau,BFactor,chi1,chi2,chi3,chi4,chi5,Disorder,RamaChandran Plot Region(Six Category),RamaChandran Plot Region(Seven Category),RamaChandran Plot Region(Std)
0,foldkarsnp0011235611wildtype29082026model0,A,LEU,2,56,127,97.53937039377529,111.72609721140091,22.65,-71.9300770834187,160.83584292674107,,,,No,Disallowed,Disallowed,Disallowed
1,foldkarsnp0011235611wildtype29082026model0,A,THR,3,-175,164,8.616691832599722,109.10936289701993,22.23,4.031548281024139,,,,,No,Favoured,Favoured,Favoured
2,foldkarsnp0011235611wildtype29082026model0,A,GLN,4,-39,153,166.01988646620842,117.5137756237003,26.23,-64.97027514400061,165.1772011158439,-30.748506201284748,,,No,Disallowed,Disallowed,Disallowed
3,foldkarsnp0011235611wildtype29082026model0,A,ALA,5,-166,109,134.55166085541438,108.78585117825801,27.25,,,,,,No,Allowed,Allowed,Allowed
4,foldkarsnp0011235611wildtype29082026model0,A,ALA,6,98,117,72.97999093712419,113.78293470642369,27.44,,,,,,No,Disallowed,Disallowed,Disallowed
5,foldkarsnp0011235611wildtype29082026model0,A,VAL,7,-49,144,174.406174584106,114.33948233864557,23.67,173.9198986028587,,,,,No,Allowed,Allowed,Favoured
6,foldkarsnp0011235611wildtype29082026model0,A,ARG,8,-136,115,151.08208862706348,111.42602669641485,22.96,-117.34394210213763,-178.7671546532525,-173.45359182472362,-177.02117542988248,1.562042544527936,No,Favoured,Favoured,Favoured
7,foldkarsnp0011235611wildtype29082026model0,A,LEU,9,-69,144,165.9042955193382,111.04495783360807,24.31,-89.29164733252397,110.0249249245749,,,,No,Favoured,Favoured,Favoured
8,foldkarsnp0011235611wildtype29082026model0,A,VAL,10,-129,126,148.27399255134986,108.48011231207718,27.5,178.47072143972545,,,,,No,Favoured,Favoured,Favoured
9,foldkarsnp0011235611wildtype29082026model0,A,ARG,11,-86,151,177.40247349990804,110.94051330512764,27.64,-82.07555726515609,176.63732187678855,166.33532478424,177.12308441240984,-3.415479377227689,No,Favoured,Favoured,Favoured
10,foldkarsnp0011235611wildtype29082026model0,A,GLY,12,137,127,157.59181577426202,110.66269363197716,33.83,,,,,,No,Favoured,Favoured,Favoured
11,foldkarsnp0011235611wildtype29082026model0,A,SER,13,-160,124,10.659574521912408,106.86414841591693,33.95,162.42394398521603,,,,,No,Favoured,Favoured,Favoured
12,foldkarsnp0011235611wildtype29082026model0,A,LEU,14,-77,112,169.51410765409898,108.7363677867326,27.41,-85.41042001728941,151.9504685460271,,,,No,Favoured,Favoured,Favoured
13,foldkarsnp0011235611wildtype29082026model0,A,ARG,15,-97,116,159.27757109302348,108.88083225950668,30.6,-86.05587035613401,-172.31350095279822,177.2469008560042,-171.3291463126195,-0.42272723968019676,No,Favoured,Favoured,Favoured
14,foldkarsnp0011235611wildtype29082026model0,A,LYS,16,-66,129,163.1678580392657,108.85607859596564,32.42,-69.51979792462066,176.16416482760886,174.25891375356136,-179.63800231466132,,No,Favoured,Favoured,Favoured
15,foldkarsnp0011235611wildtype29082026model0,A,THR,17,-114,119,160.26386093091244,108.84609568054988,29.62,40.46677151575228,,,,,No,Favoured,Favoured,Favoured
16,foldkarsnp0011235611wildtype29082026model0,A,SER,18,-78,149,178.43384701195393,111.4205547938585,33.62,51.94418634439735,,,,,No,Favoured,Favoured,Favoured
17,foldkarsnp0011235611wildtype29082026model0,A,TRP,19,-68,87,167.84266536233324,110.54690320198536,30.28,-78.0013518899558,71.48415928475957,,,,No,Allowed,Allowed,Allowed
18,foldkarsnp0011235611wildtype29082026model0,A,ALA,20,-175,94,160.17343253797827,108.74402980467357,34.98,,,,,,No,Allowed,Allowed,Allowed
19,foldkarsnp0011235611wildtype29082026model0,A,GLU,21,174,84,152.54183804469966,109.11809035169776,32.3,-100.39190865455238,168.29267439297124,-162.06142576331652,,,No,Disallowed,Disallowed,Disallowed
20,foldkarsnp0011235611wildtype29082026model0,A,TRP,22,-130,91,158.6160467278868,107.1129496751256,31.6,-94.67185677054326,67.51347731640968,,,,No,Favoured,Favoured,Favoured
21,foldkarsnp0011235611wildtype29082026model0,A,GLY,23,-161,128,175.543824501824,109.42121419909066,36.12,,,,,,No,Favoured,Favoured,Favoured
22,foldkarsnp0011235611wildtype29082026model0,A,HIS,24,88,93,172.8843035110312,117.74566103659492,34.12,-59.57278875070069,-72.9923075273247,,,,No,Disallowed,Disallowed,Disallowed
23,foldkarsnp0011235611wildtype29082026model0,A,ARG,25,-121,124,135.745345781869,109.1323791840338,31.14,-90.40366813556177,-172.77829025091913,178.10335992752735,-174.28174000752725,-0.1455434827484297,No,Favoured,Favoured,Favoured
24,foldkarsnp0011235611wildtype29082026model0,A,GLU,26,-62,134,177.69293719818913,111.80175416013005,30.74,-68.37027141960105,173.870688458961,133.87065134328407,,,No,Favoured,Favoured,Favoured
25,foldkarsnp0011235611wildtype29082026model0,A,LEU,27,-96,125,164.15767233506023,109.11155462534568,32.69,-87.00587899159356,157.434582053602,,,,No,Favoured,Favoured,Favoured
26,foldkarsnp0011235611wildtype29082026model0,A,ARG,28,-64,136,173.63507743233754,111.58965992377924,31.44,-72.82813125610089,-178.57135296752446,178.7241319400628,-171.47240263787762,-1.2702961403108972,No,Favoured,Favoured,Favoured
27,foldkarsnp0011235611wildtype29082026model0,A,LEU,29,-60,134,171.26591878105492,112.40121528302835,32.06,-83.39575632307316,119.57505975692486,,,,No,Favoured,Favoured,Favoured
28,foldkarsnp0011235611wildtype29082026model0,A,GLY,30,-157,99,167.68325463510908,112.22517487058325,37.51,,,,,,No,Allowed,Allowed,Allowed
29,foldkarsnp0011235611wildtype29082026model0,A,GLN,31,73,119,158.3348042494128,120.50014485771666,35.51,-66.32923565082157,-179.59494706480038,-10.9232051536383,,,No,Disallowed,Disallowed,Disallowed
30,foldkarsnp0011235611wildtype29082026model0,A,LEU,32,-75,138,174.2369313010175,112.38147597134193,35.19,-73.94710818101183,145.64044798332648,,,,No,Favoured,Favoured,Favoured
31,foldkarsnp0011235611wildtype29082026model0,A,ALA,33,-134,149,154.1088626524177,109.10149529851164,37.51,,,,,,No,Favoured,Favoured,Favoured
32,foldkarsnp0011235611wildtype29082026model0,A,PRO,34,-82,150,-151.67486645157584,114.85133763996218,38.69,31.168046777214272,-34.61334944292561,,,,No,Favoured,Favoured,Favoured
33,foldkarsnp0011235611wildtype29082026model0,A,PHE,35,-53,126,173.23291922160874,112.70931756263808,36.8,-98.75002226416231,-105.265923188105,,,,No,Favoured,Favoured,Favoured
34,foldkarsnp0011235611wildtype29082026model0,A,THR,36,-98,142,156.62316695642224,109.7373516902894,40.28,45.542219333667376,,,,,No,Favoured,Favoured,Favoured
35,foldkarsnp0011235611wildtype29082026model0,A,ALA,37,-59,154,-168.1834128426776,114.493732049045,43.67,,,,,,No,Favoured,Favoured,Favoured
36,foldkarsnp0011235611wildtype29082026model0,A,PRO,38,-74,133,-176.34503674117514,111.55938156858397,42.05,29.063473723086542,-31.78308632758702,,,,No,Favoured,Favoured,Favoured
37,foldkarsnp0011235611wildtype29082026model0,A,HIS,39,-60,133,165.88408990539367,110.27357510314793,41.54,-96.67442568803921,-75.41418603932141,,,,No,Favoured,Favoured,Favoured
38,foldkarsnp0011235611wildtype29082026model0,A,LYS,40,-53,122,177.15896574757764,110.8278496028755,50.57,-74.2782202537016,177.00185385404814,174.98470182309146,176.76346252337504,,No,Favoured,Favoured,Favoured
39,foldkarsnp0011235611wildtype29082026model0,A,ASP,41,-56,129,168.61913671208418,110.54090497883793,55.43,-79.62979377047398,-42.312299119506676,,,,No,Favoured,Favoured,Favoured
40,foldkarsnp0011235611wildtype29082026model0,A,LYS,42,-59,141,167.1007769303223,109.2569473046446,54.68,-75.61544667781403,-178.80157212259928,177.02544059648923,177.93356897572312,,No,Favoured,Favoured,Favoured
41,foldkarsnp0011235611wildtype29082026model0,A,SER,43,-58,144,-175.84592510994784,111.02597789149627,64.14,75.85751970897319,,,,,No,Favoured,Favoured,Favoured
42,foldkarsnp0011235611wildtype29082026model0,A,PHE,44,-53,-23,176.73287640366922,113.31383147970152,57.3,-107.52645918176374,-93.23901384046711,,,,No,Favoured,Favoured,Favoured
43,foldkarsnp0011235611wildtype29082026model0,A,SER,45,-70,-36,175.1789967209941,112.9237668019544,77.69,64.03869188964099,,,,,No,Favoured,Favoured,Favoured
44,foldkarsnp0011235611wildtype29082026model0,A,ASP,46,-72,-42,-178.6972782494907,111.21866917044161,75.53,-72.15405893816258,-32.935650402034426,,,,No,Favoured,Favoured,Favoured
45,foldkarsnp0011235611wildtype29082026model0,A,GLN,47,-60,-37,175.49718023106524,112.40177237133727,76.31,-69.324295195276,-176.2172559419428,-4.9744704086087665,,,No,Favoured,Favoured,Favoured
46,foldkarsnp0011235611wildtype29082026model0,A,ARG,48,-71,-31,178.18010840689828,112.77495167381119,73.51,-140.82666148006734,176.06331029424254,-172.69810869864685,-176.66692346642347,2.75711754660014,No,Favoured,Favoured,Favoured
47,foldkarsnp0011235611wildtype29082026model0,A,SER,49,-73,-39,175.14391387428353,111.86550524943121,77.95,80.8793947762115,,,,,No,Favoured,Favoured,Favoured
48,foldkarsnp0011235611wildtype29082026model0,A,GLU,50,-69,-40,178.34381940193603,111.63250907774513,77.16,-164.55459591435388,172.33535166158333,-174.60617134254494,,,No,Favoured,Favoured,Favoured
49,foldkarsnp0011235611wildtype29082026model0,A,LEU,51,-61,-43,173.23677769490064,112.10260617377635,78.26,-165.14999163276738,80.48068506061153,,,,No,Favoured,Favoured,Favoured
50,foldkarsnp0011235611wildtype29082026model0,A,LYS,52,-62,-36,174.29580191790856,112.30162768581374,75.57,-83.71963888295431,-177.39376196074085,176.46726673568708,-177.67305832044946,,No,Favoured,Favoured,Favoured
51,foldkarsnp0011235611wildtype29082026model0,A,ARG,53,-69,-40,178.1925154078394,111.82959628295382,72.81,-162.173279241322,176.74002053886178,-178.30754358580057,-179.36053344501494,-0.07251075713456233,No,Favoured,Favoured,Favoured
52,foldkarsnp0011235611wildtype29082026model0,A,ARG,54,-63,-49,173.49011034215854,112.33108250556957,72.77,-76.39412125423998,-174.7629611162685,178.89522088643525,-172.45696478848117,0.35287961729583256,No,Favoured,Favoured,Favoured
53,foldkarsnp0011235611wildtype29082026model0,A,LEU,55,-59,-36,176.90657427084432,112.73324444671051,76.25,-79.66150356358506,161.252523514459,,,,No,Favoured,Favoured,Favoured
54,foldkarsnp0011235611wildtype29082026model0,A,LYS,56,-71,-33,176.15370592391108,112.3395646948644,74.99,-164.50859926137485,174.91362517675745,-175.73321045680245,178.61880399263055,,No,Favoured,Favoured,Favoured
55,foldkarsnp0011235611wildtype29082026model0,A,ALA,57,-70,-46,174.49400025509465,111.30519444142955,81.85,,,,,,No,Favoured,Favoured,Favoured
56,foldkarsnp0011235611wildtype29082026model0,A,GLU,58,-60,-43,175.85508755585818,111.84850296004973,78.11,-74.16585937046695,173.95788026385634,175.5657463294583,,,No,Favoured,Favoured,Favoured
57,foldkarsnp0011235611wildtype29082026model0,A,LYS,59,-62,-35,175.89035727214778,112.59060338068447,77.44,-162.98424187871112,175.67870103259472,-176.99829946637809,-177.59919442619034,,No,Favoured,Favoured,Favoured
58,foldkarsnp0011235611wildtype29082026model0,A,LYS,60,-70,-35,176.87567355900416,112.26192008308752,73.01,-135.87806907947103,-179.69483765204043,-176.38796540304637,-172.63277617733044,,No,Favoured,Favoured,Favoured
59,foldkarsnp0011235611wildtype29082026model0,A,VAL,61,-68,-47,173.6587276010264,110.0328523545759,75.25,173.67628258601826,,,,,No,Favoured,Favoured,Favoured
60,foldkarsnp0011235611wildtype29082026model0,A,ALA,62,-60,-40,177.05803858098702,112.67936920180739,82.54,,,,,,No,Favoured,Favoured,Favoured
61,foldkarsnp0011235611wildtype29082026model0,A,GLU,63,-66,-33,174.12555725908973,112.43312190770345,77.33,-80.66569924648468,176.52847445798287,-178.151660139151,,,No,Favoured,Favoured,Favoured
62,foldkarsnp0011235611wildtype29082026model0,A,LYS,64,-72,-42,177.50102387592182,111.08218447196944,64.8,-156.75390816938426,179.96244473238644,-177.21027934763617,-172.47155609776044,,No,Favoured,Favoured,Favoured
63,foldkarsnp0011235611wildtype29082026model0,A,GLU,65,-64,-42,174.34760363906813,111.72729517489071,66.94,-72.46518035065941,177.66598777243132,169.16819073521,,,No,Favoured,Favoured,Favoured
64,foldkarsnp0011235611wildtype29082026model0,A,ALA,66,-62,-43,175.57149448501812,112.35625100978145,79.85,,,,,,No,Favoured,Favoured,Favoured
65,foldkarsnp0011235611wildtype29082026model0,A,LYS,67,-64,-38,174.32113475433897,112.51391588181447,67.13,-89.80467889385146,-177.10972655600605,174.58797726669192,178.91541023859605,,No,Favoured,Favoured,Favoured
66,foldkarsnp0011235611wildtype29082026model0,A,GLN,68,-70,-35,179.68093225185112,111.252285180084,64.47,-155.44565640361202,165.33372421540562,1.5002086017789011,,,No,Favoured,Favoured,Favoured
67,foldkarsnp0011235611wildtype29082026model0,A,LYS,69,-66,-45,172.6228808130277,111.58303796596165,64.92,-165.2578139527052,176.98597268464934,179.80015505400297,-175.58930520101885,,No,Favoured,Favoured,Favoured
68,foldkarsnp0011235611wildtype29082026model0,A,GLU,70,-64,-37,176.16655067584966,112.23217509276749,62.21,-160.65831036215081,-166.4973135076451,152.89807560957567,,,No,Favoured,Favoured,Favoured
69,foldkarsnp0011235611wildtype29082026model0,A,LEU,71,-66,-41,173.80346870575985,111.40740279153574,61.13,-129.69421853989877,96.42105911426685,,,,No,Favoured,Favoured,Favoured
70,foldkarsnp0011235611wildtype29082026model0,A,SER,72,-67,-38,176.9717252637936,112.00388512436867,65.21,70.24514189854276,,,,,No,Favoured,Favoured,Favoured
71,foldkarsnp0011235611wildtype29082026model0,A,GLU,73,-69,-36,175.75679887694997,111.94398847061383,67.67,-74.49039690563721,172.89385013775473,-176.71698768346934,,,No,Favoured,Favoured,Favoured
72,foldkarsnp0011235611wildtype29082026model0,A,LYS,74,-69,-39,172.55815081916737,112.64747419591997,66.49,-84.93737080541516,174.39234508478023,175.46062453737326,157.29065949590648,,No,Favoured,Favoured,Favoured
73,foldkarsnp0011235611wildtype29082026model0,A,GLN,75,-67,-38,173.67586127223603,111.12439158931699,63.35,-76.98030429476208,177.48678770894065,-20.658911406948327,,,No,Favoured,Favoured,Favoured
74,foldkarsnp0011235611wildtype29082026model0,A,LEU,76,-66,-43,176.28231058955984,111.41017970877974,60.24,-158.734582843086,76.84438594929154,,,,No,Favoured,Favoured,Favoured
75,foldkarsnp0011235611wildtype29082026model0,A,SER,77,-67,-35,176.92538907236624,112.71652626343185,67.89,62.270885443360704,,,,,No,Favoured,Favoured,Favoured
76,foldkarsnp0011235611wildtype29082026model0,A,GLN,78,-68,-38,172.61306942747592,112.13196732376615,63.74,-78.17315792076691,179.2540470112287,-13.418765636447016,,,No,Favoured,Favoured,Favoured
77,foldkarsnp0011235611wildtype29082026model0,A,ALA,79,-67,-37,174.17083477150268,111.75314216784233,57.57,,,,,,No,Favoured,Favoured,Favoured
78,foldkarsnp0011235611wildtype29082026model0,A,THR,80,-71,-37,176.93917477177095,111.29901005817673,52.56,-39.60941374028231,,,,,No,Favoured,Favoured,Favoured
79,foldkarsnp0011235611wildtype29082026model0,A,ALA,81,-71,-32,174.5166516962376,112.94080613318168,54.28,,,,,,No,Favoured,Favoured,Favoured
80,foldkarsnp0011235611wildtype29082026model0,A,ALA,82,-69,-36,171.89875353160136,111.39520364152321,50.23,,,,,,No,Favoured,Favoured,Favoured
81,foldkarsnp0011235611wildtype29082026model0,A,ALA,83,-70,-24,175.65044774939142,113.47854481781674,48.07,,,,,,No,Favoured,Favoured,Favoured
82,foldkarsnp0011235611wildtype29082026model0,A,THR,84,-87,-15,176.60414852796947,114.12557289550055,43.48,35.77214029140579,,,,,No,Favoured,Favoured,Favoured
83,foldkarsnp0011235611wildtype29082026model0,A,ASN,85,-99,-1,-178.64636922764515,115.40896533060105,36.6,-84.79063237405875,-15.334683759496649,,,,No,Favoured,Favoured,Favoured
84,foldkarsnp0011235611wildtype29082026model0,A,HIS,86,-98,67,169.7071285850193,111.39533518141242,34.93,-84.7198442553958,-65.60348922016638,,,,No,Favoured,Favoured,Favoured
85,foldkarsnp0011235611wildtype29082026model0,A,THR,87,-79,98,161.47916976627306,108.58139851697084,29.21,45.34822430199428,,,,,No,Favoured,Favoured,Favoured
86,foldkarsnp0011235611wildtype29082026model0,A,THR,88,166,-2,142.25036469215524,115.28584505617367,29.86,40.47743716487901,,,,,No,Disallowed,Disallowed,Disallowed
87,foldkarsnp0011235611wildtype29082026model0,A,ASP,89,-118,93,176.67442788010592,111.1634228697968,35.72,-155.70123371114187,1.2889615201002225,,,,No,Favoured,Favoured,Favoured
88,foldkarsnp0011235611wildtype29082026model0,A,ASN,90,-77,28,173.7512426639779,112.05373571629498,36.28,-76.95469008030766,-25.520569530858506,,,,No,Allowed,Allowed,Allowed
89,foldkarsnp0011235611wildtype29082026model0,A,GLY,91,-74,133,171.8778023985273,110.8075885074135,41.5,,,,,,No,Favoured,Favoured,Favoured
90,foldkarsnp0011235611wildtype29082026model0,A,VAL,92,-65,97,160.58277665271828,105.70344720372883,46.31,-178.4498377204966,,,,,No,Allowed,Allowed,Allowed
91,foldkarsnp0011235611wildtype29082026model0,A,GLY,93,-70,154,-176.52560622551349,111.63010073720295,51.43,,,,,,No,Favoured,Favoured,Favoured
92,foldkarsnp0011235611wildtype29082026model0,A,PRO,94,-59,-6,172.70518328787404,113.65346576437253,62.85,22.802021731763762,-31.794373188123025,,,,No,Favoured,Favoured,Allowed
93,foldkarsnp0011235611wildtype29082026model0,A,GLU,95,-65,-35,178.3032205120432,113.49859674246756,71.05,-65.54713117509631,-175.57447071783272,168.46692701979748,,,No,Favoured,Favoured,Favoured
94,foldkarsnp0011235611wildtype29082026model0,A,GLU,96,-66,-27,179.2221483574705,112.84201005775924,79.96,-77.2887033540875,-168.9365454479876,165.85056417726042,,,No,Favoured,Favoured,Favoured
95,foldkarsnp0011235611wildtype29082026model0,A,GLU,97,-75,-16,178.97076638895945,112.81143423984062,81.75,-63.67065315423279,-171.3557988960887,164.58790033095678,,,No,Favoured,Favoured,Favoured
96,foldkarsnp0011235611wildtype29082026model0,A,SER,98,-96,-5,-179.75893525721034,114.13305676384064,88.93,69.33878075946632,,,,,No,Favoured,Favoured,Favoured
97,foldkarsnp0011235611wildtype29082026model0,A,VAL,99,-75,135,-179.2383223187717,110.52064936753656,93.93,-178.4092491755327,,,,,No,Favoured,Favoured,Favoured
98,foldkarsnp0011235611wildtype29082026model0,A,ASP,100,-58,135,171.8304631392313,111.23020038237426,96.28,170.11433287674643,-96.53521471191793,,,,No,Favoured,Favoured,Favoured
99,foldkarsnp0011235611wildtype29082026model0,A,PRO,101,-56,-34,-177.0745639559648,115.05846530818265,96.42,-29.426561598828485,36.06114048118651,,,,No,Favoured,Favoured,Favoured
100,foldkarsnp0011235611wildtype29082026model0,A,ASN,102,-73,-36,177.24830758441297,111.37397639112307,96.56,-61.793723425454466,-58.356139825727716,,,,No,Favoured,Favoured,Favoured
101,foldkarsnp0011235611wildtype29082026model0,A,GLN,103,-67,-42,173.53373512112802,111.24361912295025,97.11,-66.62081851391329,-64.18996798876442,-12.307685695495518,,,No,Favoured,Favoured,Favoured
102,foldkarsnp0011235611wildtype29082026model0,A,TYR,104,-55,-48,173.6586146601717,111.36558687305086,97.47,-178.02171423268308,-83.77192677847326,,,,No,Favoured,Favoured,Favoured
103,foldkarsnp0011235611wildtype29082026model0,A,TYR,105,-57,-44,177.6849327101091,112.82464265179588,97.82,173.1038884103321,-104.24527619439826,,,,No,Favoured,Favoured,Favoured
104,foldkarsnp0011235611wildtype29082026model0,A,LYS,106,-62,-50,177.58143203275722,111.74350912475144,97.51,-72.52037024906879,173.36551600990563,-176.28160032320883,177.15353365385644,,No,Favoured,Favoured,Favoured
105,foldkarsnp0011235611wildtype29082026model0,A,ILE,107,-60,-47,179.96298807552907,110.04588873835706,97.29,-67.4513198579515,165.6126133822935,,,,No,Favoured,Favoured,Favoured
106,foldkarsnp0011235611wildtype29082026model0,A,ARG,108,-65,-42,-178.86961898562092,111.82713395210206,98.28,-172.13216288368474,61.123319649308606,174.04229755804786,163.71209697143146,-1.189664274155466,No,Favoured,Favoured,Favoured
107,foldkarsnp0011235611wildtype29082026model0,A,SER,109,-61,-41,176.57937068108924,111.94733290269572,98.26,-61.74382867994605,,,,,No,Favoured,Favoured,Favoured
108,foldkarsnp0011235611wildtype29082026model0,A,GLN,110,-64,-44,175.5578534198489,111.85121104262487,98.03,-73.69636967873754,173.70645339554795,-13.807482135326461,,,No,Favoured,Favoured,Favoured
109,foldkarsnp0011235611wildtype29082026model0,A,ALA,111,-60,-43,176.87111170910273,111.91013982637935,97.63,,,,,,No,Favoured,Favoured,Favoured
110,foldkarsnp0011235611wildtype29082026model0,A,ILE,112,-68,-35,177.01192636935124,111.99269886138964,98.43,-63.54266025094227,-51.325548769815214,,,,No,Favoured,Favoured,Favoured
111,foldkarsnp0011235611wildtype29082026model0,A,HIS,113,-61,-41,172.07219444240917,111.47959876814946,98.41,-177.44977062958893,65.52963627797106,,,,No,Favoured,Favoured,Favoured
112,foldkarsnp0011235611wildtype29082026model0,A,GLN,114,-63,-38,177.663088938364,112.19173875446647,97.94,-168.49927208274113,61.57872199756513,52.29038768887987,,,No,Favoured,Favoured,Favoured
113,foldkarsnp0011235611wildtype29082026model0,A,LEU,115,-57,-45,173.0842811075104,111.40000655948549,97.63,-65.99743634055945,178.59282777567356,,,,No,Favoured,Favoured,Favoured
114,foldkarsnp0011235611wildtype29082026model0,A,LYS,116,-61,-44,176.65428301364497,112.44485104187888,98.06,-66.35583859575176,179.93647466028827,178.50931122446588,-173.64883467322753,,No,Favoured,Favoured,Favoured
115,foldkarsnp0011235611wildtype29082026model0,A,VAL,117,-64,-36,179.05912266651285,111.40627118916848,97.88,172.73595632961636,,,,,No,Favoured,Favoured,Favoured
116,foldkarsnp0011235611wildtype29082026model0,A,ASN,118,-76,-1,177.69739518346947,113.21721349504085,96.58,-67.37271226674964,-6.219474027094841,,,,No,Favoured,Favoured,Favoured
117,foldkarsnp0011235611wildtype29082026model0,A,GLY,119,80,7,-178.81713923305787,114.5684115999438,96.43,,,,,,No,Favoured,Favoured,Favoured
118,foldkarsnp0011235611wildtype29082026model0,A,GLU,120,-78,136,166.89547681795247,109.2999340598035,96.11,-65.37245864933553,-174.01274816021674,-122.67481874101323,,,No,Favoured,Favoured,Favoured
119,foldkarsnp0011235611wildtype29082026model0,A,ASP,121,-94,101,177.4196659787945,111.08461586471246,97.71,-174.93400741722837,6.094152684095422,,,,No,Favoured,Favoured,Favoured
120,foldkarsnp0011235611wildtype29082026model0,A,PRO,122,-79,-3,176.80590026803696,113.03380235555412,98.57,32.11160291254093,-34.237400410685574,,,,No,Favoured,Favoured,Favoured
121,foldkarsnp0011235611wildtype29082026model0,A,TYR,123,-134,61,179.37994152009483,110.7758525641045,98.52,-60.040378110339546,-83.86073710256103,,,,No,Favoured,Favoured,Allowed
122,foldkarsnp0011235611wildtype29082026model0,A,PRO,124,-59,144,-178.51654223633452,111.51503064342808,98.52,26.89212687822068,-35.79973616446051,,,,No,Favoured,Favoured,Favoured
123,foldkarsnp0011235611wildtype29082026model0,A,HIS,125,-66,-35,-176.22289577928348,113.07265627472582,98.51,-65.74981818486289,72.65809082242451,,,,No,Favoured,Favoured,Favoured
124,foldkarsnp0011235611wildtype29082026model0,A,LYS,126,-147,130,-173.70567162411956,111.89275173382642,98.68,-178.14210814567636,60.23512481746675,179.5129220736542,172.83949639992176,,No,Favoured,Favoured,Favoured
125,foldkarsnp0011235611wildtype29082026model0,A,PHE,127,-119,127,162.64357706140044,108.51386705047814,98.55,-174.85258035824015,-97.74853687742952,,,,No,Favoured,Favoured,Favoured
126,foldkarsnp0011235611wildtype29082026model0,A,HIS,128,-85,109,179.46503611821507,109.38185458655651,98.64,-69.8787983408861,-90.64480805972921,,,,No,Favoured,Favoured,Favoured
127,foldkarsnp0011235611wildtype29082026model0,A,VAL,129,-86,127,173.98146372766732,108.1189755736286,98.64,179.00754614314044,,,,,No,Favoured,Favoured,Favoured
128,foldkarsnp0011235611wildtype29082026model0,A,ASP,130,-88,-30,-179.2911727336278,111.98869833302948,98.64,-59.7574317317891,-33.04753008435049,,,,No,Favoured,Favoured,Favoured
129,foldkarsnp0011235611wildtype29082026model0,A,ILE,131,-150,142,-174.86117122930057,110.40327961873993,98.66,-169.45603152354866,167.83244144072825,,,,No,Favoured,Favoured,Favoured
130,foldkarsnp0011235611wildtype29082026model0,A,SER,132,-68,160,173.1834157917352,110.94992603042806,98.78,79.67136667653985,,,,,No,Favoured,Favoured,Favoured
131,foldkarsnp0011235611wildtype29082026model0,A,LEU,133,-65,-37,174.80926459676581,111.41544393390825,98.79,-62.90154455354173,-176.04336698302293,,,,No,Favoured,Favoured,Favoured
132,foldkarsnp0011235611wildtype29082026model0,A,THR,134,-61,-50,177.3744591611418,111.02369148793251,98.7,-55.55259270555129,,,,,No,Favoured,Favoured,Favoured
133,foldkarsnp0011235611wildtype29082026model0,A,ASP,135,-67,-36,179.44003886578818,111.707857251662,98.71,-64.76033886666977,-27.509403641492195,,,,No,Favoured,Favoured,Favoured
134,foldkarsnp0011235611wildtype29082026model0,A,PHE,136,-58,-48,173.6200900179309,110.87515882646221,98.69,-173.66130759433855,-76.16536229296875,,,,No,Favoured,Favoured,Favoured
135,foldkarsnp0011235611wildtype29082026model0,A,ILE,137,-62,-46,179.2484435226755,110.01924206395769,98.69,-68.96125370406843,162.58582673944798,,,,No,Favoured,Favoured,Favoured
136,foldkarsnp0011235611wildtype29082026model0,A,GLN,138,-60,-45,178.80157485597698,111.69842417845628,98.63,-174.54256840009467,176.88645127069532,0.2074432604591356,,,No,Favoured,Favoured,Favoured
137,foldkarsnp0011235611wildtype29082026model0,A,LYS,139,-71,-32,-175.14942355724187,113.71196276686508,98.43,-172.3510299153923,172.7886536154043,-179.29543816661152,-176.87358213220034,,No,Favoured,Favoured,Favoured
138,foldkarsnp0011235611wildtype29082026model0,A,TYR,140,-115,2,-172.10021398350827,114.61014675636197,98.5,-58.67105920920978,-67.48592461052138,,,,No,Favoured,Favoured,Favoured
139,foldkarsnp0011235611wildtype29082026model0,A,SER,141,-58,-27,176.2011380418904,113.74058727568584,98.0,54.26426216234215,,,,,No,Favoured,Favoured,Favoured
140,foldkarsnp0011235611wildtype29082026model0,A,HIS,142,-70,-15,179.31354221669528,114.59445777543911,98.26,72.05182004298858,-87.49275853400358,,,,No,Favoured,Favoured,Favoured
141,foldkarsnp0011235611wildtype29082026model0,A,LEU,143,-57,147,-178.87882552465902,111.5627775925628,98.14,-67.24393017103827,-179.0871794963381,,,,No,Favoured,Favoured,Favoured
142,foldkarsnp0011235611wildtype29082026model0,A,GLN,144,-84,154,177.8769264285268,111.52715145904385,98.4,-59.78030121004367,-54.43142375306332,-50.90550150545902,,,No,Favoured,Favoured,Favoured
143,foldkarsnp0011235611wildtype29082026model0,A,PRO,145,-55,124,174.2812985835565,112.18814169969345,98.29,-26.49393610356592,35.291718050569386,,,,No,Favoured,Favoured,Favoured
144,foldkarsnp0011235611wildtype29082026model0,A,GLY,146,96,-9,-176.97165157377376,114.88563998306626,97.64,,,,,,No,Favoured,Favoured,Favoured
145,foldkarsnp0011235611wildtype29082026model0,A,ASP,147,-62,143,177.46732131158345,112.09733902251874,97.66,-72.33973678888115,-10.13663259586697,,,,No,Favoured,Favoured,Favoured
146,foldkarsnp0011235611wildtype29082026model0,A,HIS,148,-146,105,174.48538077602674,108.9740385860705,97.56,-179.93350684090078,-167.74810789755156,,,,No,Favoured,Favoured,Favoured
147,foldkarsnp0011235611wildtype29082026model0,A,LEU,149,-84,84,-176.2360515780215,110.79399476138786,97.41,-57.586330122177344,-173.25372225453137,,,,No,Favoured,Favoured,Favoured
148,foldkarsnp0011235611wildtype29082026model0,A,THR,150,-70,-17,-175.22196445455234,114.30293947661208,96.61,53.33534070914697,,,,,No,Favoured,Favoured,Favoured
149,foldkarsnp0011235611wildtype29082026model0,A,ASP,151,-83,-11,177.26963107492278,113.57805003558805,96.96,61.047187846026674,-43.44117311488828,,,,No,Favoured,Favoured,Favoured
150,foldkarsnp0011235611wildtype29082026model0,A,ILE,152,-113,119,179.74238519227094,109.41601978417177,98.2,-58.46749209549769,177.39094776806218,,,,No,Favoured,Favoured,Favoured
151,foldkarsnp0011235611wildtype29082026model0,A,THR,153,-119,129,173.35291810862847,109.38804991436363,98.66,-58.0355386289357,,,,,No,Favoured,Favoured,Favoured
152,foldkarsnp0011235611wildtype29082026model0,A,LEU,154,-136,154,-176.70223639753806,110.68071526978986,98.52,-65.42062068970887,169.6480107152096,,,,No,Favoured,Favoured,Favoured
153,foldkarsnp0011235611wildtype29082026model0,A,LYS,155,-110,123,172.78721970166254,110.35711701339808,98.87,-65.72548173089542,176.01311647567235,-175.79715075493561,174.42155660472142,,No,Favoured,Favoured,Favoured
154,foldkarsnp0011235611wildtype29082026model0,A,VAL,156,-120,162,172.96767949290475,109.83548793228643,98.75,-60.759753841935265,,,,,No,Favoured,Favoured,Favoured
155,foldkarsnp0011235611wildtype29082026model0,A,ALA,157,-139,155,174.8383801989909,111.81244901533998,98.82,,,,,,No,Favoured,Favoured,Favoured
156,foldkarsnp0011235611wildtype29082026model0,A,GLY,158,179,-174,177.9795378834614,112.78916989232889,98.84,,,,,,No,Favoured,Favoured,Favoured
157,foldkarsnp0011235611wildtype29082026model0,A,ARG,159,-99,136,175.9287743614003,111.08126358871989,98.83,-174.69074803823466,179.76792076082126,-64.35565141571594,-79.44214873866378,1.1261813738888926,No,Favoured,Favoured,Favoured
158,foldkarsnp0011235611wildtype29082026model0,A,ILE,160,-72,112,172.78481634142895,108.98983518834063,98.43,-59.83423223319675,174.30931999132568,,,,No,Favoured,Favoured,Favoured
159,foldkarsnp0011235611wildtype29082026model0,A,HIS,161,-90,-30,172.5474273649762,113.14935367833168,97.31,-89.57172775302261,-121.67051264421204,,,,No,Favoured,Favoured,Favoured
160,foldkarsnp0011235611wildtype29082026model0,A,ALA,162,-147,148,173.04999199257583,110.96770546488601,96.89,,,,,,No,Favoured,Favoured,Favoured
161,foldkarsnp0011235611wildtype29082026model0,A,LYS,163,-125,124,171.80955984209456,107.51565888799848,97.68,177.79553882299479,-178.25965882586996,175.8829384915674,-174.1675504608168,,No,Favoured,Favoured,Favoured
162,foldkarsnp0011235611wildtype29082026model0,A,ARG,164,-134,116,-177.6642708121253,109.4614245886322,97.43,-63.27069115120891,178.33160544427764,-67.2050677875654,-168.45729290579726,0.23793142004179255,No,Favoured,Favoured,Favoured
163,foldkarsnp0011235611wildtype29082026model0,A,ALA,165,-78,144,172.07248781875816,110.5230466757878,96.89,,,,,,No,Favoured,Favoured,Favoured
164,foldkarsnp0011235611wildtype29082026model0,A,SER,166,-129,66,173.0077079096817,108.54042368529599,95.86,-173.55264239951555,,,,,No,Allowed,Allowed,Allowed
165,foldkarsnp0011235611wildtype29082026model0,A,GLY,167,81,173,-166.29800596445966,112.40971083646336,93.05,,,,,,No,Favoured,Favoured,Favoured
166,foldkarsnp0011235611wildtype29082026model0,A,GLY,168,-71,-8,-173.72996093300904,116.24666124255589,94.0,,,,,,No,Favoured,Favoured,Favoured
167,foldkarsnp0011235611wildtype29082026model0,A,LYS,169,-116,0,-174.9605136333387,114.32545284564767,97.45,-61.84775064287656,-162.88938207149246,179.6592241830617,-142.4200978515242,,No,Favoured,Favoured,Favoured
168,foldkarsnp0011235611wildtype29082026model0,A,LEU,170,-141,123,-178.15524984045555,110.29264540427,97.93,-178.95399494621708,63.424404737137145,,,,No,Favoured,Favoured,Favoured
169,foldkarsnp0011235611wildtype29082026model0,A,ILE,171,-132,135,178.71491272773028,108.5555981307864,98.42,-59.546946787953665,178.30076939118362,,,,No,Favoured,Favoured,Favoured
170,foldkarsnp0011235611wildtype29082026model0,A,PHE,172,-106,130,175.00116700025762,110.27893253412662,98.45,-64.45534439649832,-82.24097790198563,,,,No,Favoured,Favoured,Favoured
171,foldkarsnp0011235611wildtype29082026model0,A,TYR,173,-111,133,169.80000424482947,110.04918257393598,98.66,-60.754731135171596,-90.13426829004435,,,,No,Favoured,Favoured,Favoured
172,foldkarsnp0011235611wildtype29082026model0,A,ASP,174,-85,101,164.94732458933174,107.27990443101979,98.21,-176.6222453161817,-17.08578071250164,,,,No,Favoured,Favoured,Favoured
173,foldkarsnp0011235611wildtype29082026model0,A,LEU,175,-95,121,179.9755032523034,109.1906397362705,98.71,-169.36081016326563,73.06131453917988,,,,No,Favoured,Favoured,Favoured
174,foldkarsnp0011235611wildtype29082026model0,A,ARG,176,-121,144,179.56479746218744,112.7982249977597,98.37,-59.967966010375854,-163.4318358946651,-173.95866199551483,-172.40196667190912,1.8925153905555776,No,Favoured,Favoured,Favoured
175,foldkarsnp0011235611wildtype29082026model0,A,GLY,177,-171,161,172.96656606955253,109.28937403644603,97.97,,,,,,No,Favoured,Favoured,Favoured
176,foldkarsnp0011235611wildtype29082026model0,A,GLU,178,59,11,174.85784195689226,115.16621209936741,97.47,-56.0165445285549,155.94550791812188,-140.10397831226715,,,No,Favoured,Favoured,Favoured
177,foldkarsnp0011235611wildtype29082026model0,A,GLY,179,82,9,-173.76623474093378,114.32267150646238,96.5,,,,,,No,Favoured,Favoured,Favoured
178,foldkarsnp0011235611wildtype29082026model0,A,VAL,180,-119,167,177.37746867871115,111.59368950315007,97.81,-58.9323570934919,,,,,No,Favoured,Favoured,Favoured
179,foldkarsnp0011235611wildtype29082026model0,A,LYS,181,-122,133,179.47245002509953,110.37461794739292,98.21,175.8884283999557,-167.49906204666294,170.60246058174423,-161.46116908085673,,No,Favoured,Favoured,Favoured
180,foldkarsnp0011235611wildtype29082026model0,A,LEU,182,-124,134,167.6680166805159,109.49273192962725,98.65,179.76091939955225,62.80646871205764,,,,No,Favoured,Favoured,Favoured
181,foldkarsnp0011235611wildtype29082026model0,A,GLN,183,-78,134,172.01773561511223,110.91907780556112,98.89,-177.54524874767685,171.41939789344178,-101.6935786416978,,,No,Favoured,Favoured,Favoured
182,foldkarsnp0011235611wildtype29082026model0,A,VAL,184,-100,118,163.38680811862386,107.88593516970172,98.72,-174.15388504088475,,,,,No,Favoured,Favoured,Favoured
183,foldkarsnp0011235611wildtype29082026model0,A,MET,185,-101,81,177.7875831544521,109.50264936020177,98.57,-175.38414369309652,178.0443844974087,69.60402014208397,,,No,Favoured,Favoured,Favoured
184,foldkarsnp0011235611wildtype29082026model0,A,ALA,186,-77,108,-177.34640605016054,110.33706831694919,98.37,,,,,,No,Favoured,Favoured,Favoured
185,foldkarsnp0011235611wildtype29082026model0,A,ASN,187,-114,131,177.79895664821626,109.38562682635222,97.5,-173.7857431049731,-39.948262619591496,,,,No,Favoured,Favoured,Favoured
186,foldkarsnp0011235611wildtype29082026model0,A,SER,188,-57,-30,-177.68271669589726,113.53149141988925,98.15,66.81334315358701,,,,,No,Favoured,Favoured,Favoured
187,foldkarsnp0011235611wildtype29082026model0,A,ARG,189,-71,-24,178.89216553119203,113.97999749008441,97.36,-64.44692767972927,-179.05918828557427,179.8934314511332,179.7526476818609,-0.28461615884320846,No,Favoured,Favoured,Favoured
188,foldkarsnp0011235611wildtype29082026model0,A,ASN,190,-100,-12,-178.71336251874007,111.68861591860832,98.05,-63.76550049536888,105.40282197610968,,,,No,Favoured,Favoured,Favoured
189,foldkarsnp0011235611wildtype29082026model0,A,TYR,191,-75,157,179.01539358548465,111.27582888345322,98.33,-150.10787639724936,-100.36268599935916,,,,No,Favoured,Favoured,Favoured
190,foldkarsnp0011235611wildtype29082026model0,A,LYS,192,-56,-31,-177.162231222717,114.64602269376482,97.28,66.64424848398593,-177.79101509235298,-178.81981137904677,179.2941821835895,,No,Favoured,Favoured,Favoured
191,foldkarsnp0011235611wildtype29082026model0,A,SER,193,-159,160,166.7546713286808,110.91511886636683,98.19,75.71430254720173,,,,,No,Favoured,Favoured,Favoured
192,foldkarsnp0011235611wildtype29082026model0,A,GLU,194,-68,-35,177.09287081431577,111.98127003344983,97.99,-174.95523969747302,162.85405738528243,-157.26802857547747,,,No,Favoured,Favoured,Favoured
193,foldkarsnp0011235611wildtype29082026model0,A,GLU,195,-63,-50,175.97264032145767,111.64355870544762,97.88,-176.98749996967297,178.43744680933463,-175.08301807009005,,,No,Favoured,Favoured,Favoured
194,foldkarsnp0011235611wildtype29082026model0,A,GLU,196,-65,-33,177.818686556459,112.12621165410788,98.01,-74.6216912286292,-69.89438753172195,132.3763733603297,,,No,Favoured,Favoured,Favoured
195,foldkarsnp0011235611wildtype29082026model0,A,PHE,197,-59,-48,172.18488973298335,111.07049544755583,98.48,175.9112125431509,-93.50580519443635,,,,No,Favoured,Favoured,Favoured
196,foldkarsnp0011235611wildtype29082026model0,A,ILE,198,-64,-46,178.20111429113214,110.10637961171804,98.01,-66.74795143319277,165.97803335171358,,,,No,Favoured,Favoured,Favoured
197,foldkarsnp0011235611wildtype29082026model0,A,HIS,199,-58,-52,-178.2698906013336,112.53464117837525,97.51,-176.13236240199757,67.9968315531505,,,,No,Favoured,Favoured,Favoured
198,foldkarsnp0011235611wildtype29082026model0,A,ILE,200,-65,-42,-178.47468084295858,111.92533127386719,98.09,-169.64785237350972,61.09720646271876,,,,No,Favoured,Favoured,Favoured
199,foldkarsnp0011235611wildtype29082026model0,A,ASN,201,-69,-28,-176.58760878940865,112.1081845020012,98.06,-71.4153993863752,-66.79602414902884,,,,No,Favoured,Favoured,Favoured
200,foldkarsnp0011235611wildtype29082026model0,A,ASN,202,-71,-33,175.1705245670014,112.50139684348838,97.12,-75.81989513659981,-11.531029161284652,,,,No,Favoured,Favoured,Favoured
201,foldkarsnp0011235611wildtype29082026model0,A,LYS,203,-85,-23,-179.85897779007337,114.95929169840406,96.02,71.8483266370674,-176.7849867293994,174.3094039685693,-173.71934581524172,,No,Favoured,Favoured,Favoured
202,foldkarsnp0011235611wildtype29082026model0,A,LEU,204,-74,140,-179.73861721621822,112.4804542998482,98.27,-69.3740190298166,177.32031280739662,,,,No,Favoured,Favoured,Favoured
203,foldkarsnp0011235611wildtype29082026model0,A,ARG,205,-131,161,176.28458849785537,111.49474645026459,98.22,-64.73842598113376,-62.346011817504575,-177.4703929108477,-85.94325844318148,4.706783125522943,No,Favoured,Favoured,Favoured
204,foldkarsnp0011235611wildtype29082026model0,A,ARG,206,-56,135,170.7745058331689,109.92647165441691,97.65,-179.96498825211464,-179.70921992668673,172.78971479284283,-131.2075877731093,-3.824884531942369,No,Favoured,Favoured,Favoured
205,foldkarsnp0011235611wildtype29082026model0,A,GLY,207,97,-21,-176.7534407319295,114.80101802841715,98.29,,,,,,No,Favoured,Favoured,Favoured
206,foldkarsnp0011235611wildtype29082026model0,A,ASP,208,-61,144,179.72932532339004,111.79831268526809,98.65,-68.44705941975286,-14.672737820533763,,,,No,Favoured,Favoured,Favoured
207,foldkarsnp0011235611wildtype29082026model0,A,ILE,209,-87,128,166.15018121866234,107.97323776108938,98.82,-53.79165992480439,-59.37792727621553,,,,No,Favoured,Favoured,Favoured
208,foldkarsnp0011235611wildtype29082026model0,A,ILE,210,-129,149,179.89316601750127,111.48297585943742,98.85,61.47897072512755,167.7028957148794,,,,No,Favoured,Favoured,Favoured
209,foldkarsnp0011235611wildtype29082026model0,A,GLY,211,-99,139,161.32765464607985,109.91842721514628,98.83,,,,,,No,Favoured,Favoured,Favoured
210,foldkarsnp0011235611wildtype29082026model0,A,VAL,212,-126,118,-178.13774664122315,108.50813053989577,98.86,-176.40797883400376,,,,,No,Favoured,Favoured,Favoured
211,foldkarsnp0011235611wildtype29082026model0,A,GLN,213,-101,122,169.09266346393142,108.50467663589606,98.83,179.7619776989206,176.17831951194273,-14.577106493694028,,,No,Favoured,Favoured,Favoured
212,foldkarsnp0011235611wildtype29082026model0,A,GLY,214,-177,-170,-178.75320921670635,114.21314873132756,98.57,,,,,,No,Favoured,Favoured,Favoured
213,foldkarsnp0011235611wildtype29082026model0,A,ASN,215,-101,140,-175.2254423588772,111.12025027263329,98.66,-54.346645787030745,123.39573314166064,,,,No,Favoured,Favoured,Favoured
214,foldkarsnp0011235611wildtype29082026model0,A,PRO,216,-62,142,166.87674567455775,111.48916895671015,98.7,-19.219360550373395,31.695273736511258,,,,No,Favoured,Favoured,Favoured
215,foldkarsnp0011235611wildtype29082026model0,A,GLY,217,-164,175,175.66695005726044,112.04895841111086,98.44,,,,,,No,Favoured,Favoured,Favoured
216,foldkarsnp0011235611wildtype29082026model0,A,LYS,218,-133,134,176.59804662189612,110.10893346521159,98.2,-137.55784981400492,173.62641112786142,-159.68630844473483,170.45358935308352,,No,Favoured,Favoured,Favoured
217,foldkarsnp0011235611wildtype29082026model0,A,THR,219,-63,162,175.51860390944853,110.86323825319977,97.73,64.89407038181054,,,,,No,Favoured,Favoured,Favoured
218,foldkarsnp0011235611wildtype29082026model0,A,LYS,220,-58,-22,171.1597220162896,113.15115420593752,97.51,-64.92081814406124,-174.51707492198432,179.1750726281744,-176.92607680431368,,No,Favoured,Favoured,Favoured
219,foldkarsnp0011235611wildtype29082026model0,A,LYS,221,-84,1,174.81090031710883,112.9014979828634,97.17,-65.40234792448457,-173.9547803755993,177.7250762718702,-176.70365244381085,,No,Favoured,Favoured,Favoured
220,foldkarsnp0011235611wildtype29082026model0,A,GLY,222,84,10,178.2333805322353,115.23718973868951,97.63,,,,,,No,Favoured,Favoured,Favoured
221,foldkarsnp0011235611wildtype29082026model0,A,GLU,223,-82,118,177.66347074245908,110.69490191063294,98.13,-168.69190871533718,167.94966780791387,-170.3578070209848,,,No,Favoured,Favoured,Favoured
222,foldkarsnp0011235611wildtype29082026model0,A,LEU,224,-60,131,175.55113859615216,109.9310654392845,98.51,-179.02856897096814,65.94815319056863,,,,No,Favoured,Favoured,Favoured
223,foldkarsnp0011235611wildtype29082026model0,A,SER,225,-140,155,-172.6190416928425,111.3738931388267,98.61,-54.12515803461919,,,,,No,Favoured,Favoured,Favoured
224,foldkarsnp0011235611wildtype29082026model0,A,ILE,226,-103,133,158.1096498351851,108.48458013575762,98.78,-172.87103531054575,168.75745740975896,,,,No,Favoured,Favoured,Favoured
225,foldkarsnp0011235611wildtype29082026model0,A,ILE,227,-102,104,-179.2554830506789,107.27159076259251,98.65,-60.26419500194939,163.23857151812842,,,,No,Favoured,Favoured,Favoured
226,foldkarsnp0011235611wildtype29082026model0,A,PRO,228,-73,134,-168.13198234602325,112.48604489247676,98.75,28.021797460082336,-34.43597867873404,,,,No,Favoured,Favoured,Favoured
227,foldkarsnp0011235611wildtype29082026model0,A,TYR,229,-81,-38,156.3156528206892,110.39525629893768,98.41,176.99200677282,-99.04781783968608,,,,No,Favoured,Favoured,Favoured
228,foldkarsnp0011235611wildtype29082026model0,A,GLU,230,-146,141,178.64650281385136,111.27819009716654,98.68,-176.95608518145542,164.9930652169486,-147.83271276981114,,,No,Favoured,Favoured,Favoured
229,foldkarsnp0011235611wildtype29082026model0,A,ILE,231,-118,131,169.95055444156867,108.4281319967053,98.8,-57.53976290250281,171.9533938060679,,,,No,Favoured,Favoured,Favoured
230,foldkarsnp0011235611wildtype29082026model0,A,THR,232,-114,126,178.13819301720002,109.83103923111307,98.75,-52.957109148733615,,,,,No,Favoured,Favoured,Favoured
231,foldkarsnp0011235611wildtype29082026model0,A,LEU,233,-69,123,167.6379681612873,108.83943461243253,98.74,176.27454235603548,62.32702079439846,,,,No,Favoured,Favoured,Favoured
232,foldkarsnp0011235611wildtype29082026model0,A,LEU,234,-105,-35,-179.3005826388019,112.69407476062415,98.78,-56.34890334663823,-176.98246839918738,,,,No,Favoured,Favoured,Favoured
233,foldkarsnp0011235611wildtype29082026model0,A,SER,235,-159,115,174.51177244727515,110.10112341213073,98.89,-175.2013907107815,,,,,No,Allowed,Allowed,Favoured
234,foldkarsnp0011235611wildtype29082026model0,A,PRO,236,-71,140,179.9519960902128,111.74799183163012,98.79,28.692425602350593,-35.02986554829708,,,,No,Favoured,Favoured,Favoured
235,foldkarsnp0011235611wildtype29082026model0,A,CYS,237,-84,115,165.03496122954226,108.85867065149834,98.53,-171.68199430601422,,,,,No,Favoured,Favoured,Favoured
236,foldkarsnp0011235611wildtype29082026model0,A,LEU,238,-85,-18,-177.5145927643925,113.10793673238784,98.56,-56.04721585717252,-174.98105944203724,,,,No,Favoured,Favoured,Favoured
237,foldkarsnp0011235611wildtype29082026model0,A,HIS,239,-102,149,-178.790472472086,111.52947830305281,98.26,-68.66897521008754,-82.9249965709811,,,,No,Favoured,Favoured,Favoured
238,foldkarsnp0011235611wildtype29082026model0,A,MET,240,-67,123,167.09528525088135,108.99063818908569,97.5,-172.48470503681037,179.84876639778668,-72.77249204613788,,,No,Favoured,Favoured,Favoured
239,foldkarsnp0011235611wildtype29082026model0,A,LEU,241,-76,146,173.34107578831185,109.9848876386383,96.85,-67.88718081219837,177.70640967902236,,,,No,Favoured,Favoured,Favoured
240,foldkarsnp0011235611wildtype29082026model0,A,PRO,242,-47,138,172.38896819114598,112.5107851171435,95.52,-29.878068698098648,35.198033867591576,,,,No,Favoured,Favoured,Favoured
241,foldkarsnp0011235611wildtype29082026model0,A,HIS,243,-59,141,-172.49606736924682,111.99805682832756,91.88,-167.28150030516528,-93.36442750838857,,,,No,Favoured,Favoured,Favoured
242,foldkarsnp0011235611wildtype29082026model0,A,LEU,244,-59,-35,-174.7236631323767,113.34237868668326,83.74,-73.89101302534304,167.41777283194907,,,,No,Favoured,Favoured,Favoured
243,foldkarsnp0011235611wildtype29082026model0,A,HIS,245,-72,-35,-178.557460693914,113.51799753172556,84.65,-68.64624880112896,-63.94614908153037,,,,No,Favoured,Favoured,Favoured
244,foldkarsnp0011235611wildtype29082026model0,A,PHE,246,-89,-27,-178.0432557200138,111.91753843672326,85.2,-60.01375137939325,-67.07086554159989,,,,No,Favoured,Favoured,Favoured
245,foldkarsnp0011235611wildtype29082026model0,A,GLY,247,64,-161,-175.23153861844244,112.85977044101962,83.47,,,,,,No,Favoured,Favoured,Favoured
246,foldkarsnp0011235611wildtype29082026model0,A,LEU,248,-119,98,174.27928531114,109.00828897595906,94.83,-179.8261962630108,63.288981867128975,,,,No,Favoured,Favoured,Favoured
247,foldkarsnp0011235611wildtype29082026model0,A,LYS,249,-107,-26,-177.0215188359791,113.22835493952938,95.51,-63.57441820656475,-177.41402902213022,-179.15424498826295,-179.52085243075877,,No,Favoured,Favoured,Favoured
248,foldkarsnp0011235611wildtype29082026model0,A,ASP,250,-60,117,-178.90196723150694,111.4748976676042,96.3,175.1564207496275,55.726811765317606,,,,No,Favoured,Favoured,Favoured
249,foldkarsnp0011235611wildtype29082026model0,A,LYS,251,-63,-39,-174.28003190039647,112.15183050467749,96.57,-68.66800165644301,-176.71755099985901,179.0927726519235,-179.74541102110445,,No,Favoured,Favoured,Favoured
250,foldkarsnp0011235611wildtype29082026model0,A,GLU,252,-61,-50,178.82295867411258,110.80963644177001,96.44,-77.72446843178857,-68.50033563594572,121.77455442279154,,,No,Favoured,Favoured,Favoured
251,foldkarsnp0011235611wildtype29082026model0,A,THR,253,-61,-42,177.8715537133388,111.48322241786748,96.91,-54.805631931789684,,,,,No,Favoured,Favoured,Favoured
252,foldkarsnp0011235611wildtype29082026model0,A,ARG,254,-58,-43,177.68369796645433,112.13110798925379,97.28,-72.0768496638046,175.63260916446987,64.06446277655773,-130.59217517651126,-12.359416953453652,No,Favoured,Favoured,Favoured
253,foldkarsnp0011235611wildtype29082026model0,A,TYR,255,-79,-35,-176.6399492418369,112.7432008224009,97.64,-56.88871417759286,-26.420194063255913,,,,No,Favoured,Favoured,Favoured
254,foldkarsnp0011235611wildtype29082026model0,A,ARG,256,-74,-33,176.21634676211175,112.62124831633729,97.82,-67.80984471308267,179.67252247218653,-171.45003824155853,-77.5895517418355,-4.430032958373775,No,Favoured,Favoured,Favoured
255,foldkarsnp0011235611wildtype29082026model0,A,GLN,257,-121,58,-177.66694178509638,110.60458596647685,97.99,-59.119405911788505,-175.60096800383934,-39.508335867840515,,,No,Allowed,Allowed,Allowed
256,foldkarsnp0011235611wildtype29082026model0,A,ARG,258,-52,-30,-176.57327254958435,113.89424517522201,98.18,-175.38105159324837,62.83574162551267,73.95351831112667,-172.74004072249937,7.423395259734844,No,Favoured,Favoured,Favoured
257,foldkarsnp0011235611wildtype29082026model0,A,TYR,259,-63,-37,174.22568104486365,112.5309573410221,98.47,53.40790810515598,-94.02308643349123,,,,No,Favoured,Favoured,Favoured
258,foldkarsnp0011235611wildtype29082026model0,A,LEU,260,-68,-41,172.84081976002958,111.19106309415832,97.78,-68.14205337373346,-175.10181921469479,,,,No,Favoured,Favoured,Favoured
259,foldkarsnp0011235611wildtype29082026model0,A,ASP,261,-58,-47,176.71435239792214,111.42249547658865,96.81,-162.70507813244987,21.83372835211035,,,,No,Favoured,Favoured,Favoured
260,foldkarsnp0011235611wildtype29082026model0,A,LEU,262,-67,-28,176.4865776650362,113.70007012821493,96.49,-73.22586997968331,167.35534821883735,,,,No,Favoured,Favoured,Favoured
261,foldkarsnp0011235611wildtype29082026model0,A,ILE,263,-71,-41,175.66313552595818,110.39781999682963,97.09,-72.78720331904928,164.64932874069922,,,,No,Favoured,Favoured,Favoured
262,foldkarsnp0011235611wildtype29082026model0,A,LEU,264,-101,-24,-166.65024908123536,114.05236549096428,96.18,-64.59073034883843,171.7706059577884,,,,No,Favoured,Favoured,Favoured
263,foldkarsnp0011235611wildtype29082026model0,A,ASN,265,-120,96,-171.75545511090476,111.2958261367528,95.15,-66.38708129176305,-36.14009702279564,,,,No,Favoured,Favoured,Favoured
264,foldkarsnp0011235611wildtype29082026model0,A,ASP,266,-60,-31,-177.0701608989675,113.4424515823429,95.06,-68.06936118005818,-34.69065985561649,,,,No,Favoured,Favoured,Favoured
265,foldkarsnp0011235611wildtype29082026model0,A,PHE,267,-62,-28,178.37746921187082,112.73015128833896,95.37,73.32387149688506,-94.27086371081433,,,,No,Favoured,Favoured,Favoured
266,foldkarsnp0011235611wildtype29082026model0,A,VAL,268,-66,-43,178.95128207774775,110.30949015169695,96.36,-179.86136085834363,,,,,No,Favoured,Favoured,Favoured
267,foldkarsnp0011235611wildtype29082026model0,A,ARG,269,-57,-42,173.39437407564324,111.23272155351829,97.15,179.63863885105158,-174.9684119573982,-63.53465960216468,-89.07352451639868,-4.335795243428163,No,Favoured,Favoured,Favoured
268,foldkarsnp0011235611wildtype29082026model0,A,GLN,270,-63,-40,179.3809132168665,112.34217513366846,97.9,-61.4052051265762,-55.69923714687334,-32.97636906492241,,,No,Favoured,Favoured,Favoured
269,foldkarsnp0011235611wildtype29082026model0,A,LYS,271,-56,-45,174.48870705598438,111.86804506223501,97.95,-67.62127690853794,-175.58498793715802,174.2037429795879,-168.97817623631573,,No,Favoured,Favoured,Favoured
270,foldkarsnp0011235611wildtype29082026model0,A,PHE,272,-73,-28,179.15887367733777,113.57144297315455,98.52,-67.94670615803932,-63.9101216912607,,,,No,Favoured,Favoured,Favoured
271,foldkarsnp0011235611wildtype29082026model0,A,ILE,273,-64,-45,169.26812315975647,109.8092519613204,98.61,-69.5411030392398,167.59470800823084,,,,No,Favoured,Favoured,Favoured
272,foldkarsnp0011235611wildtype29082026model0,A,ILE,274,-59,-48,175.85206006655517,110.5492456138523,98.73,-70.75014360560503,166.53298369327126,,,,No,Favoured,Favoured,Favoured
273,foldkarsnp0011235611wildtype29082026model0,A,ARG,275,-54,-45,175.36652353841663,112.34778835778283,98.86,-176.70757222633057,-171.10636317678663,178.23273255455655,93.75323220846529,1.3923354127675474,No,Favoured,Favoured,Favoured
274,foldkarsnp0011235611wildtype29082026model0,A,SER,276,-62,-41,176.83098879056513,111.67133507369017,98.89,-174.85702877654907,,,,,No,Favoured,Favoured,Favoured
275,foldkarsnp0011235611wildtype29082026model0,A,LYS,277,-62,-37,176.3014468679802,112.808803037693,98.8,-73.57783055081516,178.6982093125769,176.99948121355834,-173.86510683039202,,No,Favoured,Favoured,Favoured
276,foldkarsnp0011235611wildtype29082026model0,A,ILE,278,-57,-53,173.87187893053928,110.12379551524003,98.87,-69.32891041232017,162.46992353979874,,,,No,Favoured,Favoured,Favoured
277,foldkarsnp0011235611wildtype29082026model0,A,ILE,279,-62,-46,-178.63774376985387,110.82120461618918,98.88,-66.87665402454432,168.84515220949362,,,,No,Favoured,Favoured,Favoured
278,foldkarsnp0011235611wildtype29082026model0,A,THR,280,-61,-41,177.71757072390398,111.61651966375791,98.86,-59.63373011355446,,,,,No,Favoured,Favoured,Favoured
279,foldkarsnp0011235611wildtype29082026model0,A,TYR,281,-61,-46,177.84409087569898,111.73601122455928,98.81,-176.80466205381776,-83.93564439666629,,,,No,Favoured,Favoured,Favoured
280,foldkarsnp0011235611wildtype29082026model0,A,ILE,282,-61,-44,178.9464225149145,110.56384790269757,98.82,-67.05400277484966,166.87015944506786,,,,No,Favoured,Favoured,Favoured
281,foldkarsnp0011235611wildtype29082026model0,A,ARG,283,-57,-55,175.02724970687854,111.03523726521006,98.98,-77.3339616071101,-173.51417060882707,171.6318159317726,114.0525202149122,3.2212000734914183,No,Favoured,Favoured,Favoured
282,foldkarsnp0011235611wildtype29082026model0,A,SER,284,-55,-42,179.39036603015336,112.28380738929495,98.81,-62.782633965867184,,,,,No,Favoured,Favoured,Favoured
283,foldkarsnp0011235611wildtype29082026model0,A,PHE,285,-62,-45,179.26001044773164,112.19074996820807,98.79,-176.54071853022157,-85.18739182819488,,,,No,Favoured,Favoured,Favoured
284,foldkarsnp0011235611wildtype29082026model0,A,LEU,286,-75,-39,-179.04798539543552,112.12012071484874,98.82,-66.29592058874056,174.01101814376565,,,,No,Favoured,Favoured,Favoured
285,foldkarsnp0011235611wildtype29082026model0,A,ASP,287,-59,-43,175.64231789870365,110.93748743549774,98.72,-67.96319281640062,-16.89050042814078,,,,No,Favoured,Favoured,Favoured
286,foldkarsnp0011235611wildtype29082026model0,A,GLU,288,-63,-28,176.028140509591,112.72787451680955,98.52,-76.32877019267971,175.82708426509552,-166.94321792193674,,,No,Favoured,Favoured,Favoured
287,foldkarsnp0011235611wildtype29082026model0,A,LEU,289,-83,1,173.3438717340881,113.34747244311926,98.54,-68.74356410894895,178.296070126344,,,,No,Favoured,Favoured,Favoured
288,foldkarsnp0011235611wildtype29082026model0,A,GLY,290,79,21,177.7142048372284,114.88368821596059,98.14,,,,,,No,Favoured,Favoured,Favoured
289,foldkarsnp0011235611wildtype29082026model0,A,PHE,291,-73,144,170.67630948850407,110.7269263885679,98.79,-73.79634892060398,-103.03430730563363,,,,No,Favoured,Favoured,Favoured
290,foldkarsnp0011235611wildtype29082026model0,A,LEU,292,-94,121,171.98638801563672,109.23237288799184,98.78,-178.4169865970887,64.97305563247171,,,,No,Favoured,Favoured,Favoured
291,foldkarsnp0011235611wildtype29082026model0,A,GLU,293,-69,126,168.92583701578806,109.28996029096432,98.85,-166.61272066702827,168.87057700175245,-170.6123271272138,,,No,Favoured,Favoured,Favoured
292,foldkarsnp0011235611wildtype29082026model0,A,ILE,294,-130,163,-175.37773692025826,111.24921890364132,98.85,54.77310300278739,133.62055907304736,,,,No,Favoured,Favoured,Favoured
293,foldkarsnp0011235611wildtype29082026model0,A,GLU,295,-125,124,173.29280763997906,108.89268215494855,98.84,-64.29250900488184,179.4333425644495,97.9116980186593,,,No,Favoured,Favoured,Favoured
294,foldkarsnp0011235611wildtype29082026model0,A,THR,296,-114,161,178.4361085334253,110.96576123801572,98.39,62.118185848830215,,,,,No,Favoured,Favoured,Favoured
295,foldkarsnp0011235611wildtype29082026model0,A,PRO,297,-55,131,-175.73845316095574,113.33459175535008,98.27,-28.296689025812316,36.04978933793445,,,,No,Favoured,Favoured,Favoured
296,foldkarsnp0011235611wildtype29082026model0,A,MET,298,-90,-10,170.39232326819223,112.9966170877925,98.15,-66.90929344317813,-171.54977345066467,-176.15346990114725,,,No,Favoured,Favoured,Favoured
297,foldkarsnp0011235611wildtype29082026model0,A,MET,299,-119,111,177.93139373445595,108.84838188023484,97.63,-63.81002047101484,178.18551296346976,71.16754453954421,,,No,Favoured,Favoured,Favoured
298,foldkarsnp0011235611wildtype29082026model0,A,ASN,300,-113,148,-169.62836491156247,110.57550573040535,96.78,-61.40734883439738,-6.823238854678067,,,,No,Favoured,Favoured,Favoured
299,foldkarsnp0011235611wildtype29082026model0,A,ILE,301,-70,-39,169.70241077542335,109.53605169164013,95.0,-59.55072682588745,173.85955061928414,,,,No,Favoured,Favoured,Favoured
300,foldkarsnp0011235611wildtype29082026model0,A,ILE,302,-128,122,177.48153464608907,107.18705426725127,94.58,-60.1961655287285,175.2702703524237,,,,No,Favoured,Favoured,Favoured
301,foldkarsnp0011235611wildtype29082026model0,A,PRO,303,-77,138,174.93104923516012,109.86648386811856,91.81,32.76035596751816,-32.57886375351382,,,,No,Favoured,Favoured,Favoured
302,foldkarsnp0011235611wildtype29082026model0,A,GLY,304,-153,-176,179.69753770200734,113.02533888539715,90.37,,,,,,No,Favoured,Favoured,Favoured
303,foldkarsnp0011235611wildtype29082026model0,A,GLY,305,84,-3,178.27704320796076,115.56779736769487,90.55,,,,,,No,Favoured,Favoured,Favoured
304,foldkarsnp0011235611wildtype29082026model0,A,ALA,306,-157,168,173.19651300900813,111.323905518626,90.67,,,,,,No,Favoured,Favoured,Favoured
305,foldkarsnp0011235611wildtype29082026model0,A,VAL,307,-96,102,169.99074090727322,107.33293389506736,90.51,178.74408873989108,,,,,No,Favoured,Favoured,Favoured
306,foldkarsnp0011235611wildtype29082026model0,A,ALA,308,-164,155,-178.8806615422052,111.8709441392129,91.17,,,,,,No,Favoured,Favoured,Favoured
307,foldkarsnp0011235611wildtype29082026model0,A,LYS,309,-78,121,172.77279751782626,110.86039597063993,91.2,-172.61981824455205,169.2329028861553,-172.71312212864024,154.86352314162136,,No,Favoured,Favoured,Favoured
308,foldkarsnp0011235611wildtype29082026model0,A,PRO,310,-83,157,-177.63483317508695,112.90547584548632,93.42,32.79504156301339,-35.39856631342035,,,,No,Favoured,Favoured,Favoured
309,foldkarsnp0011235611wildtype29082026model0,A,PHE,311,-79,140,159.4471079532708,110.23500593358759,94.44,-74.40087701697941,-83.99031585318482,,,,No,Favoured,Favoured,Favoured
310,foldkarsnp0011235611wildtype29082026model0,A,ILE,312,-109,135,178.11338535436118,108.1606699143761,95.65,-51.67633697820373,178.22896077208057,,,,No,Favoured,Favoured,Favoured
311,foldkarsnp0011235611wildtype29082026model0,A,THR,313,-136,178,172.62358988467238,110.4288694839059,96.56,-167.59909091887948,,,,,No,Favoured,Favoured,Favoured
312,foldkarsnp0011235611wildtype29082026model0,A,TYR,314,-138,133,-173.60721778981534,110.84661713617004,96.85,179.30835401795048,-96.75613862809952,,,,No,Favoured,Favoured,Favoured
313,foldkarsnp0011235611wildtype29082026model0,A,HIS,315,-96,106,176.9151221629128,110.44444182209487,96.58,-168.05494067336525,-60.346824394724464,,,,No,Favoured,Favoured,Favoured
314,foldkarsnp0011235611wildtype29082026model0,A,ASN,316,-58,-46,-172.94515985756536,114.12590738313247,96.59,-67.07674682864781,-38.12339398288567,,,,No,Favoured,Favoured,Favoured
315,foldkarsnp0011235611wildtype29082026model0,A,GLU,317,-71,-34,-175.31491479144682,112.99244978095842,96.69,-175.51537481869894,175.9237614685718,-176.4976060749794,,,No,Favoured,Favoured,Favoured
316,foldkarsnp0011235611wildtype29082026model0,A,LEU,318,-90,-3,179.63175114350054,113.1900987407142,95.81,-62.18334466390063,179.4257586733244,,,,No,Favoured,Favoured,Favoured
317,foldkarsnp0011235611wildtype29082026model0,A,ASP,319,49,51,-178.1508082049587,113.33954881244239,96.76,-170.57538606702064,17.99544894776694,,,,No,Favoured,Favoured,Favoured
318,foldkarsnp0011235611wildtype29082026model0,A,MET,320,-144,147,-176.13702314798388,113.94538046456658,97.14,70.13004178908164,-173.6234796578591,-58.54117741805682,,,No,Favoured,Favoured,Favoured
319,foldkarsnp0011235611wildtype29082026model0,A,ASN,321,-73,143,168.06866255409412,110.40399041274345,96.34,-69.23212285213397,-37.1861440339559,,,,No,Favoured,Favoured,Favoured
320,foldkarsnp0011235611wildtype29082026model0,A,LEU,322,-130,154,172.1757020641792,109.14693690144163,96.24,-66.09490573332486,171.68693608890558,,,,No,Favoured,Favoured,Favoured
321,foldkarsnp0011235611wildtype29082026model0,A,TYR,323,-112,136,177.22057669612929,109.63337151872975,96.34,-60.91461337217259,-91.93113257568248,,,,No,Favoured,Favoured,Favoured
322,foldkarsnp0011235611wildtype29082026model0,A,MET,324,-69,133,166.33372017205457,108.77514722992778,97.04,-59.4866128534682,-58.818369015111855,-62.16626015973931,,,No,Favoured,Favoured,Favoured
323,foldkarsnp0011235611wildtype29082026model0,A,ARG,325,-60,143,-174.93263175088964,112.35267567508353,96.29,75.27246970158296,-179.1422249955551,-175.717715856666,-172.53994847387975,2.651475036562097,No,Favoured,Favoured,Favoured
324,foldkarsnp0011235611wildtype29082026model0,A,ILE,326,-97,-23,172.33223857244414,111.85791169573679,95.57,55.139110239068536,175.05810178607985,,,,No,Favoured,Favoured,Favoured
325,foldkarsnp0011235611wildtype29082026model0,A,ALA,327,-160,156,172.33507899241167,109.90637743347985,95.85,,,,,,No,Favoured,Favoured,Favoured
326,foldkarsnp0011235611wildtype29082026model0,A,PRO,328,-91,-1,173.84099748664977,114.1404488730236,97.88,36.351444825501275,-34.770823671251826,,,,No,Favoured,Favoured,Favoured
327,foldkarsnp0011235611wildtype29082026model0,A,GLU,329,-42,-52,-170.98224109979688,115.30167252326592,97.91,165.62350472975638,166.0015800800223,169.78066775534134,,,No,Favoured,Favoured,Favoured
328,foldkarsnp0011235611wildtype29082026model0,A,LEU,330,-64,-37,-173.54047812423886,111.47156268370227,98.19,-54.83387972199473,-171.46353075904136,,,,No,Favoured,Favoured,Favoured
329,foldkarsnp0011235611wildtype29082026model0,A,TYR,331,-67,-39,175.45453421285833,111.90975827920883,98.46,-70.51990801788278,-73.71916574368866,,,,No,Favoured,Favoured,Favoured
330,foldkarsnp0011235611wildtype29082026model0,A,HIS,332,-61,-47,177.15800110926085,111.21019216762507,98.87,-71.08614517186624,-157.5174163755801,,,,No,Favoured,Favoured,Favoured
331,foldkarsnp0011235611wildtype29082026model0,A,LYS,333,-60,-38,176.40358131447218,112.14741394702635,98.82,-70.29408592868113,-168.0949468621335,-74.18077589503082,-157.29552122893082,,No,Favoured,Favoured,Favoured
332,foldkarsnp0011235611wildtype29082026model0,A,MET,334,-63,-33,173.18994735460552,112.7934013817349,98.8,-72.29907488317225,-172.59749717835572,-72.2016342310683,,,No,Favoured,Favoured,Favoured
333,foldkarsnp0011235611wildtype29082026model0,A,LEU,335,-69,-35,173.66059389718245,112.1320164031061,98.86,-67.2087330227632,174.20822131899786,,,,No,Favoured,Favoured,Favoured
334,foldkarsnp0011235611wildtype29082026model0,A,VAL,336,-67,-38,172.89730537745118,111.54380780853425,98.89,-177.8670192102205,,,,,No,Favoured,Favoured,Favoured
335,foldkarsnp0011235611wildtype29082026model0,A,VAL,337,-55,-40,166.89110669972538,110.69434266657483,98.77,171.24049498634122,,,,,No,Favoured,Favoured,Favoured
336,foldkarsnp0011235611wildtype29082026model0,A,GLY,338,-68,-3,176.68692930827382,115.19623113325451,98.5,,,,,,No,Favoured,Favoured,Favoured
337,foldkarsnp0011235611wildtype29082026model0,A,GLY,339,91,15,176.55159100235716,115.13696058083865,98.31,,,,,,No,Favoured,Favoured,Favoured
338,foldkarsnp0011235611wildtype29082026model0,A,ILE,340,-91,90,169.22417400981973,107.7646170841159,98.7,-48.245042839762974,179.91056191643827,,,,No,Favoured,Favoured,Favoured
339,foldkarsnp0011235611wildtype29082026model0,A,ASP,341,-58,-26,-169.70377759807653,114.88984377815144,98.82,-72.72724289424573,-15.216415566868934,,,,No,Favoured,Favoured,Favoured
340,foldkarsnp0011235611wildtype29082026model0,A,ARG,342,-137,110,-177.90665262479746,110.80797970357604,98.92,-59.40087921146051,-175.56905190207905,-174.75459140074682,-173.06216693361836,-0.6510909582104264,No,Favoured,Favoured,Favoured
341,foldkarsnp0011235611wildtype29082026model0,A,VAL,343,-125,147,178.020410076185,110.76405880871305,98.93,-63.88643801780788,,,,,No,Favoured,Favoured,Favoured
342,foldkarsnp0011235611wildtype29082026model0,A,TYR,344,-142,155,167.52969058269505,112.09932746937695,98.83,80.36185904847918,-80.5581570412967,,,,No,Favoured,Favoured,Favoured
343,foldkarsnp0011235611wildtype29082026model0,A,GLU,345,-139,128,174.294242148305,109.88400304040155,98.86,-175.2080444550431,176.9239137811658,170.6724395786863,,,No,Favoured,Favoured,Favoured
344,foldkarsnp0011235611wildtype29082026model0,A,ILE,346,-103,100,167.22385547186585,107.32217936572712,98.85,-57.23818574356032,178.742071743025,,,,No,Favoured,Favoured,Favoured
345,foldkarsnp0011235611wildtype29082026model0,A,GLY,347,-142,168,-168.01678509045647,114.3489910958786,98.47,,,,,,No,Favoured,Favoured,Favoured
346,foldkarsnp0011235611wildtype29082026model0,A,ARG,348,-81,137,176.65245368408011,111.05084449746347,98.69,-161.85742505878233,62.57628548957949,55.780302415635745,91.41292078501962,2.372719981273375,No,Favoured,Favoured,Favoured
347,foldkarsnp0011235611wildtype29082026model0,A,GLN,349,-114,155,169.420448307538,109.2507882915968,97.49,-44.72289475719169,-50.119218120183376,-23.183624280296453,,,No,Favoured,Favoured,Favoured
348,foldkarsnp0011235611wildtype29082026model0,A,PHE,350,-131,123,-173.42748265393928,110.14388448801057,96.58,-53.28594599842873,-90.03382806441714,,,,No,Favoured,Favoured,Favoured
349,foldkarsnp0011235611wildtype29082026model0,A,ARG,351,-130,124,178.55939511521373,110.31020008716018,94.46,-64.13892147342327,-173.4726116628292,-176.95445871590556,-179.05475254394528,0.7755154112069135,No,Favoured,Favoured,Favoured
350,foldkarsnp0011235611wildtype29082026model0,A,ASN,352,-83,63,-178.12953746874257,110.93934919160502,93.73,-168.7209346058329,6.570488557918232,,,,No,Favoured,Favoured,Favoured
351,foldkarsnp0011235611wildtype29082026model0,A,GLU,353,-126,174,-171.04943134230092,111.18764272982573,91.81,-68.56517922957111,165.68690152123276,-157.33066590772958,,,No,Favoured,Favoured,Favoured
352,foldkarsnp0011235611wildtype29082026model0,A,GLY,354,-63,150,178.8717113865772,113.28460282384296,89.63,,,,,,No,Favoured,Favoured,Favoured
353,foldkarsnp0011235611wildtype29082026model0,A,ILE,355,-95,125,173.6650597416175,108.56624020269683,91.43,-56.93781706039903,170.54192322217642,,,,No,Favoured,Favoured,Favoured
354,foldkarsnp0011235611wildtype29082026model0,A,ASP,356,-139,-155,175.7717315399704,112.20469499883187,92.7,67.395973837896,30.65466392981444,,,,No,Allowed,Allowed,Allowed
355,foldkarsnp0011235611wildtype29082026model0,A,LEU,357,-72,-19,-179.9159339145941,113.27309881327474,91.67,-66.29303335378395,179.02414677041986,,,,No,Favoured,Favoured,Favoured
356,foldkarsnp0011235611wildtype29082026model0,A,THR,358,-128,-5,-173.13943316997046,113.78273613536614,92.71,51.47150596842557,,,,,No,Favoured,Favoured,Favoured
357,foldkarsnp0011235611wildtype29082026model0,A,HIS,359,-121,131,-179.3590905419717,111.75544747935885,94.15,-57.824627783692826,98.59019088326491,,,,No,Favoured,Favoured,Favoured
358,foldkarsnp0011235611wildtype29082026model0,A,ASN,360,-128,141,170.21209300107432,107.26470933348132,96.25,-170.02305479757035,82.46454431565704,,,,No,Favoured,Favoured,Favoured
359,foldkarsnp0011235611wildtype29082026model0,A,PRO,361,-60,-23,-173.1615177065349,114.97776148371644,96.88,-25.475520744956,35.0369874567511,,,,No,Favoured,Favoured,Favoured
360,foldkarsnp0011235611wildtype29082026model0,A,GLU,362,-123,131,166.4441422027882,109.1976965128927,98.07,59.566284096017576,173.38635088946398,119.62145366258343,,,No,Favoured,Favoured,Favoured
361,foldkarsnp0011235611wildtype29082026model0,A,PHE,363,-145,163,-177.27750693822907,110.56551139844416,97.65,62.79977205689631,-82.85434777625501,,,,No,Favoured,Favoured,Favoured
362,foldkarsnp0011235611wildtype29082026model0,A,THR,364,-105,127,-175.31608540177032,110.3064627517368,98.4,-53.20677870469841,,,,,No,Favoured,Favoured,Favoured
363,foldkarsnp0011235611wildtype29082026model0,A,THR,365,-114,156,168.4656483647824,110.58512538537558,98.28,61.01064827118228,,,,,No,Favoured,Favoured,Favoured
364,foldkarsnp0011235611wildtype29082026model0,A,CYS,366,-104,125,154.54112460058357,107.21699007189778,98.86,-179.77764429244235,,,,,No,Favoured,Favoured,Favoured
365,foldkarsnp0011235611wildtype29082026model0,A,GLU,367,-117,138,167.28055076734185,109.5850059723423,98.7,-68.87723484607982,-174.48301763602814,-146.67744980710847,,,No,Favoured,Favoured,Favoured
366,foldkarsnp0011235611wildtype29082026model0,A,PHE,368,-135,151,170.77659485706104,111.5140282832687,98.88,73.80726033103737,-107.0440809492568,,,,No,Favoured,Favoured,Favoured
367,foldkarsnp0011235611wildtype29082026model0,A,TYR,369,-130,131,178.8185742477083,108.97747237321043,98.99,-68.4451806064827,-99.10741931133198,,,,No,Favoured,Favoured,Favoured
368,foldkarsnp0011235611wildtype29082026model0,A,MET,370,-126,110,-174.85852154867246,110.44756650754952,98.93,-178.86629524561977,168.29960680950836,169.3408842839388,,,No,Favoured,Favoured,Favoured
369,foldkarsnp0011235611wildtype29082026model0,A,ALA,371,-62,146,172.63206864438905,110.76147476092912,98.89,,,,,,No,Favoured,Favoured,Favoured
370,foldkarsnp0011235611wildtype29082026model0,A,TYR,372,64,13,178.96015584291297,115.19271657352323,98.85,-38.595167519651646,-67.15188899227496,,,,No,Favoured,Favoured,Favoured
371,foldkarsnp0011235611wildtype29082026model0,A,ALA,373,-102,159,169.98396549672265,111.15328490671105,98.86,,,,,,No,Favoured,Favoured,Favoured
372,foldkarsnp0011235611wildtype29082026model0,A,ASP,374,-120,179,164.9670094311999,111.48580206950379,98.81,73.87390705170998,22.19830415153738,,,,No,Favoured,Favoured,Favoured
373,foldkarsnp0011235611wildtype29082026model0,A,TYR,375,-66,-19,-177.16330622206613,113.7022026041812,98.89,81.49421828098784,-50.487113706440425,,,,No,Favoured,Favoured,Favoured
374,foldkarsnp0011235611wildtype29082026model0,A,HIS,376,-70,-43,172.9027349305973,111.43797604112956,98.86,-67.21142522879397,-65.74549477288568,,,,No,Favoured,Favoured,Favoured
375,foldkarsnp0011235611wildtype29082026model0,A,ASP,377,-57,-42,172.02822052042515,110.73454035647146,98.87,-61.70937988564142,-54.50635227058434,,,,No,Favoured,Favoured,Favoured
376,foldkarsnp0011235611wildtype29082026model0,A,LEU,378,-68,-31,179.0513952501194,113.29714558343379,98.98,-62.238724670127304,-162.06462216768887,,,,No,Favoured,Favoured,Favoured
377,foldkarsnp0011235611wildtype29082026model0,A,MET,379,-60,-45,171.10855547385214,111.12389909965269,98.93,-74.31291869542203,-174.33382632569692,-131.10742684878988,,,No,Favoured,Favoured,Favoured
378,foldkarsnp0011235611wildtype29082026model0,A,GLU,380,-65,-42,177.7110771348557,112.67319486771217,98.71,-66.38951369334788,-168.70488725260043,-169.08952391822038,,,No,Favoured,Favoured,Favoured
379,foldkarsnp0011235611wildtype29082026model0,A,ILE,381,-60,-43,175.01732545503157,110.32689176616702,98.84,-71.14824253296241,170.20343322623012,,,,No,Favoured,Favoured,Favoured
380,foldkarsnp0011235611wildtype29082026model0,A,THR,382,-62,-46,178.63349394661336,111.47416981502745,98.87,-58.52781364266709,,,,,No,Favoured,Favoured,Favoured
381,foldkarsnp0011235611wildtype29082026model0,A,GLU,383,-56,-49,175.3501854770381,111.28103984629658,98.81,-76.09841994901659,172.3727807395489,175.70758031157064,,,No,Favoured,Favoured,Favoured
382,foldkarsnp0011235611wildtype29082026model0,A,LYS,384,-63,-48,179.50867553019674,111.81081435817929,98.88,-71.25409112037856,167.16240758455385,-172.4169136027813,160.48943054716742,,No,Favoured,Favoured,Favoured
383,foldkarsnp0011235611wildtype29082026model0,A,MET,385,-63,-53,-178.7128342347247,111.23074871909454,98.81,-175.56990784944375,-169.1645281599666,-67.08621564496566,,,No,Favoured,Favoured,Favoured
384,foldkarsnp0011235611wildtype29082026model0,A,VAL,386,-69,-48,-173.29080010327897,110.94530582851573,98.8,176.0719922598452,,,,,No,Favoured,Favoured,Favoured
385,foldkarsnp0011235611wildtype29082026model0,A,SER,387,-62,-43,178.68981553283086,112.16712612307097,98.83,66.48500108162959,,,,,No,Favoured,Favoured,Favoured
386,foldkarsnp0011235611wildtype29082026model0,A,GLY,388,-63,-42,177.27852851918698,112.39034471761357,98.77,,,,,,No,Favoured,Favoured,Favoured
387,foldkarsnp0011235611wildtype29082026model0,A,MET,389,-60,-48,176.19351420457212,111.83534851510345,98.83,176.74357875097837,175.54488032790985,58.935245402115825,,,No,Favoured,Favoured,Favoured
388,foldkarsnp0011235611wildtype29082026model0,A,VAL,390,-58,-50,178.49577261024024,110.0450727681878,98.64,173.11438705800742,,,,,No,Favoured,Favoured,Favoured
389,foldkarsnp0011235611wildtype29082026model0,A,LYS,391,-62,-41,178.93880099042215,112.60562603446292,98.65,-173.71470578109773,-179.96331304464346,-174.38513250972792,173.5930021936548,,No,Favoured,Favoured,Favoured
390,foldkarsnp0011235611wildtype29082026model0,A,HIS,392,-63,-41,179.2814356821906,112.29371678844234,98.7,178.56821179616665,81.42831370441122,,,,No,Favoured,Favoured,Favoured
391,foldkarsnp0011235611wildtype29082026model0,A,ILE,393,-81,-40,-175.15246682992785,112.24390536412045,98.56,-66.93522509716121,173.92174112372328,,,,No,Favoured,Favoured,Favoured
392,foldkarsnp0011235611wildtype29082026model0,A,THR,394,-103,-14,-171.74562716590435,113.70291299943537,97.77,72.07350049986371,,,,,No,Favoured,Favoured,Favoured
393,foldkarsnp0011235611wildtype29082026model0,A,GLY,395,81,-3,-172.98417434078814,114.88827524448813,97.74,,,,,,No,Favoured,Favoured,Favoured
394,foldkarsnp0011235611wildtype29082026model0,A,SER,396,-139,160,-177.13417167970587,111.2603224062367,97.3,-176.65786984090062,,,,,No,Favoured,Favoured,Favoured
395,foldkarsnp0011235611wildtype29082026model0,A,TYR,397,-81,-12,165.77817796206102,112.6229885778193,98.25,-66.68635096635523,-66.62498482902903,,,,No,Favoured,Favoured,Favoured
396,foldkarsnp0011235611wildtype29082026model0,A,LYS,398,-102,131,-177.88533980962055,110.639260690073,97.75,-63.614397521600786,-172.94692267389908,176.2660931963879,-170.35596525818184,,No,Favoured,Favoured,Favoured
397,foldkarsnp0011235611wildtype29082026model0,A,VAL,399,-129,128,178.4108135896843,108.41121250859177,97.29,178.79545268573938,,,,,No,Favoured,Favoured,Favoured
398,foldkarsnp0011235611wildtype29082026model0,A,THR,400,-84,132,171.02626289242122,109.61881044882236,95.45,-53.66916988690614,,,,,No,Favoured,Favoured,Favoured
399,foldkarsnp0011235611wildtype29082026model0,A,TYR,401,-133,139,-178.54399464962324,111.41380287184205,91.88,-176.50967125406527,-107.70888257550949,,,,No,Favoured,Favoured,Favoured
400,foldkarsnp0011235611wildtype29082026model0,A,HIS,402,-116,90,-179.3000681255869,110.34405888998947,92.84,-57.44764361528709,84.9712715335126,,,,No,Favoured,Favoured,Favoured
401,foldkarsnp0011235611wildtype29082026model0,A,PRO,403,-61,-29,-176.64615648332932,113.03046128276509,90.36,23.732250651798136,-33.813887882680724,,,,No,Favoured,Favoured,Favoured
402,foldkarsnp0011235611wildtype29082026model0,A,ASP,404,-100,13,-178.94742302496607,113.03421099216234,91.45,-56.73725329626156,-51.006672339255324,,,,No,Favoured,Favoured,Favoured
403,foldkarsnp0011235611wildtype29082026model0,A,GLY,405,91,175,-178.4895681008014,113.7625255082386,89.52,,,,,,No,Favoured,Favoured,Favoured
404,foldkarsnp0011235611wildtype29082026model0,A,PRO,406,-60,-22,-168.07165259538618,115.54059816835415,92.18,-25.704944385916257,34.547535100011224,,,,No,Favoured,Favoured,Favoured
405,foldkarsnp0011235611wildtype29082026model0,A,GLU,407,-93,-6,178.47332463355662,112.6428833882097,93.62,-61.327702958000216,-178.89286691815536,179.27725459132077,,,No,Favoured,Favoured,Favoured
406,foldkarsnp0011235611wildtype29082026model0,A,GLY,408,-83,-172,179.33446206955776,113.17438068299946,93.28,,,,,,No,Favoured,Favoured,Favoured
407,foldkarsnp0011235611wildtype29082026model0,A,GLN,409,-65,129,177.44054103745498,110.77978406829024,94.21,-177.2673505650855,174.78156500571865,-3.383817957174105,,,No,Favoured,Favoured,Favoured
408,foldkarsnp0011235611wildtype29082026model0,A,ALA,410,-83,139,170.26082200012561,110.93334327509987,95.43,,,,,,No,Favoured,Favoured,Favoured
409,foldkarsnp0011235611wildtype29082026model0,A,TYR,411,-121,129,172.431993316178,109.67012246652861,94.6,-67.61424827559699,-98.19032320078325,,,,No,Favoured,Favoured,Favoured
410,foldkarsnp0011235611wildtype29082026model0,A,ASP,412,-88,109,169.3684740322248,109.18605863003644,96.08,-71.10017631825356,-29.53889852847876,,,,No,Favoured,Favoured,Favoured
411,foldkarsnp0011235611wildtype29082026model0,A,VAL,413,-93,122,178.55428544331247,108.59420583176077,96.87,-172.02353641709618,,,,,No,Favoured,Favoured,Favoured
412,foldkarsnp0011235611wildtype29082026model0,A,ASP,414,-104,109,-179.62136108742138,111.1120354380448,98.06,-164.3093398339926,-16.526151201276914,,,,No,Favoured,Favoured,Favoured
413,foldkarsnp0011235611wildtype29082026model0,A,PHE,415,-88,14,178.14208101166017,113.0598981341741,98.3,-69.07326752116631,-95.37405918973872,,,,No,Favoured,Favoured,Favoured
414,foldkarsnp0011235611wildtype29082026model0,A,THR,416,-66,121,174.95406496164696,110.09797416162654,98.56,-52.627218780551104,,,,,No,Favoured,Favoured,Favoured
415,foldkarsnp0011235611wildtype29082026model0,A,PRO,417,-74,157,176.77554020986952,111.24886955436573,98.56,32.00832967585608,-35.283272506326476,,,,No,Favoured,Favoured,Favoured
416,foldkarsnp0011235611wildtype29082026model0,A,PRO,418,-75,149,-0.371411705759108,112.42975254114027,98.53,31.603200024971045,-35.070047936413445,,,,No,Favoured,Favoured,Favoured
417,foldkarsnp0011235611wildtype29082026model0,A,PHE,419,-76,152,175.25184866736654,111.49150729563023,98.61,-59.35235549511188,-19.423116734061924,,,,No,Favoured,Favoured,Favoured
418,foldkarsnp0011235611wildtype29082026model0,A,ARG,420,-59,139,175.08983229894065,109.20171312951433,98.05,178.8738789967684,-178.1207956324822,171.61028590811625,-141.70353902140616,-1.193886026926503,No,Favoured,Favoured,Favoured
419,foldkarsnp0011235611wildtype29082026model0,A,ARG,421,-122,132,174.70055186020505,109.79247275370139,98.35,-53.3497107390862,-175.37706595222193,-174.22295350314567,-173.29638721510753,-0.31308273479527327,No,Favoured,Favoured,Favoured
420,foldkarsnp0011235611wildtype29082026model0,A,ILE,422,-132,144,173.2362218412058,109.58911119635553,97.4,62.93561589646896,175.31924650321807,,,,No,Favoured,Favoured,Favoured
421,foldkarsnp0011235611wildtype29082026model0,A,ASN,423,-84,131,169.9824536035864,109.0041436774059,98.36,174.67927025549622,-82.85013916676093,,,,No,Favoured,Favoured,Favoured
422,foldkarsnp0011235611wildtype29082026model0,A,MET,424,-55,-56,-174.2160530642252,112.54564974289474,98.31,-179.7875130815035,-177.75962042602387,-78.5476339918197,,,No,Favoured,Favoured,Favoured
423,foldkarsnp0011235611wildtype29082026model0,A,VAL,425,-69,-46,-172.21906031160663,110.70807054628295,98.17,179.92653207943914,,,,,No,Favoured,Favoured,Favoured
424,foldkarsnp0011235611wildtype29082026model0,A,GLU,426,-62,-40,-179.48344447798044,112.27642329225033,97.8,-66.93027642689592,172.06835209309,-158.46735269550078,,,No,Favoured,Favoured,Favoured
425,foldkarsnp0011235611wildtype29082026model0,A,GLU,427,-75,-32,179.31536703876174,111.82096599679966,97.86,-158.73074310987337,68.58512849489125,-164.87717058085312,,,No,Favoured,Favoured,Favoured
426,foldkarsnp0011235611wildtype29082026model0,A,LEU,428,-64,-43,173.35575043715238,111.28425343229529,97.75,-175.93664618498443,59.621951154179015,,,,No,Favoured,Favoured,Favoured
427,foldkarsnp0011235611wildtype29082026model0,A,GLU,429,-56,-44,173.3885068944982,112.09484036529271,97.76,-72.9099197469578,-172.87419121680497,137.79229692226204,,,No,Favoured,Favoured,Favoured
428,foldkarsnp0011235611wildtype29082026model0,A,LYS,430,-62,-45,177.06993704999852,111.39875204648176,97.82,-69.48998798910583,171.6925793138121,-157.8763419856723,160.0356314620662,,No,Favoured,Favoured,Favoured
429,foldkarsnp0011235611wildtype29082026model0,A,ALA,431,-66,-35,-179.41506964329668,112.45150764704952,97.13,,,,,,No,Favoured,Favoured,Favoured
430,foldkarsnp0011235611wildtype29082026model0,A,LEU,432,-75,-24,175.4802693029838,112.99519205035277,96.72,-68.41330313162437,173.79931771723656,,,,No,Favoured,Favoured,Favoured
431,foldkarsnp0011235611wildtype29082026model0,A,GLY,433,70,26,-173.6054568230879,113.36718909723615,96.96,,,,,,No,Favoured,Favoured,Favoured
432,foldkarsnp0011235611wildtype29082026model0,A,MET,434,-148,157,-178.82760152151693,111.51541202488525,97.02,66.32812076016351,-174.893205914319,-65.44168171039719,,,No,Favoured,Favoured,Favoured
433,foldkarsnp0011235611wildtype29082026model0,A,LYS,435,-80,136,172.45421477419404,110.37069156893595,97.6,-75.11768277187285,-61.87328472420173,-170.21343883835138,178.48665431844572,,No,Favoured,Favoured,Favoured
434,foldkarsnp0011235611wildtype29082026model0,A,LEU,436,-87,164,167.35001775178364,109.59815192849933,97.38,-63.320571896808126,179.9446628045316,,,,No,Favoured,Favoured,Favoured
435,foldkarsnp0011235611wildtype29082026model0,A,PRO,437,-53,154,169.1748053284158,111.80384620476615,97.41,-25.736078692741092,36.13774093180715,,,,No,Favoured,Favoured,Favoured
436,foldkarsnp0011235611wildtype29082026model0,A,GLU,438,-55,142,172.4545702995893,110.932678840082,97.77,-65.46157219290812,-61.039648974104274,150.32840854381217,,,No,Favoured,Favoured,Favoured
437,foldkarsnp0011235611wildtype29082026model0,A,THR,439,-62,-26,-168.61571493357323,113.80139082815438,97.54,52.9841110817735,,,,,No,Favoured,Favoured,Favoured
438,foldkarsnp0011235611wildtype29082026model0,A,ASN,440,-71,-6,173.90283801433088,113.99741686402702,97.59,67.97127873783343,-12.631809009022687,,,,No,Favoured,Favoured,Favoured
439,foldkarsnp0011235611wildtype29082026model0,A,LEU,441,-101,3,176.4569210433369,112.90272552033143,97.52,-58.05437110668899,177.47287544230764,,,,No,Favoured,Favoured,Favoured
440,foldkarsnp0011235611wildtype29082026model0,A,PHE,442,-67,-17,-172.21323652403555,113.91032184381845,97.32,-85.11035483549335,33.31950519976044,,,,No,Favoured,Favoured,Favoured
441,foldkarsnp0011235611wildtype29082026model0,A,GLU,443,-82,-7,174.6409358638555,112.92504213756027,95.51,-63.251777657829955,179.1828042468926,-178.47649185929464,,,No,Favoured,Favoured,Favoured
442,foldkarsnp0011235611wildtype29082026model0,A,THR,444,-80,147,-176.36790557235298,112.40624344958673,96.21,68.98393968936114,,,,,No,Favoured,Favoured,Favoured
443,foldkarsnp0011235611wildtype29082026model0,A,GLU,445,-64,-26,173.33544769303185,112.51932873840616,96.36,175.7224681793024,56.79941826595361,-161.82294259224162,,,No,Favoured,Favoured,Favoured
444,foldkarsnp0011235611wildtype29082026model0,A,GLU,446,-64,-48,173.40359939130715,111.09149597120313,97.13,-175.86100896618723,173.02779946987417,-174.49770297007467,,,No,Favoured,Favoured,Favoured
445,foldkarsnp0011235611wildtype29082026model0,A,THR,447,-60,-41,175.10274468034342,111.71073886717878,97.42,-63.277878037421196,,,,,No,Favoured,Favoured,Favoured
446,foldkarsnp0011235611wildtype29082026model0,A,ARG,448,-57,-43,175.73758006817408,112.03309056366064,96.78,-167.7518435553889,-146.08086750790173,63.75868511629636,74.82191084784586,1.2107771072659494,No,Favoured,Favoured,Favoured
447,foldkarsnp0011235611wildtype29082026model0,A,LYS,449,-65,-45,176.7141753457898,111.93453205067999,97.68,-73.57288290823487,172.95937575335367,-177.32700711007305,171.86631297457285,,No,Favoured,Favoured,Favoured
448,foldkarsnp0011235611wildtype29082026model0,A,ILE,450,-57,-46,176.54441000052546,110.57320028571398,97.52,-69.06124197395127,165.61514369971277,,,,No,Favoured,Favoured,Favoured
449,foldkarsnp0011235611wildtype29082026model0,A,LEU,451,-66,-36,178.01291351837168,112.49647600473969,97.42,-68.00164534869806,170.445374645589,,,,No,Favoured,Favoured,Favoured
450,foldkarsnp0011235611wildtype29082026model0,A,ASP,452,-62,-48,174.61019531383428,111.38120258989245,97.78,-164.83609822736574,30.388412873119062,,,,No,Favoured,Favoured,Favoured
451,foldkarsnp0011235611wildtype29082026model0,A,ASP,453,-61,-40,176.1393918280905,111.40326439037449,97.57,-71.01781890575353,-23.18876762498007,,,,No,Favoured,Favoured,Favoured
452,foldkarsnp0011235611wildtype29082026model0,A,ILE,454,-62,-47,174.8941496395427,110.86028124735536,97.48,-68.44766438870312,165.18806088473923,,,,No,Favoured,Favoured,Favoured
453,foldkarsnp0011235611wildtype29082026model0,A,CYS,455,-57,-44,176.97657275556102,111.7579042868571,97.35,-78.3997506481868,,,,,No,Favoured,Favoured,Favoured
454,foldkarsnp0011235611wildtype29082026model0,A,VAL,456,-62,-48,175.8798095115328,111.25364066175436,97.37,173.73760053225615,,,,,No,Favoured,Favoured,Favoured
455,foldkarsnp0011235611wildtype29082026model0,A,ALA,457,-63,-31,-178.6929166355785,113.26739805626057,97.05,,,,,,No,Favoured,Favoured,Favoured
456,foldkarsnp0011235611wildtype29082026model0,A,LYS,458,-94,3,178.39335753726755,113.77764722750933,96.74,-61.18946738938665,-66.6909491356872,-174.7544430872746,171.74017392347164,,No,Favoured,Favoured,Favoured
457,foldkarsnp0011235611wildtype29082026model0,A,ALA,459,56,34,-176.39417824119622,114.13791834362202,97.01,,,,,,No,Favoured,Favoured,Favoured
458,foldkarsnp0011235611wildtype29082026model0,A,VAL,460,-88,114,175.70144993644774,109.36983847248159,96.59,179.63321927314394,,,,,No,Favoured,Favoured,Favoured
459,foldkarsnp0011235611wildtype29082026model0,A,GLU,461,-74,131,-179.59096013478674,111.3932852988953,96.74,-169.40575044789648,177.62547449093188,176.2679252308146,,,No,Favoured,Favoured,Favoured
460,foldkarsnp0011235611wildtype29082026model0,A,CYS,462,-135,109,170.64157690431313,108.59290201401804,95.09,-179.59307590094738,,,,,No,Favoured,Favoured,Favoured
461,foldkarsnp0011235611wildtype29082026model0,A,PRO,463,-61,153,174.63710600353537,111.789840390369,94.59,-23.093723420834475,33.95951708129163,,,,No,Favoured,Favoured,Favoured
462,foldkarsnp0011235611wildtype29082026model0,A,PRO,464,-58,149,173.39259505974445,112.86473329294896,93.81,-23.111317959177622,33.81197336311385,,,,No,Favoured,Favoured,Favoured
463,foldkarsnp0011235611wildtype29082026model0,A,PRO,465,-76,135,-5.73901514924486,112.27188031464226,93.16,31.463468645997754,-34.14322272442921,,,,No,Favoured,Favoured,Favoured
464,foldkarsnp0011235611wildtype29082026model0,A,ARG,466,-84,65,-178.56786487342106,110.82500361501978,94.97,-63.15267856833518,175.27592963449368,68.26406723671569,86.96719421772485,-2.860105080506477,No,Favoured,Favoured,Favoured
465,foldkarsnp0011235611wildtype29082026model0,A,THR,467,-77,158,178.44245452776798,110.755601111287,93.93,64.9696544201731,,,,,No,Favoured,Favoured,Favoured
466,foldkarsnp0011235611wildtype29082026model0,A,THR,468,-51,-46,175.35702081444722,112.28780747002321,94.9,-55.63245522296309,,,,,No,Favoured,Favoured,Favoured
467,foldkarsnp0011235611wildtype29082026model0,A,ALA,469,-60,-47,179.3720271639734,112.32102739961698,93.99,,,,,,No,Favoured,Favoured,Favoured
468,foldkarsnp0011235611wildtype29082026model0,A,ARG,470,-69,-36,-179.43840575947993,112.6516010738332,94.25,-67.0893321416907,173.03924658123262,69.41523150556017,103.39780500046236,2.907819956570243,No,Favoured,Favoured,Favoured
469,foldkarsnp0011235611wildtype29082026model0,A,LEU,471,-65,-45,175.33741523651702,111.12181896778785,95.78,-69.89241583297655,165.34006501517132,,,,No,Favoured,Favoured,Favoured
470,foldkarsnp0011235611wildtype29082026model0,A,LEU,472,-61,-47,174.36443544734286,111.3298043557236,96.21,-76.75320234209288,170.86904724327277,,,,No,Favoured,Favoured,Favoured
471,foldkarsnp0011235611wildtype29082026model0,A,ASP,473,-52,-46,176.78043470891663,111.4303154739018,96.12,175.70968561181115,77.08406388853574,,,,No,Favoured,Favoured,Favoured
472,foldkarsnp0011235611wildtype29082026model0,A,LYS,474,-66,-39,178.13548604918094,113.3650989109587,96.37,-65.40398690104722,-56.96943914300227,169.5677549786306,-143.3453179028114,,No,Favoured,Favoured,Favoured
473,foldkarsnp0011235611wildtype29082026model0,A,LEU,475,-66,-42,175.6959252475358,111.41057900757775,96.68,-70.55728825109222,169.29381384136576,,,,No,Favoured,Favoured,Favoured
474,foldkarsnp0011235611wildtype29082026model0,A,VAL,476,-62,-45,176.10958523797458,110.82741104900603,96.67,170.96018758585387,,,,,No,Favoured,Favoured,Favoured
475,foldkarsnp0011235611wildtype29082026model0,A,GLY,477,-57,-45,175.28870655368678,113.22464567519042,94.72,,,,,,No,Favoured,Favoured,Favoured
476,foldkarsnp0011235611wildtype29082026model0,A,GLU,478,-72,-40,-177.97916177502537,112.91272266893024,95.84,-175.4021463004931,62.76067153599071,-155.79957432764397,,,No,Favoured,Favoured,Favoured
477,foldkarsnp0011235611wildtype29082026model0,A,PHE,479,-105,-28,-168.65588150744898,114.61963949807509,96.66,-69.15348044132315,-76.62378120806876,,,,No,Favoured,Favoured,Favoured
478,foldkarsnp0011235611wildtype29082026model0,A,LEU,480,-108,-53,-173.53767726972868,112.91242124432515,96.16,-55.56117704746381,-169.7204782792207,,,,No,Favoured,Favoured,Favoured
479,foldkarsnp0011235611wildtype29082026model0,A,GLU,481,-58,-36,-174.2127101673821,111.74905914333603,94.77,-61.646699224813176,-179.09818395881268,-166.29594562037175,,,No,Favoured,Favoured,Favoured
480,foldkarsnp0011235611wildtype29082026model0,A,VAL,482,-60,-20,177.5988412709845,114.0037757156265,93.17,-63.44582117085334,,,,,No,Favoured,Favoured,Favoured
481,foldkarsnp0011235611wildtype29082026model0,A,THR,483,-89,-10,177.75823296257872,113.06233114778958,92.41,76.55485558116256,,,,,No,Favoured,Favoured,Favoured
482,foldkarsnp0011235611wildtype29082026model0,A,CYS,484,-89,69,-174.23963034814187,111.25458798581943,95.01,-58.01467826363054,,,,,No,Favoured,Favoured,Favoured
483,foldkarsnp0011235611wildtype29082026model0,A,ILE,485,-76,-61,175.52437877662183,110.41465318649813,94.87,-56.39553034160145,-56.179790851127,,,,No,Favoured,Favoured,Favoured
484,foldkarsnp0011235611wildtype29082026model0,A,ASN,486,-72,158,169.84277889693277,110.01565332550256,97.03,-70.8422673783756,-25.87777982053232,,,,No,Favoured,Favoured,Favoured
485,foldkarsnp0011235611wildtype29082026model0,A,PRO,487,-49,119,176.4985016122572,111.5152417912971,98.27,-26.714827967852315,34.073917473608766,,,,No,Favoured,Favoured,Favoured
486,foldkarsnp0011235611wildtype29082026model0,A,THR,488,-136,125,-175.05434841109567,109.51891573623656,98.4,-60.055621276269385,,,,,No,Favoured,Favoured,Favoured
487,foldkarsnp0011235611wildtype29082026model0,A,PHE,489,-82,121,169.2842137873194,109.87588798964055,98.43,-62.55373135181252,-67.93201582151949,,,,No,Favoured,Favoured,Favoured
488,foldkarsnp0011235611wildtype29082026model0,A,ILE,490,-92,118,162.93400414692732,106.27129082068053,98.42,-56.681863173641055,-176.4698689500444,,,,No,Favoured,Favoured,Favoured
489,foldkarsnp0011235611wildtype29082026model0,A,CYS,491,-115,164,-169.02284196678474,112.94166902385136,98.62,-56.892283255874716,,,,,No,Favoured,Favoured,Favoured
490,foldkarsnp0011235611wildtype29082026model0,A,ASP,492,61,53,168.112397705919,113.16815898980981,98.7,-51.278203073708006,-26.445519128505918,,,,No,Favoured,Favoured,Favoured
491,foldkarsnp0011235611wildtype29082026model0,A,HIS,493,-63,146,179.39063858459713,111.0754482180608,98.48,-64.10802826268056,59.923040125939444,,,,No,Favoured,Favoured,Favoured
492,foldkarsnp0011235611wildtype29082026model0,A,PRO,494,-56,145,171.1174149773485,113.3009281288924,98.18,-27.98558948980825,37.16408826662483,,,,No,Favoured,Favoured,Favoured
493,foldkarsnp0011235611wildtype29082026model0,A,GLN,495,-56,-37,178.54635040824618,112.10435206729719,97.73,-176.0179070404225,72.93193829094486,78.23905632824871,,,No,Favoured,Favoured,Favoured
494,foldkarsnp0011235611wildtype29082026model0,A,ILE,496,-62,-19,-179.79913741628005,113.4511722765178,96.67,-162.72561358793598,162.20794630617942,,,,No,Favoured,Favoured,Favoured
495,foldkarsnp0011235611wildtype29082026model0,A,MET,497,-96,-5,173.9528973043721,112.60363182030845,96.66,-60.28277187542613,177.44508574341378,72.76741179110921,,,No,Favoured,Favoured,Favoured
496,foldkarsnp0011235611wildtype29082026model0,A,SER,498,-139,63,-162.59071094849938,112.1683329047461,97.12,-49.97883611768123,,,,,No,Favoured,Favoured,Allowed
497,foldkarsnp0011235611wildtype29082026model0,A,PRO,499,-69,-9,-169.27376274506412,114.6730797154056,97.57,27.97914907604489,-36.59633736585533,,,,No,Favoured,Favoured,Favoured
498,foldkarsnp0011235611wildtype29082026model0,A,LEU,500,-113,-6,178.9304415280577,112.69201078410676,97.71,-60.36630340763471,175.36088777227704,,,,No,Favoured,Favoured,Favoured
499,foldkarsnp0011235611wildtype29082026model0,A,ALA,501,-88,144,-179.4762359752993,110.88621177595827,98.42,,,,,,No,Favoured,Favoured,Favoured
500,foldkarsnp0011235611wildtype29082026model0,A,LYS,502,-69,143,177.33418129963198,110.873111144147,98.88,-162.47294238675875,165.66387945998474,-174.3916313533586,163.0927968200862,,No,Favoured,Favoured,Favoured
501,foldkarsnp0011235611wildtype29082026model0,A,TRP,503,-56,145,173.58243870664964,111.32883203966327,98.76,63.77691617791572,88.02281592013159,,,,No,Favoured,Favoured,Favoured
502,foldkarsnp0011235611wildtype29082026model0,A,HIS,504,-68,131,178.88966414184003,110.13920386836588,98.78,-171.85661870263476,-70.66256307400961,,,,No,Favoured,Favoured,Favoured
503,foldkarsnp0011235611wildtype29082026model0,A,ARG,505,-62,-17,-173.065823838333,115.88039502847974,98.43,67.516804793081,-171.64185055578983,69.91141956481185,-178.96935421265584,1.0858919181757833,No,Favoured,Favoured,Favoured
504,foldkarsnp0011235611wildtype29082026model0,A,SER,506,-136,-6,-176.289666675476,114.90224516971458,98.16,64.29084571225003,,,,,No,Favoured,Favoured,Favoured
505,foldkarsnp0011235611wildtype29082026model0,A,LYS,507,-123,98,-178.0982835943133,108.87430319444675,98.17,-61.936833976501774,-178.40335166644192,-177.99461995744034,-179.04960952326178,,No,Favoured,Favoured,Favoured
506,foldkarsnp0011235611wildtype29082026model0,A,GLU,508,-60,138,-178.77798450212413,111.25066146532234,98.03,-169.1601440197574,179.19063648961028,-170.1442903848589,,,No,Favoured,Favoured,Favoured
507,foldkarsnp0011235611wildtype29082026model0,A,GLY,509,84,-11,-176.22136878906505,115.55821119160821,98.0,,,,,,No,Favoured,Favoured,Favoured
508,foldkarsnp0011235611wildtype29082026model0,A,LEU,510,-101,171,174.33924977777116,112.44898540180886,98.59,-55.761959341792625,-172.71474776579177,,,,No,Favoured,Favoured,Favoured
509,foldkarsnp0011235611wildtype29082026model0,A,THR,511,-125,158,177.47146622908994,112.22459086754142,98.68,61.539828409974675,,,,,No,Favoured,Favoured,Favoured
510,foldkarsnp0011235611wildtype29082026model0,A,GLU,512,-81,70,171.3672414600117,110.39055214882595,98.7,-65.92100714878593,-170.94754937446473,172.48754207478436,,,No,Favoured,Favoured,Favoured
511,foldkarsnp0011235611wildtype29082026model0,A,ARG,513,-125,146,-178.37756580042569,111.00704465582498,98.79,174.51170036299837,175.47165608055056,173.56195841923403,-154.31392870542075,-2.5143104882812866,No,Favoured,Favoured,Favoured
512,foldkarsnp0011235611wildtype29082026model0,A,PHE,514,-134,154,163.5672686848639,111.45735777694458,98.79,72.60234700290587,-99.82986179073873,,,,No,Favoured,Favoured,Favoured
513,foldkarsnp0011235611wildtype29082026model0,A,GLU,515,-120,137,163.46256726940936,109.16504900734407,98.42,-69.67589560797687,172.63487035231844,151.9726806131399,,,No,Favoured,Favoured,Favoured
514,foldkarsnp0011235611wildtype29082026model0,A,LEU,516,-94,120,173.39762969362505,109.51249415942705,98.42,179.83270316939738,62.763254805054345,,,,No,Favoured,Favoured,Favoured
515,foldkarsnp0011235611wildtype29082026model0,A,PHE,517,-105,139,174.26613438359325,111.19710961494195,97.31,-77.08325138371423,-99.26704811385802,,,,No,Favoured,Favoured,Favoured
516,foldkarsnp0011235611wildtype29082026model0,A,VAL,518,-137,133,170.53714364063663,107.5882839175922,96.26,-179.9603657753848,,,,,No,Favoured,Favoured,Favoured
517,foldkarsnp0011235611wildtype29082026model0,A,MET,519,48,45,-179.1992715887993,113.45224390327455,92.84,-76.43056744820406,-57.66325400551141,-50.67029492908578,,,No,Favoured,Favoured,Favoured
518,foldkarsnp0011235611wildtype29082026model0,A,LYS,520,65,15,178.53584908452396,114.30445666995654,91.7,-40.80917883680311,175.83074964288318,-178.13379797695447,-178.22657046788586,,No,Favoured,Favoured,Favoured
519,foldkarsnp0011235611wildtype29082026model0,A,LYS,521,-126,131,-179.86839562857676,110.53177961970883,92.43,-61.017719875239514,-60.75792582244244,177.73982958222604,-173.54858958925607,,No,Favoured,Favoured,Favoured
520,foldkarsnp0011235611wildtype29082026model0,A,GLU,522,-60,129,171.5137423488083,110.21203261563367,95.57,-177.01902404048485,-140.07477463217205,154.84974872440367,,,No,Favoured,Favoured,Favoured
521,foldkarsnp0011235611wildtype29082026model0,A,ILE,523,-116,-25,172.17657239892222,113.26074061876147,96.4,62.67541835535483,163.96008741038648,,,,No,Favoured,Favoured,Favoured
522,foldkarsnp0011235611wildtype29082026model0,A,CYS,524,-135,150,175.5366475571047,111.42086677829059,98.2,-51.25306917802928,,,,,No,Favoured,Favoured,Favoured
523,foldkarsnp0011235611wildtype29082026model0,A,ASN,525,-132,131,168.06142226278197,107.78044536592247,98.32,175.12671254369243,37.58791242205176,,,,No,Favoured,Favoured,Favoured
524,foldkarsnp0011235611wildtype29082026model0,A,ALA,526,-153,150,-174.76546045358032,112.25396912134875,98.8,,,,,,No,Favoured,Favoured,Favoured
525,foldkarsnp0011235611wildtype29082026model0,A,TYR,527,-157,160,178.10059602712806,112.55254358662332,98.66,34.96598756564586,-92.16227335074696,,,,No,Favoured,Favoured,Favoured
526,foldkarsnp0011235611wildtype29082026model0,A,THR,528,-65,125,158.9351861666999,108.16981087344757,98.87,-57.17159358785892,,,,,No,Favoured,Favoured,Favoured
527,foldkarsnp0011235611wildtype29082026model0,A,GLU,529,-71,134,-172.92522862093486,112.236722086492,98.86,-64.04840802465259,-56.83143114017505,141.54350367025674,,,No,Favoured,Favoured,Favoured
528,foldkarsnp0011235611wildtype29082026model0,A,LEU,530,-69,112,168.61348565470723,109.58279747115404,98.73,179.41867622255012,57.60914100590729,,,,No,Favoured,Favoured,Favoured
529,foldkarsnp0011235611wildtype29082026model0,A,ASN,531,-114,5,-178.66428985147428,114.22457379526865,98.78,69.20838011102963,-28.37482029817517,,,,No,Favoured,Favoured,Favoured
530,foldkarsnp0011235611wildtype29082026model0,A,ASP,532,-84,113,169.63746716432442,109.268376087976,98.67,-179.7222573658792,-22.748975001973402,,,,No,Favoured,Favoured,Favoured
531,foldkarsnp0011235611wildtype29082026model0,A,PRO,533,-65,-30,-176.65246524955995,113.18321141434079,98.51,25.78929721949963,-34.19558200203362,,,,No,Favoured,Favoured,Favoured
532,foldkarsnp0011235611wildtype29082026model0,A,MET,534,-71,-45,-179.7753127678474,110.97911899690622,98.54,-59.7076930305736,-60.2685831400358,163.8784812992914,,,No,Favoured,Favoured,Favoured
533,foldkarsnp0011235611wildtype29082026model0,A,ARG,535,-66,-39,175.66667799513476,111.11330297562846,98.43,-176.59804220564155,57.87569721508476,179.58237274603715,159.54818467683643,2.320226387017571,No,Favoured,Favoured,Favoured
534,foldkarsnp0011235611wildtype29082026model0,A,GLN,536,-62,-43,177.21412120599288,112.00136702980959,98.18,-174.39293296734047,59.772249017206974,78.6342448240998,,,No,Favoured,Favoured,Favoured
535,foldkarsnp0011235611wildtype29082026model0,A,ARG,537,-61,-45,176.68846437354594,111.20703318633804,98.01,-173.51094925501584,175.63249575008578,-72.50137694350313,111.19539759459079,-2.8237461445372736,No,Favoured,Favoured,Favoured
536,foldkarsnp0011235611wildtype29082026model0,A,GLN,538,-55,-47,175.47188059102132,111.80709153142655,97.79,-176.6981166073604,-168.53993404485212,-14.15982703091102,,,No,Favoured,Favoured,Favoured
537,foldkarsnp0011235611wildtype29082026model0,A,LEU,539,-66,-35,179.65194891034025,111.94373404541412,97.18,-68.97782799214555,170.85567323341934,,,,No,Favoured,Favoured,Favoured
538,foldkarsnp0011235611wildtype29082026model0,A,PHE,540,-65,-38,171.28623532934623,112.69993916547881,96.12,-78.07064049358661,-38.06116200918329,,,,No,Favoured,Favoured,Favoured
539,foldkarsnp0011235611wildtype29082026model0,A,GLU,541,-63,-38,174.4493217228299,111.8278869447347,95.94,-70.85627095817875,175.49721240907323,-171.85917909735062,,,No,Favoured,Favoured,Favoured
540,foldkarsnp0011235611wildtype29082026model0,A,GLU,542,-64,-44,174.2162189267526,111.30095532008843,94.44,-71.21509063366221,165.63272663149513,-161.31242656495428,,,No,Favoured,Favoured,Favoured
541,foldkarsnp0011235611wildtype29082026model0,A,GLN,543,-61,-43,173.38125305231782,111.95715899623158,94.04,-71.57325373828888,-69.2961864091839,-60.67417486528704,,,No,Favoured,Favoured,Favoured
542,foldkarsnp0011235611wildtype29082026model0,A,ALA,544,-62,-36,176.77754133096167,112.56532238222715,93.77,,,,,,No,Favoured,Favoured,Favoured
543,foldkarsnp0011235611wildtype29082026model0,A,LYS,545,-63,-44,172.2179544775111,111.65450474012316,93.12,-71.92587447364616,165.77047994496186,-169.76500878697942,164.02221257979676,,No,Favoured,Favoured,Favoured
544,foldkarsnp0011235611wildtype29082026model0,A,ALA,546,-61,-41,176.1994168450653,111.45320503684962,92.04,,,,,,No,Favoured,Favoured,Favoured
545,foldkarsnp0011235611wildtype29082026model0,A,LYS,547,-60,-46,174.81058708423146,112.18118700006264,91.63,-162.67946904437608,178.32297355064847,-162.06015930170062,78.15486349984931,,No,Favoured,Favoured,Favoured
546,foldkarsnp0011235611wildtype29082026model0,A,ALA,548,-64,-25,176.04994261701697,112.85968686721867,91.25,,,,,,No,Favoured,Favoured,Favoured
547,foldkarsnp0011235611wildtype29082026model0,A,ALA,549,-83,1,174.40541026922472,113.77336017824898,89.92,,,,,,No,Favoured,Favoured,Favoured
548,foldkarsnp0011235611wildtype29082026model0,A,GLY,550,107,12,172.87678075065406,115.73960267562936,89.69,,,,,,No,Favoured,Favoured,Favoured
549,foldkarsnp0011235611wildtype29082026model0,A,ASP,551,-85,97,170.04131651624004,110.44703613024251,89.47,-165.18848277183397,-19.42049608860814,,,,No,Favoured,Favoured,Favoured
550,foldkarsnp0011235611wildtype29082026model0,A,ASP,552,-62,-22,-179.9058398386505,113.71351679786564,88.36,-81.52184420370575,-6.108168646261698,,,,No,Favoured,Favoured,Favoured
551,foldkarsnp0011235611wildtype29082026model0,A,GLU,553,-88,-20,-177.12957619599646,112.49871028039446,89.76,-64.46738394817517,170.06825835535327,179.93637003463547,,,No,Favoured,Favoured,Favoured
552,foldkarsnp0011235611wildtype29082026model0,A,ALA,554,-58,147,-179.23114249429292,112.61316073217084,91.11,,,,,,No,Favoured,Favoured,Favoured
553,foldkarsnp0011235611wildtype29082026model0,A,MET,555,-70,156,-174.83330083676015,113.07865221560535,93.63,-63.365078077413145,-175.88728578865087,-174.8846585559561,,,No,Favoured,Favoured,Favoured
554,foldkarsnp0011235611wildtype29082026model0,A,PHE,556,-85,163,167.21879981918394,110.21312673649484,93.74,-63.42856280718908,-93.76648837842058,,,,No,Favoured,Favoured,Favoured
555,foldkarsnp0011235611wildtype29082026model0,A,ILE,557,-79,119,169.0779648435307,108.07864917956081,93.96,-54.192395369607105,179.66308695603763,,,,No,Favoured,Favoured,Favoured
556,foldkarsnp0011235611wildtype29082026model0,A,ASP,558,-104,93,171.7623485637197,109.98871798186785,96.32,-168.6743957629947,-30.144865512165726,,,,No,Favoured,Favoured,Favoured
557,foldkarsnp0011235611wildtype29082026model0,A,GLU,559,-67,-28,179.55612677678118,112.93515034467984,96.55,-71.05764285174263,-64.29293802394271,169.32239213335703,,,No,Favoured,Favoured,Favoured
558,foldkarsnp0011235611wildtype29082026model0,A,ASN,560,-67,-41,175.88680804762382,110.63562025174375,97.71,178.91327680143573,64.67382171718774,,,,No,Favoured,Favoured,Favoured
559,foldkarsnp0011235611wildtype29082026model0,A,PHE,561,-64,-44,173.35524610040488,112.28800819879709,97.67,176.08240637599266,-109.81876419057936,,,,No,Favoured,Favoured,Favoured
560,foldkarsnp0011235611wildtype29082026model0,A,CYS,562,-58,-42,174.53072194763067,111.6458175422713,97.93,-69.51819150259978,,,,,No,Favoured,Favoured,Favoured
561,foldkarsnp0011235611wildtype29082026model0,A,THR,563,-61,-41,174.6506373493797,111.26484168996359,98.45,-58.48182458116734,,,,,No,Favoured,Favoured,Favoured
562,foldkarsnp0011235611wildtype29082026model0,A,ALA,564,-60,-41,175.58880684781772,111.90412549473191,98.56,,,,,,No,Favoured,Favoured,Favoured
563,foldkarsnp0011235611wildtype29082026model0,A,LEU,565,-62,-32,175.15196622450603,112.56718590471391,98.55,-64.50781072121043,-175.916447496416,,,,No,Favoured,Favoured,Favoured
564,foldkarsnp0011235611wildtype29082026model0,A,GLU,566,-66,-21,175.95228715781056,113.07993206420987,98.54,-68.57445698678835,168.75786497367355,-179.62301866430047,,,No,Favoured,Favoured,Favoured
565,foldkarsnp0011235611wildtype29082026model0,A,TYR,567,-79,-7,169.8713556817783,113.3172991304341,98.48,-75.06660499582726,-79.46438465470622,,,,No,Favoured,Favoured,Favoured
566,foldkarsnp0011235611wildtype29082026model0,A,GLY,568,97,96,173.64844164721268,113.77200916526921,98.37,,,,,,No,Favoured,Favoured,Favoured
567,foldkarsnp0011235611wildtype29082026model0,A,LEU,569,-79,121,163.57358929942447,108.71945241578551,98.67,176.50680020310347,63.56032004902911,,,,No,Favoured,Favoured,Favoured
568,foldkarsnp0011235611wildtype29082026model0,A,PRO,570,-60,161,174.14284991304544,111.03629427857689,98.7,25.77548764441302,-34.24082256938689,,,,No,Favoured,Favoured,Favoured
569,foldkarsnp0011235611wildtype29082026model0,A,PRO,571,-50,120,168.26499681987335,109.46791080556514,98.86,-24.45792629604494,34.012544169090134,,,,No,Favoured,Favoured,Favoured
570,foldkarsnp0011235611wildtype29082026model0,A,THR,572,-138,150,-169.94548838885288,108.69493663127874,98.87,-61.54955332319292,,,,,No,Favoured,Favoured,Favoured
571,foldkarsnp0011235611wildtype29082026model0,A,ALA,573,-124,139,165.5376266078391,110.33913036128521,98.88,,,,,,No,Favoured,Favoured,Favoured
572,foldkarsnp0011235611wildtype29082026model0,A,GLY,574,-120,152,-176.87080029411828,111.83938516840203,98.82,,,,,,No,Favoured,Favoured,Favoured
573,foldkarsnp0011235611wildtype29082026model0,A,TRP,575,-147,139,-171.26229062717255,111.42647197692006,98.86,-178.6074811421038,100.15976650413182,,,,No,Favoured,Favoured,Favoured
574,foldkarsnp0011235611wildtype29082026model0,A,GLY,576,-132,139,175.68699945287557,112.79238627646876,98.47,,,,,,No,Favoured,Favoured,Favoured
575,foldkarsnp0011235611wildtype29082026model0,A,MET,577,-131,133,176.75311887595535,112.10627296244269,98.73,173.15362467697108,-175.68806527151503,-83.77076835428547,,,No,Favoured,Favoured,Favoured
576,foldkarsnp0011235611wildtype29082026model0,A,GLY,578,-77,99,170.51827647848498,112.94020066608202,97.5,,,,,,No,Allowed,Allowed,Allowed
577,foldkarsnp0011235611wildtype29082026model0,A,ILE,579,-58,-38,-179.2276250678862,112.038055909179,98.52,-60.01937053605238,-60.09498573432604,,,,No,Favoured,Favoured,Favoured
578,foldkarsnp0011235611wildtype29082026model0,A,ASP,580,-63,-43,-179.36753124469112,111.44052728316403,98.13,-53.926802068713556,-69.6351023161299,,,,No,Favoured,Favoured,Favoured
579,foldkarsnp0011235611wildtype29082026model0,A,ARG,581,-64,-42,178.04221818001628,111.27232881720964,96.54,-70.70574047241989,-175.22142323779315,-179.879045523201,166.0625697182144,-0.5510598714389672,No,Favoured,Favoured,Favoured
580,foldkarsnp0011235611wildtype29082026model0,A,VAL,582,-61,-42,174.91451070651698,111.18666043541417,97.53,179.33396888515355,,,,,No,Favoured,Favoured,Favoured
581,foldkarsnp0011235611wildtype29082026model0,A,ALA,583,-61,-38,175.11020503890728,112.26447832825731,97.74,,,,,,No,Favoured,Favoured,Favoured
582,foldkarsnp0011235611wildtype29082026model0,A,MET,584,-58,-48,174.0920102439046,111.83806420506167,95.2,-70.92246958988626,171.11711304366628,64.27524033244948,,,No,Favoured,Favoured,Favoured
583,foldkarsnp0011235611wildtype29082026model0,A,PHE,585,-63,-44,179.84882352381763,112.78180110571334,95.43,-68.23921968773696,-54.204052978381604,,,,No,Favoured,Favoured,Favoured
584,foldkarsnp0011235611wildtype29082026model0,A,LEU,586,-78,-3,-178.2703952885366,114.10613847585194,96.32,-61.65107575946197,-169.88179673643472,,,,No,Favoured,Favoured,Favoured
585,foldkarsnp0011235611wildtype29082026model0,A,THR,587,-120,11,177.4030270093516,113.31314918827748,96.01,65.1930023051799,,,,,No,Favoured,Favoured,Favoured
586,foldkarsnp0011235611wildtype29082026model0,A,ASP,588,46,54,-175.3592297005676,112.08232553149756,95.26,-169.554015055845,25.70539519931375,,,,No,Favoured,Favoured,Favoured
587,foldkarsnp0011235611wildtype29082026model0,A,SER,589,-120,116,-175.94027909337743,110.27203478767873,95.1,-58.42268887656124,,,,,No,Favoured,Favoured,Favoured
588,foldkarsnp0011235611wildtype29082026model0,A,ASN,590,-86,2,176.77496806144615,113.96173153221652,93.59,71.3750112922238,-23.728078373280688,,,,No,Favoured,Favoured,Favoured
589,foldkarsnp0011235611wildtype29082026model0,A,ASN,591,-131,123,179.87498681384812,109.78006669845352,95.0,-172.96605098482425,-29.498807698020332,,,,No,Favoured,Favoured,Favoured
590,foldkarsnp0011235611wildtype29082026model0,A,ILE,592,-56,-27,-179.2318130616688,112.77920538075712,95.91,-167.17008636844045,170.0313049193768,,,,No,Favoured,Favoured,Favoured
591,foldkarsnp0011235611wildtype29082026model0,A,LYS,593,-63,-19,177.24743302376933,113.80903856225477,97.35,-60.303081065891945,-179.40446897428072,175.07111182351537,63.569549254860036,,No,Favoured,Favoured,Favoured
592,foldkarsnp0011235611wildtype29082026model0,A,GLU,594,-71,-24,174.43320973102328,113.02028267444608,97.47,-67.89667152310541,-70.07147889823159,159.76831905285835,,,No,Favoured,Favoured,Favoured
593,foldkarsnp0011235611wildtype29082026model0,A,VAL,595,-112,5,-175.3956093112074,113.1460385279926,97.81,-60.64507107583513,,,,,No,Favoured,Favoured,Favoured
594,foldkarsnp0011235611wildtype29082026model0,A,LEU,596,-108,128,169.50700594245723,109.08327617176792,98.23,-64.40446706990892,175.49421942567892,,,,No,Favoured,Favoured,Favoured
595,foldkarsnp0011235611wildtype29082026model0,A,LEU,597,-60,-45,-179.92153070766344,111.24744735759141,98.49,-78.85827521302426,167.76805880264232,,,,No,Favoured,Favoured,Favoured
596,foldkarsnp0011235611wildtype29082026model0,A,PHE,598,-130,83,178.12027993372885,109.01813646039702,98.17,-58.976909770452565,-77.68875881931615,,,,No,Favoured,Favoured,Favoured
597,foldkarsnp0011235611wildtype29082026model0,A,PRO,599,-69,156,-179.42461045985456,111.200015568858,97.24,29.69130166857668,-35.22460884985033,,,,No,Favoured,Favoured,Favoured
598,foldkarsnp0011235611wildtype29082026model0,A,ALA,600,-64,129,170.01327399734078,110.29073682632942,96.2,,,,,,No,Favoured,Favoured,Favoured
599,foldkarsnp0011235611wildtype29082026model0,A,MET,601,-122,142,-178.08836431637056,109.19364465661867,95.76,-61.0795285438591,-61.533328307244744,-71.2398616140031,,,No,Favoured,Favoured,Favoured
600,foldkarsnp0011235611wildtype29082026model0,A,LYS,602,-59,143,170.23638631413152,109.06114589100812,93.14,-66.99585032108438,-176.4116672819691,-179.88998457267323,-178.983923235874,,No,Favoured,Favoured,Favoured
601,foldkarsnp0011235611wildtype29082026model0,A,PRO,603,-51,145,174.19851324534642,111.3613381188943,91.82,-25.097563518066007,34.41753445660983,,,,No,Favoured,Favoured,Favoured
602,foldkarsnp0011235611wildtype29082026model0,A,GLU,604,-64,131,167.7371003878042,108.13564131820445,89.16,-67.3930659765107,-179.14199956353858,174.21756878999417,,,No,Favoured,Favoured,Favoured
603,foldkarsnp0011235611wildtype29082026model0,A,ASP,605,-55,113,168.16351253517024,106.48896097758883,79.81,-70.26076410853891,-36.4022801876298,,,,No,Favoured,Favoured,Favoured
604,foldkarsnp0011235611wildtype29082026model0,A,LYS,606,-59,101,166.47002243674987,104.6633543776636,68.09,-73.2267247957529,-176.70958115954468,-179.7241753314594,178.5883809410995,,No,Allowed,Allowed,Allowed
605,foldkarsnp0011235611wildtype29082026model0,A,LYS,607,-57,96,161.20796507717583,104.92239604586982,55.9,-74.78503285833298,-175.6221530456006,178.5632532360038,179.09286134994804,,No,Disallowed,Disallowed,Disallowed
606,foldkarsnp0011235611wildtype29082026model0,A,GLU,608,-53,111,162.39823845108253,104.49611399893807,39.01,-75.33729482247705,-173.76004406734373,160.1082524562869,,,No,Allowed,Allowed,Allowed
607,foldkarsnp0011235611wildtype29082026model0,A,ASN,609,-63,85,160.24336976930195,104.96427831203442,37.79,-83.91330076778753,-29.280795332587747,,,,No,Disallowed,Allowed,Disallowed
608,foldkarsnp0011235611wildtype29082026model0,A,VAL,610,-62,91,163.32643712322488,103.99631224511876,34.1,-178.10320976011488,,,,,No,Disallowed,Disallowed,Allowed
609,foldkarsnp0011235611wildtype29082026model0,A,ALA,611,-56,108,159.50479912947327,104.34812446178607,33.77,,,,,,No,Allowed,Allowed,Allowed
610,foldkarsnp0011235611wildtype29082026model0,A,THR,612,-55,94,170.35056822195324,107.6142924503984,29.58,39.73899219546586,,,,,No,Disallowed,Disallowed,Disallowed
611,foldkarsnp0011235611wildtype29082026model0,A,THR,613,-72,96,157.88784425118482,105.57216578260609,29.55,37.204622963551834,,,,,No,Favoured,Favoured,Favoured
612,foldkarsnp0011235611wildtype29082026model0,A,ASP,614,-58,95,164.31112621981669,108.36637292151136,31.91,-81.63166389969184,-30.419268312856893,,,,No,Disallowed,Allowed,Disallowed
613,foldkarsnp0011235611wildtype29082026model0,A,THR,615,-74,104,161.3293284457491,107.08468875268126,28.2,37.22268131310062,,,,,No,Favoured,Favoured,Favoured
614,foldkarsnp0011235611wildtype29082026model0,A,LEU,616,-62,99,164.438057649807,108.42418169149133,29.57,-83.10657000397167,151.95805552559912,,,,No,Allowed,Allowed,Allowed
615,foldkarsnp0011235611wildtype29082026model0,A,GLU,617,-66,109,161.77997853159079,108.98257158126881,28.39,-80.21735925934198,-174.57742172341167,155.28431361152752,,,No,Favoured,Favoured,Favoured
616,foldkarsnp0011235611wildtype29082026model0,A,SER,618,-75,105,165.8155463466185,109.22934615999583,31.07,61.46457431593331,,,,,No,Favoured,Favoured,Favoured
617,foldkarsnp0011235611wildtype29082026model0,A,THR,619,-64,107,163.07370484528477,110.03000545157751,30.33,36.36209429423348,,,,,No,Favoured,Favoured,Favoured
618,foldkarsnp0011235611wildtype29082026model0,A,THR,620,-97,109,160.71852950702805,108.61869626585703,28.29,39.20625871377529,,,,,No,Favoured,Favoured,Favoured
619,foldkarsnp0011235611wildtype29082026model0,A,VAL,621,-69,120,166.73475016090623,107.8766884872229,30.58,176.86170828743644,,,,,No,Favoured,Favoured,Favoured
620,foldkarsnp0011235611wildtype29082026model0,A,GLY,622,-86,130,168.54769514411075,110.7248922998916,33.8,,,,,,No,Favoured,Favoured,Favoured
621,foldkarsnp0011235611wildtype29082026model0,A,THR,623,-137,118,158.63444660438972,109.40772862174622,30.43,32.401784836384216,,,,,No,Favoured,Favoured,Favoured
622,foldkarsnp0011235611wildtype29082026model0,A,SER,624,38,119,148.55980526730053,119.77812309887528,32.31,59.93160225520056,,,,,No,Disallowed,Disallowed,Disallowed
