,PDBID,Chain,Residue,ResNum,PHI,PSI,Omega,tau,BFactor,chi1,chi2,chi3,chi4,chi5,Disorder,RamaChandran Plot Region(Six Category),RamaChandran Plot Region(Seven Category),RamaChandran Plot Region(Std)
0,foldkarsnp0011235611mutant29082026model0,A,LEU,2,69,120,111.97835814995832,112.0750412264112,21.87,-74.1048201785373,160.23410099737822,,,,No,Disallowed,Disallowed,Disallowed
1,foldkarsnp0011235611mutant29082026model0,A,THR,3,-168,157,2.2091193824124087,108.80819801450974,23.8,0.2134466510102903,,,,,No,Favoured,Favoured,Favoured
2,foldkarsnp0011235611mutant29082026model0,A,GLN,4,-67,172,175.30717226499502,115.20810616695273,24.7,-74.59922559303148,170.854868365296,-33.21963999548003,,,No,Favoured,Favoured,Favoured
3,foldkarsnp0011235611mutant29082026model0,A,ALA,5,89,141,148.52464977052296,116.29814131953333,27.66,,,,,,No,Disallowed,Disallowed,Disallowed
4,foldkarsnp0011235611mutant29082026model0,A,ALA,6,-156,149,22.952242843801063,112.9110791225242,26.94,,,,,,No,Favoured,Favoured,Favoured
5,foldkarsnp0011235611mutant29082026model0,A,VAL,7,-72,139,162.62493625073967,109.72044759569559,22.85,169.80625687309913,,,,,No,Favoured,Favoured,Favoured
6,foldkarsnp0011235611mutant29082026model0,A,ARG,8,-146,116,153.0941429312089,111.60926755268548,22.45,-113.84257044515847,-178.15161669349098,-172.58351637453498,-173.1550799236496,1.3968786664876733,No,Favoured,Favoured,Favoured
7,foldkarsnp0011235611mutant29082026model0,A,LEU,9,-62,142,162.58770719857472,111.28198564016742,24.83,-88.31138752818421,97.2238972534203,,,,No,Favoured,Favoured,Favoured
8,foldkarsnp0011235611mutant29082026model0,A,VAL,10,-137,125,144.42424941977197,108.8142178657125,26.9,179.63972040661648,,,,,No,Favoured,Favoured,Favoured
9,foldkarsnp0011235611mutant29082026model0,A,ARG,11,-82,156,173.35438969930206,111.24370731172266,26.92,-80.12300419709857,175.50680773983137,165.8878728730478,175.8357682439729,-3.129016491425396,No,Favoured,Favoured,Favoured
10,foldkarsnp0011235611mutant29082026model0,A,GLY,12,107,133,157.3967681375926,112.61375303339211,31.62,,,,,,No,Favoured,Favoured,Favoured
11,foldkarsnp0011235611mutant29082026model0,A,SER,13,-163,125,19.251162109689144,107.8385717973975,30.36,166.2779745254212,,,,,No,Favoured,Favoured,Favoured
12,foldkarsnp0011235611mutant29082026model0,A,LEU,14,-74,112,166.4527448390334,108.73426206578571,26.71,-84.84915154040253,151.0193600275781,,,,No,Favoured,Favoured,Favoured
13,foldkarsnp0011235611mutant29082026model0,A,ARG,15,-101,115,162.7231275018973,109.15415617738508,29.24,-83.78962050940068,-171.35746072016775,179.10892454492398,-166.27566643396707,-0.24113606298410745,No,Favoured,Favoured,Favoured
14,foldkarsnp0011235611mutant29082026model0,A,LYS,16,-63,129,161.960877886507,109.0331911891079,30.6,-68.68984457184683,175.7813420924249,174.4451615634847,-179.77449698584377,,No,Favoured,Favoured,Favoured
15,foldkarsnp0011235611mutant29082026model0,A,THR,17,-117,117,160.10226299187275,108.85118887388728,29.3,40.24358444842257,,,,,No,Favoured,Favoured,Favoured
16,foldkarsnp0011235611mutant29082026model0,A,SER,18,-74,138,176.346310795685,111.22412404977187,33.22,50.33102425440434,,,,,No,Favoured,Favoured,Favoured
17,foldkarsnp0011235611mutant29082026model0,A,TRP,19,-76,96,167.10873283842164,109.95460863316086,29.48,-76.20595265724407,76.36553729153393,,,,No,Favoured,Favoured,Favoured
18,foldkarsnp0011235611mutant29082026model0,A,ALA,20,-166,131,159.68461899008727,107.85671821394365,34.47,,,,,,No,Favoured,Favoured,Favoured
19,foldkarsnp0011235611mutant29082026model0,A,GLU,21,109,85,175.5574776593636,114.68531689693557,31.71,-63.435524014761015,-178.6340667641686,176.00680206521312,,,No,Disallowed,Disallowed,Disallowed
20,foldkarsnp0011235611mutant29082026model0,A,TRP,22,-115,104,148.47303698743616,107.95069732449898,31.02,-90.69464873668251,66.55133751044276,,,,No,Favoured,Favoured,Favoured
21,foldkarsnp0011235611mutant29082026model0,A,GLY,23,-77,152,178.53558766124542,112.78876123687613,34.42,,,,,,No,Favoured,Favoured,Favoured
22,foldkarsnp0011235611mutant29082026model0,A,HIS,24,-44,129,169.8280038583148,113.02084653047586,32.11,-72.55111731807082,-87.41220169734508,,,,No,Favoured,Favoured,Favoured
23,foldkarsnp0011235611mutant29082026model0,A,ARG,25,-124,116,155.4024940349251,109.24650634711558,30.62,-91.68478226244643,-172.78618535808317,176.87614080665756,-175.10631859943018,0.40345830456387133,No,Favoured,Favoured,Favoured
24,foldkarsnp0011235611mutant29082026model0,A,GLU,26,-61,130,169.37075897945266,110.71008937880542,26.93,-68.8323084728234,175.40721217478114,138.30269588927845,,,No,Favoured,Favoured,Favoured
25,foldkarsnp0011235611mutant29082026model0,A,LEU,27,-92,115,165.60168634848588,109.04671464823645,29.29,-86.4836002478837,157.84013172927487,,,,No,Favoured,Favoured,Favoured
26,foldkarsnp0011235611mutant29082026model0,A,ARG,28,-71,117,167.2977327927056,109.32812847318647,29.01,-72.09850063775744,-178.80356435334576,178.7969169926403,-173.113746389772,-1.1841799752498814,No,Favoured,Favoured,Favoured
27,foldkarsnp0011235611mutant29082026model0,A,LEU,29,-89,122,165.9393206369434,109.8961972909393,30.45,-89.11570812184934,155.42064754638753,,,,No,Favoured,Favoured,Favoured
28,foldkarsnp0011235611mutant29082026model0,A,GLY,30,-78,134,174.17709961664275,113.03136976143514,35.72,,,,,,No,Favoured,Favoured,Favoured
29,foldkarsnp0011235611mutant29082026model0,A,GLN,31,24,110,148.9730410173713,119.1176921768252,34.02,-67.37243406717748,176.80289473368134,-14.68147753804591,,,No,Disallowed,Disallowed,Disallowed
30,foldkarsnp0011235611mutant29082026model0,A,LEU,32,-129,136,145.42689440611318,108.90989656558648,33.78,-83.38601571097719,166.56695689658977,,,,No,Favoured,Favoured,Favoured
31,foldkarsnp0011235611mutant29082026model0,A,ALA,33,-69,152,-171.89011607127537,113.31729620119658,35.51,,,,,,No,Favoured,Favoured,Favoured
32,foldkarsnp0011235611mutant29082026model0,A,PRO,34,-91,134,-174.27659312165383,112.79707247430942,38.08,33.092334127631936,-30.36250192666011,,,,No,Favoured,Favoured,Favoured
33,foldkarsnp0011235611mutant29082026model0,A,PHE,35,-81,126,158.71029374925584,109.13614055743575,33.54,-102.27298285960907,-94.84566062514585,,,,No,Favoured,Favoured,Favoured
34,foldkarsnp0011235611mutant29082026model0,A,THR,36,-86,131,178.26967253113713,111.64958369714094,38.66,44.173852910660884,,,,,No,Favoured,Favoured,Favoured
35,foldkarsnp0011235611mutant29082026model0,A,ALA,37,-142,143,156.58139053823646,109.19688946202625,42.77,,,,,,No,Favoured,Favoured,Favoured
36,foldkarsnp0011235611mutant29082026model0,A,PRO,38,-84,129,-158.40378041890986,113.11694864386398,38.25,31.496148740942353,-32.23437725437496,,,,No,Favoured,Favoured,Favoured
37,foldkarsnp0011235611mutant29082026model0,A,HIS,39,-76,130,167.8925746864386,111.0676083184893,41.73,-94.61013255641788,-68.42830553249273,,,,No,Favoured,Favoured,Favoured
38,foldkarsnp0011235611mutant29082026model0,A,LYS,40,-83,120,159.04824780448516,108.29206794799164,48.26,-82.71650072460675,-178.39268170526478,175.1205127512827,177.93891515073582,,No,Favoured,Favoured,Favoured
39,foldkarsnp0011235611mutant29082026model0,A,ASP,41,-64,122,173.45491985616798,111.04463681114889,52.94,-75.09829681746531,-39.195456744648425,,,,No,Favoured,Favoured,Favoured
40,foldkarsnp0011235611mutant29082026model0,A,LYS,42,-84,140,164.49582495275564,109.63875477317815,52.86,-78.12638947867958,-176.31686481302393,176.57019470237861,-179.8409208229578,,No,Favoured,Favoured,Favoured
41,foldkarsnp0011235611mutant29082026model0,A,SER,43,-65,148,-175.89740431359857,111.97929087111467,62.61,77.65300242378099,,,,,No,Favoured,Favoured,Favoured
42,foldkarsnp0011235611mutant29082026model0,A,PHE,44,-56,-21,178.66757289530162,114.12658018750979,56.94,-109.647779549609,-94.4719686295737,,,,No,Favoured,Favoured,Favoured
43,foldkarsnp0011235611mutant29082026model0,A,SER,45,-71,-34,176.13987902965263,113.0196871427319,78.39,60.100536975465225,,,,,No,Favoured,Favoured,Favoured
44,foldkarsnp0011235611mutant29082026model0,A,ASP,46,-72,-41,-177.69877126641086,111.44731861532495,75.03,-72.00928106400133,-31.076518999971466,,,,No,Favoured,Favoured,Favoured
45,foldkarsnp0011235611mutant29082026model0,A,GLN,47,-61,-35,176.7855023135181,112.36716430526724,77.01,-70.22028656588414,-176.28622044273493,-7.756750336853742,,,No,Favoured,Favoured,Favoured
46,foldkarsnp0011235611mutant29082026model0,A,ARG,48,-73,-29,179.8182119023938,112.1528540715226,75.11,-147.8243049138542,176.46663886717485,-171.7439447170925,-177.02592762490028,2.404669465909362,No,Favoured,Favoured,Favoured
47,foldkarsnp0011235611mutant29082026model0,A,SER,49,-74,-39,174.71417397778183,111.80684085386092,78.79,79.11310275627635,,,,,No,Favoured,Favoured,Favoured
48,foldkarsnp0011235611mutant29082026model0,A,GLU,50,-69,-41,179.02725585410016,111.43608481939472,79.85,-164.18543763523738,167.02531655913205,-161.71952899867955,,,No,Favoured,Favoured,Favoured
49,foldkarsnp0011235611mutant29082026model0,A,LEU,51,-61,-43,173.5492120491092,112.31450358606332,79.96,-168.5526240478422,76.14179868647504,,,,No,Favoured,Favoured,Favoured
50,foldkarsnp0011235611mutant29082026model0,A,LYS,52,-63,-37,175.1308566426902,112.36873791189365,76.06,-83.10181054872126,-176.92548681985713,176.39054345236764,-176.7041673692216,,No,Favoured,Favoured,Favoured
51,foldkarsnp0011235611mutant29082026model0,A,ARG,53,-67,-40,177.1166127899864,111.18463349059759,74.04,-173.2149528735217,176.47538571607174,168.65051689636246,-177.88522695968405,-3.9068757474455573,No,Favoured,Favoured,Favoured
52,foldkarsnp0011235611mutant29082026model0,A,ARG,54,-66,-48,177.7891499199519,111.9222427263961,72.57,-168.33391107728428,174.8196003752948,176.50281297841798,170.7017985318642,-0.6159339221742961,No,Favoured,Favoured,Favoured
53,foldkarsnp0011235611mutant29082026model0,A,LEU,55,-60,-36,175.6189885070845,112.74324996751255,76.99,-76.89810870799384,164.95075337685992,,,,No,Favoured,Favoured,Favoured
54,foldkarsnp0011235611mutant29082026model0,A,LYS,56,-71,-31,176.7760695812672,112.19326244403597,75.85,-164.03317122053303,174.8792872536505,-175.3938647192152,178.6802901220458,,No,Favoured,Favoured,Favoured
55,foldkarsnp0011235611mutant29082026model0,A,ALA,57,-71,-46,173.90830810096847,111.39002313127077,81.19,,,,,,No,Favoured,Favoured,Favoured
56,foldkarsnp0011235611mutant29082026model0,A,GLU,58,-60,-41,176.7453305698153,112.03435609669502,77.01,-73.32597273723316,170.53413586709453,-176.40367678689077,,,No,Favoured,Favoured,Favoured
57,foldkarsnp0011235611mutant29082026model0,A,LYS,59,-64,-38,175.7481750478685,112.86711597554128,76.64,-161.6139813717242,176.1591887002129,-177.17399260384587,-177.79499808008256,,No,Favoured,Favoured,Favoured
58,foldkarsnp0011235611mutant29082026model0,A,LYS,60,-66,-37,174.48553328057926,112.4761110222424,72.84,-90.93418382964677,-172.1634681112356,171.25779181075848,-169.65456843190137,,No,Favoured,Favoured,Favoured
59,foldkarsnp0011235611mutant29082026model0,A,VAL,61,-66,-47,176.19412723578358,109.78760591502255,74.97,173.72704047964314,,,,,No,Favoured,Favoured,Favoured
60,foldkarsnp0011235611mutant29082026model0,A,ALA,62,-61,-39,177.47405888954765,113.25887388083919,81.2,,,,,,No,Favoured,Favoured,Favoured
61,foldkarsnp0011235611mutant29082026model0,A,GLU,63,-67,-33,174.6311218795823,112.738727805303,76.4,-78.8355317385659,175.49364547908192,-175.13802247440975,,,No,Favoured,Favoured,Favoured
62,foldkarsnp0011235611mutant29082026model0,A,LYS,64,-73,-42,177.62993613012918,111.07380959914208,65.24,-154.12684575570026,179.45518953691115,-176.0363977905138,-173.02617154014223,,No,Favoured,Favoured,Favoured
63,foldkarsnp0011235611mutant29082026model0,A,GLU,65,-63,-41,174.21110755407096,112.03930951014505,66.6,-72.61144175237948,176.97592054641714,170.08554266102675,,,No,Favoured,Favoured,Favoured
64,foldkarsnp0011235611mutant29082026model0,A,ALA,66,-62,-43,175.80752815487656,112.35107173085233,79.27,,,,,,No,Favoured,Favoured,Favoured
65,foldkarsnp0011235611mutant29082026model0,A,LYS,67,-64,-37,174.8173910725259,112.95599426406785,67.51,-82.89220430485933,-177.83923667572543,176.86172001541797,-179.43532465280003,,No,Favoured,Favoured,Favoured
66,foldkarsnp0011235611mutant29082026model0,A,GLN,68,-70,-35,179.5028607010496,111.32655703885948,66.79,-153.85241759414984,166.4152440116999,3.1684587762235976,,,No,Favoured,Favoured,Favoured
67,foldkarsnp0011235611mutant29082026model0,A,LYS,69,-67,-46,172.98024868588593,111.38711445043035,65.01,-165.17273876184623,176.92539892567763,-179.94655466024645,-176.0974232665605,,No,Favoured,Favoured,Favoured
68,foldkarsnp0011235611mutant29082026model0,A,GLU,70,-62,-37,176.62011909294637,112.1149596919017,63.22,-161.2512218541208,-166.47999032443687,151.823754233132,,,No,Favoured,Favoured,Favoured
69,foldkarsnp0011235611mutant29082026model0,A,LEU,71,-66,-41,175.3818619067772,111.45681548150432,61.8,-148.61687477717726,89.10783640208196,,,,No,Favoured,Favoured,Favoured
70,foldkarsnp0011235611mutant29082026model0,A,SER,72,-65,-38,176.02693105464334,112.76801537867513,65.71,73.87058824797138,,,,,No,Favoured,Favoured,Favoured
71,foldkarsnp0011235611mutant29082026model0,A,GLU,73,-69,-37,176.32264249368498,111.78566876159206,69.19,-74.18906828506226,173.5633577553299,-176.70759719136234,,,No,Favoured,Favoured,Favoured
72,foldkarsnp0011235611mutant29082026model0,A,LYS,74,-66,-40,172.83218343719142,112.40267907482702,68.17,-83.605833548203,174.20456573648733,175.74095503713536,157.24141346417235,,No,Favoured,Favoured,Favoured
73,foldkarsnp0011235611mutant29082026model0,A,GLN,75,-65,-39,174.30788506247742,111.91720113352358,64.19,-76.47911417805754,177.06354263709795,-19.554706014715197,,,No,Favoured,Favoured,Favoured
74,foldkarsnp0011235611mutant29082026model0,A,LEU,76,-65,-42,176.1734969717636,111.56385783335598,60.62,-163.73961324869035,74.58843923506278,,,,No,Favoured,Favoured,Favoured
75,foldkarsnp0011235611mutant29082026model0,A,SER,77,-66,-37,177.4580530137542,112.78183379376911,69.56,69.57146280233782,,,,,No,Favoured,Favoured,Favoured
76,foldkarsnp0011235611mutant29082026model0,A,GLN,78,-67,-39,174.2248024181938,112.07280803083431,68.01,-76.93901261090157,179.50698105019643,-13.28546686507131,,,No,Favoured,Favoured,Favoured
77,foldkarsnp0011235611mutant29082026model0,A,ALA,79,-65,-37,174.55574619009408,112.22016570869009,59.19,,,,,,No,Favoured,Favoured,Favoured
78,foldkarsnp0011235611mutant29082026model0,A,THR,80,-69,-38,176.87882678735494,111.61250881534306,57.37,-45.379408868715686,,,,,No,Favoured,Favoured,Favoured
79,foldkarsnp0011235611mutant29082026model0,A,ALA,81,-68,-33,175.0510766195756,112.8662594180424,61.39,,,,,,No,Favoured,Favoured,Favoured
80,foldkarsnp0011235611mutant29082026model0,A,ALA,82,-68,-36,173.2259431977427,111.87690692847853,56.5,,,,,,No,Favoured,Favoured,Favoured
81,foldkarsnp0011235611mutant29082026model0,A,ALA,83,-69,-26,176.77904787216798,113.39277237607868,51.47,,,,,,No,Favoured,Favoured,Favoured
82,foldkarsnp0011235611mutant29082026model0,A,THR,84,-84,-18,176.60542547788492,113.9807765292615,48.47,33.09278809753018,,,,,No,Favoured,Favoured,Favoured
83,foldkarsnp0011235611mutant29082026model0,A,ASN,85,-95,-1,-177.698895225715,115.22211270360255,42.01,-82.38488303193763,-12.793874588525247,,,,No,Favoured,Favoured,Favoured
84,foldkarsnp0011235611mutant29082026model0,A,HIS,86,-110,54,175.21265217132614,112.26425103057247,38.5,-86.4512740546006,-68.04466257161873,,,,No,Allowed,Allowed,Allowed
85,foldkarsnp0011235611mutant29082026model0,A,THR,87,-95,23,-179.95738322179812,114.63871277909469,33.04,36.88840810618762,,,,,No,Favoured,Favoured,Favoured
86,foldkarsnp0011235611mutant29082026model0,A,THR,88,-130,9,-179.50011248576618,116.3822952092364,27.06,51.774735318670565,,,,,No,Favoured,Favoured,Favoured
87,foldkarsnp0011235611mutant29082026model0,A,ASP,89,-126,106,171.13885580041796,110.75097664391761,34.24,-154.67216893958175,-0.5257554284006258,,,,No,Favoured,Favoured,Favoured
88,foldkarsnp0011235611mutant29082026model0,A,ASN,90,-77,34,178.55662019923787,112.53300760308811,37.16,-81.70930028388288,-34.555176624455264,,,,No,Allowed,Allowed,Allowed
89,foldkarsnp0011235611mutant29082026model0,A,GLY,91,-87,103,175.2387339042537,111.06587673937857,38.92,,,,,,No,Favoured,Favoured,Favoured
90,foldkarsnp0011235611mutant29082026model0,A,VAL,92,-71,83,156.95644835071144,106.51685768470622,46.81,-175.89649715376424,,,,,No,Allowed,Allowed,Allowed
91,foldkarsnp0011235611mutant29082026model0,A,GLY,93,-90,173,-178.745269635125,112.86815587935432,50.94,,,,,,No,Favoured,Favoured,Favoured
92,foldkarsnp0011235611mutant29082026model0,A,PRO,94,-58,-4,178.94382620390851,115.57176348597281,63.69,-15.191328301217057,23.929832230285882,,,,No,Allowed,Allowed,Allowed
93,foldkarsnp0011235611mutant29082026model0,A,GLU,95,-68,-31,-174.5217843077329,113.69089817407496,71.27,-66.6364273431132,-174.97586318417376,165.54559542633004,,,No,Favoured,Favoured,Favoured
94,foldkarsnp0011235611mutant29082026model0,A,GLU,96,-65,-25,176.62002099511193,112.28305662247485,80.15,-79.51676864890118,-169.88274452472632,166.06310000072338,,,No,Favoured,Favoured,Favoured
95,foldkarsnp0011235611mutant29082026model0,A,GLU,97,-74,-14,178.0571307629209,113.11050668214791,82.16,-64.20297888910925,-168.6135891032161,163.101832324748,,,No,Favoured,Favoured,Favoured
96,foldkarsnp0011235611mutant29082026model0,A,SER,98,-95,-4,-179.64680126611427,114.12690670937569,89.13,71.29297137117324,,,,,No,Favoured,Favoured,Favoured
97,foldkarsnp0011235611mutant29082026model0,A,VAL,99,-76,138,-178.95983164900787,110.49322855678236,93.92,-177.533255091779,,,,,No,Favoured,Favoured,Favoured
98,foldkarsnp0011235611mutant29082026model0,A,ASP,100,-58,134,172.41219716939943,111.63408077414167,96.15,170.97241530537138,77.1458320538183,,,,No,Favoured,Favoured,Favoured
99,foldkarsnp0011235611mutant29082026model0,A,PRO,101,-55,-34,-177.6376338832018,115.12906717275273,96.53,-28.998087524739127,35.468185001976984,,,,No,Favoured,Favoured,Favoured
100,foldkarsnp0011235611mutant29082026model0,A,ASN,102,-72,-36,177.2022466588232,111.63592388363648,96.75,-62.92695654360864,-57.05909929535018,,,,No,Favoured,Favoured,Favoured
101,foldkarsnp0011235611mutant29082026model0,A,GLN,103,-67,-43,174.73889124891787,110.82686932866649,97.21,-172.53590990724072,177.51095469356687,1.5346505079591364,,,No,Favoured,Favoured,Favoured
102,foldkarsnp0011235611mutant29082026model0,A,TYR,104,-55,-48,173.97600968341612,111.40344366179197,97.48,-178.50397423496548,-83.81499550023169,,,,No,Favoured,Favoured,Favoured
103,foldkarsnp0011235611mutant29082026model0,A,TYR,105,-57,-44,178.1551473080407,112.57675065495218,97.84,172.8932162010344,-103.67728169106778,,,,No,Favoured,Favoured,Favoured
104,foldkarsnp0011235611mutant29082026model0,A,LYS,106,-62,-50,177.70379488194718,112.04965633811575,97.51,-72.36510539508367,175.29044168038612,-177.06016004207015,179.1481185639331,,No,Favoured,Favoured,Favoured
105,foldkarsnp0011235611mutant29082026model0,A,ILE,107,-59,-48,179.39994517679662,110.22905361515119,97.19,-66.96515183217383,167.98300973400472,,,,No,Favoured,Favoured,Favoured
106,foldkarsnp0011235611mutant29082026model0,A,ARG,108,-66,-41,-178.44173973053316,111.80061519986955,98.26,-172.36495812537137,60.95621455661674,173.11880129207958,166.68424428673413,-1.5594223184941953,No,Favoured,Favoured,Favoured
107,foldkarsnp0011235611mutant29082026model0,A,SER,109,-60,-42,176.33194128728513,111.9200422193236,98.25,-62.4865596711028,,,,,No,Favoured,Favoured,Favoured
108,foldkarsnp0011235611mutant29082026model0,A,GLN,110,-65,-44,176.6142978380756,111.67111279733923,97.92,-174.78197225330777,177.1719596554242,-2.424090889050406,,,No,Favoured,Favoured,Favoured
109,foldkarsnp0011235611mutant29082026model0,A,ALA,111,-59,-43,176.847397541914,111.76549504612724,97.33,,,,,,No,Favoured,Favoured,Favoured
110,foldkarsnp0011235611mutant29082026model0,A,ILE,112,-69,-35,177.36839418001676,111.94146495703417,98.31,-63.69987035452859,-50.71965761846146,,,,No,Favoured,Favoured,Favoured
111,foldkarsnp0011235611mutant29082026model0,A,HIS,113,-60,-42,172.18422775163063,111.47497449676372,98.33,-177.5610454446862,67.33576916585011,,,,No,Favoured,Favoured,Favoured
112,foldkarsnp0011235611mutant29082026model0,A,GLN,114,-62,-39,176.81466745208155,112.35931204404392,97.7,-168.91580809123465,61.97142774707216,50.508579485972774,,,No,Favoured,Favoured,Favoured
113,foldkarsnp0011235611mutant29082026model0,A,LEU,115,-59,-42,173.82172936818196,111.71775999120774,97.33,-64.90657748002633,178.64367159380316,,,,No,Favoured,Favoured,Favoured
114,foldkarsnp0011235611mutant29082026model0,A,LYS,116,-62,-45,176.1676441239508,112.01997146732637,97.97,-67.85097498220628,179.32335864380826,179.20333911022834,-175.04261868388582,,No,Favoured,Favoured,Favoured
115,foldkarsnp0011235611mutant29082026model0,A,VAL,117,-63,-36,178.56129633741892,111.24664459530283,97.69,173.4182370082703,,,,,No,Favoured,Favoured,Favoured
116,foldkarsnp0011235611mutant29082026model0,A,ASN,118,-77,-4,177.654832361418,113.56754380960075,96.26,-66.82256222747777,-4.662345772626223,,,,No,Favoured,Favoured,Favoured
117,foldkarsnp0011235611mutant29082026model0,A,GLY,119,78,16,179.6593495922922,115.29290425455945,96.21,,,,,,No,Favoured,Favoured,Favoured
118,foldkarsnp0011235611mutant29082026model0,A,GLU,120,-81,0,-177.8395934461261,114.59896827259843,96.13,-66.128240777122,-171.83635931121242,-125.0291947484426,,,No,Favoured,Favoured,Favoured
119,foldkarsnp0011235611mutant29082026model0,A,ASP,121,41,81,-179.830637207426,115.3978876590717,97.74,-168.64357561593135,9.262275458437383,,,,No,Allowed,Allowed,Disallowed
120,foldkarsnp0011235611mutant29082026model0,A,PRO,122,-73,-1,177.55710349202707,114.3735265311673,98.48,31.32957713628254,-35.97991332239391,,,,No,Favoured,Favoured,Favoured
121,foldkarsnp0011235611mutant29082026model0,A,TYR,123,-133,63,178.5453457185488,110.8776930277122,98.62,-60.414744433182605,-85.76226225245328,,,,No,Favoured,Favoured,Allowed
122,foldkarsnp0011235611mutant29082026model0,A,PRO,124,-59,144,-178.6429690411242,111.31329848708263,98.51,26.568993895145727,-35.51446502158583,,,,No,Favoured,Favoured,Favoured
123,foldkarsnp0011235611mutant29082026model0,A,HIS,125,-67,-35,-176.3754537806067,112.96964760645008,98.51,-65.77998927200812,73.66121477235589,,,,No,Favoured,Favoured,Favoured
124,foldkarsnp0011235611mutant29082026model0,A,LYS,126,-148,130,-173.81456006311475,112.07565407949009,98.68,-177.57538966204075,59.593050612546726,179.9915558828353,172.04413784380247,,No,Favoured,Favoured,Favoured
125,foldkarsnp0011235611mutant29082026model0,A,PHE,127,-119,127,163.08213760192206,108.74430010165008,98.57,-174.81899562843168,-98.52007334639082,,,,No,Favoured,Favoured,Favoured
126,foldkarsnp0011235611mutant29082026model0,A,HIS,128,-84,111,179.0988084262655,109.29143327005409,98.7,-70.14248325252457,-91.37519905078106,,,,No,Favoured,Favoured,Favoured
127,foldkarsnp0011235611mutant29082026model0,A,VAL,129,-88,127,174.03253212980576,107.89029270988249,98.62,178.7982080161412,,,,,No,Favoured,Favoured,Favoured
128,foldkarsnp0011235611mutant29082026model0,A,ASP,130,-89,-30,-179.11757922753938,112.1401311415376,98.62,-59.71751593580979,-34.01116051322914,,,,No,Favoured,Favoured,Favoured
129,foldkarsnp0011235611mutant29082026model0,A,ILE,131,-150,143,-175.78480476370638,110.4435461048045,98.68,-169.41217847875674,167.6853805852006,,,,No,Favoured,Favoured,Favoured
130,foldkarsnp0011235611mutant29082026model0,A,SER,132,-68,161,172.89780264951983,111.10768363004944,98.77,78.52683447152565,,,,,No,Favoured,Favoured,Favoured
131,foldkarsnp0011235611mutant29082026model0,A,LEU,133,-66,-36,175.07805278873136,111.36033997436202,98.79,-62.54254485229941,-175.36343695963922,,,,No,Favoured,Favoured,Favoured
132,foldkarsnp0011235611mutant29082026model0,A,THR,134,-61,-50,176.63741220512716,111.19718331221807,98.7,-55.971635720832246,,,,,No,Favoured,Favoured,Favoured
133,foldkarsnp0011235611mutant29082026model0,A,ASP,135,-67,-36,179.47757399499625,111.6187669328386,98.71,-64.06137549048542,-30.113967432776494,,,,No,Favoured,Favoured,Favoured
134,foldkarsnp0011235611mutant29082026model0,A,PHE,136,-59,-47,174.03666743262787,110.52097984995478,98.68,-174.12499757363165,-76.32330621095996,,,,No,Favoured,Favoured,Favoured
135,foldkarsnp0011235611mutant29082026model0,A,ILE,137,-63,-46,179.1845940628421,110.13794090319678,98.68,-69.29107569878411,162.88626246274055,,,,No,Favoured,Favoured,Favoured
136,foldkarsnp0011235611mutant29082026model0,A,GLN,138,-59,-45,178.31657031259246,112.00949157140522,98.63,-174.16086530624662,177.15412716785792,0.7919533218276624,,,No,Favoured,Favoured,Favoured
137,foldkarsnp0011235611mutant29082026model0,A,LYS,139,-72,-32,-175.4966060243147,113.73931548618901,98.53,-172.07612119196196,172.92105457980512,-179.7910641068201,-175.8434497074503,,No,Favoured,Favoured,Favoured
138,foldkarsnp0011235611mutant29082026model0,A,TYR,140,-116,1,-171.64022876268282,115.07440427122862,98.53,-58.08721661835585,-66.54027623039538,,,,No,Favoured,Favoured,Favoured
139,foldkarsnp0011235611mutant29082026model0,A,SER,141,-58,-28,176.25093415534855,113.7288283917469,98.22,53.161256996376835,,,,,No,Favoured,Favoured,Favoured
140,foldkarsnp0011235611mutant29082026model0,A,HIS,142,-68,-16,178.8909776094524,114.62888808807301,98.26,71.93517923583875,-87.24971101463133,,,,No,Favoured,Favoured,Favoured
141,foldkarsnp0011235611mutant29082026model0,A,LEU,143,-56,147,-178.95435673795365,112.12576203612744,98.13,-66.23363908029381,-179.68097384586957,,,,No,Favoured,Favoured,Favoured
142,foldkarsnp0011235611mutant29082026model0,A,GLN,144,-84,155,178.25648291340343,111.61257822598391,98.43,-60.20149868861256,-54.285074681670984,-50.88036512874399,,,No,Favoured,Favoured,Favoured
143,foldkarsnp0011235611mutant29082026model0,A,PRO,145,-55,123,174.307654660597,112.34258912083612,98.37,-26.72061774406846,35.551777775117515,,,,No,Favoured,Favoured,Favoured
144,foldkarsnp0011235611mutant29082026model0,A,GLY,146,96,-9,-176.8620407352437,115.01931776270199,97.71,,,,,,No,Favoured,Favoured,Favoured
145,foldkarsnp0011235611mutant29082026model0,A,ASP,147,-63,143,177.84788809772778,112.08040938758079,97.77,-71.95182383681694,-9.904197447748595,,,,No,Favoured,Favoured,Favoured
146,foldkarsnp0011235611mutant29082026model0,A,HIS,148,-145,107,174.62762225317462,108.89015460445604,97.75,-179.88300360369524,-168.71484051959445,,,,No,Favoured,Favoured,Favoured
147,foldkarsnp0011235611mutant29082026model0,A,LEU,149,-84,84,-177.11652605249904,110.73815949302464,97.54,-57.93142593087044,-173.76103026250433,,,,No,Favoured,Favoured,Favoured
148,foldkarsnp0011235611mutant29082026model0,A,THR,150,-69,-18,-175.10301478770157,114.63813872015896,97.04,53.891763566724336,,,,,No,Favoured,Favoured,Favoured
149,foldkarsnp0011235611mutant29082026model0,A,ASP,151,-84,-10,178.14362691772968,113.4226359317744,96.98,61.198953088572814,-42.030206877132365,,,,No,Favoured,Favoured,Favoured
150,foldkarsnp0011235611mutant29082026model0,A,ILE,152,-113,120,179.47532772053833,109.38730097346846,98.2,-59.11892486708057,177.46723972706266,,,,No,Favoured,Favoured,Favoured
151,foldkarsnp0011235611mutant29082026model0,A,THR,153,-119,128,173.1463424487256,109.60221249880044,98.67,-58.26375360195863,,,,,No,Favoured,Favoured,Favoured
152,foldkarsnp0011235611mutant29082026model0,A,LEU,154,-135,154,-176.91102278473303,110.64295932233372,98.54,-64.76353676275815,170.1154705698787,,,,No,Favoured,Favoured,Favoured
153,foldkarsnp0011235611mutant29082026model0,A,LYS,155,-109,122,172.91324470055054,110.62031806862723,98.86,-65.23956051787619,175.98409415741037,-176.02816559264036,175.10797654481246,,No,Favoured,Favoured,Favoured
154,foldkarsnp0011235611mutant29082026model0,A,VAL,156,-120,162,173.03594090655588,109.9565394653731,98.77,-60.981213201354706,,,,,No,Favoured,Favoured,Favoured
155,foldkarsnp0011235611mutant29082026model0,A,ALA,157,-139,156,175.2456284748188,111.98101950059966,98.81,,,,,,No,Favoured,Favoured,Favoured
156,foldkarsnp0011235611mutant29082026model0,A,GLY,158,178,-173,177.2903082224326,112.73537062773903,98.72,,,,,,No,Favoured,Favoured,Favoured
157,foldkarsnp0011235611mutant29082026model0,A,ARG,159,-99,135,176.72604053763723,110.8782975836453,98.82,-174.93540705297423,179.81154106625527,-63.686238332211424,-81.22783789847318,1.1361212627044788,No,Favoured,Favoured,Favoured
158,foldkarsnp0011235611mutant29082026model0,A,ILE,160,-71,113,172.89399950943172,109.24402224824148,98.42,-60.1160808170286,174.3517731729568,,,,No,Favoured,Favoured,Favoured
159,foldkarsnp0011235611mutant29082026model0,A,HIS,161,-91,-30,173.39029405539046,113.33211547578848,97.44,-89.68781216819163,-120.7873509149107,,,,No,Favoured,Favoured,Favoured
160,foldkarsnp0011235611mutant29082026model0,A,ALA,162,-148,149,172.38614868871886,110.76728997055518,97.07,,,,,,No,Favoured,Favoured,Favoured
161,foldkarsnp0011235611mutant29082026model0,A,LYS,163,-126,123,173.1171387053279,107.60688903164575,97.67,177.87624666678565,-179.20269208454593,176.8727083156589,-175.92455601657016,,No,Favoured,Favoured,Favoured
162,foldkarsnp0011235611mutant29082026model0,A,ARG,164,-132,117,-177.83715126702296,110.08228713320655,97.43,-61.00338884042814,-176.86537340338052,-65.23922795321016,-96.88300046523491,-4.135321101879725,No,Favoured,Favoured,Favoured
163,foldkarsnp0011235611mutant29082026model0,A,ALA,165,-79,142,172.86046569504813,110.41987114260104,96.79,,,,,,No,Favoured,Favoured,Favoured
164,foldkarsnp0011235611mutant29082026model0,A,SER,166,-129,68,173.2123777919844,108.77994958718604,95.79,-174.70837205197776,,,,,No,Allowed,Allowed,Allowed
165,foldkarsnp0011235611mutant29082026model0,A,GLY,167,80,174,-166.62315224862527,112.53102681220848,92.89,,,,,,No,Favoured,Favoured,Favoured
166,foldkarsnp0011235611mutant29082026model0,A,GLY,168,-71,-8,-173.29339223410696,116.06387514153492,93.22,,,,,,No,Favoured,Favoured,Favoured
167,foldkarsnp0011235611mutant29082026model0,A,LYS,169,-117,1,-174.47837704438194,114.31500656494177,97.47,-60.73183112663084,-162.18519376372328,-178.78610476467185,-142.52701555724755,,No,Favoured,Favoured,Favoured
168,foldkarsnp0011235611mutant29082026model0,A,LEU,170,-141,124,-178.2682232631422,110.14441840163947,97.8,-179.0208636640348,63.83621199255064,,,,No,Favoured,Favoured,Favoured
169,foldkarsnp0011235611mutant29082026model0,A,ILE,171,-132,136,178.47001414974815,108.62914352904218,98.41,-59.019633959658414,179.7943791281283,,,,No,Favoured,Favoured,Favoured
170,foldkarsnp0011235611mutant29082026model0,A,PHE,172,-106,130,174.8977691674904,110.13916567891066,98.39,-64.87034859245888,-81.75827825657232,,,,No,Favoured,Favoured,Favoured
171,foldkarsnp0011235611mutant29082026model0,A,TYR,173,-113,132,169.11222798759118,109.84805026707474,98.66,-59.79696132525688,-90.94596970903092,,,,No,Favoured,Favoured,Favoured
172,foldkarsnp0011235611mutant29082026model0,A,ASP,174,-87,101,165.54624739180434,108.0216748123821,98.2,-69.17576736969298,-9.39184119938671,,,,No,Favoured,Favoured,Favoured
173,foldkarsnp0011235611mutant29082026model0,A,LEU,175,-89,127,178.15736128110856,109.50315353038381,98.63,-165.92026788111968,71.29532894380856,,,,No,Favoured,Favoured,Favoured
174,foldkarsnp0011235611mutant29082026model0,A,ARG,176,-125,145,177.76249782096107,112.25736771891903,98.46,-60.622574799955196,-166.26765317869928,-175.29687522687914,-176.00227405569066,0.14298909581791247,No,Favoured,Favoured,Favoured
175,foldkarsnp0011235611mutant29082026model0,A,GLY,177,-172,160,173.93374712712557,109.11896299749041,97.95,,,,,,No,Favoured,Favoured,Favoured
176,foldkarsnp0011235611mutant29082026model0,A,GLU,178,60,9,174.87835008791222,115.7350600650154,97.49,-55.52094751253556,159.04305970795022,-140.25248423971877,,,No,Favoured,Favoured,Favoured
177,foldkarsnp0011235611mutant29082026model0,A,GLY,179,85,7,-172.490681371882,114.12409831717797,96.6,,,,,,No,Favoured,Favoured,Favoured
178,foldkarsnp0011235611mutant29082026model0,A,VAL,180,-119,167,179.53994166619626,111.83618643282762,97.94,-59.340935901304306,,,,,No,Favoured,Favoured,Favoured
179,foldkarsnp0011235611mutant29082026model0,A,LYS,181,-122,133,179.35613946592412,110.43638752275298,98.22,178.18807687686518,-166.3515723197471,168.4824114948286,-159.58406639349658,,No,Favoured,Favoured,Favoured
180,foldkarsnp0011235611mutant29082026model0,A,LEU,182,-125,135,168.33884903945932,109.65128656129484,98.69,179.5739967431838,62.83216070123435,,,,No,Favoured,Favoured,Favoured
181,foldkarsnp0011235611mutant29082026model0,A,GLN,183,-79,135,172.59586326970526,110.98232572306605,98.87,-178.7248750759589,170.16556015856798,-100.57122793786496,,,No,Favoured,Favoured,Favoured
182,foldkarsnp0011235611mutant29082026model0,A,VAL,184,-100,117,163.7812111762431,107.94569338377715,98.72,-173.96997157114578,,,,,No,Favoured,Favoured,Favoured
183,foldkarsnp0011235611mutant29082026model0,A,MET,185,-101,80,178.34718014268478,109.60793244391436,98.58,-174.98313800233134,178.70907604497322,69.06627984813285,,,No,Favoured,Favoured,Favoured
184,foldkarsnp0011235611mutant29082026model0,A,ALA,186,-77,108,-176.95181811918795,110.48200816486919,98.48,,,,,,No,Favoured,Favoured,Favoured
185,foldkarsnp0011235611mutant29082026model0,A,ASN,187,-115,130,178.05571834095616,109.5575015962427,97.6,-173.80432575737447,-41.48343529408915,,,,No,Favoured,Favoured,Favoured
186,foldkarsnp0011235611mutant29082026model0,A,SER,188,-56,-30,-178.18382327288847,113.76075339023645,98.26,66.23108778472115,,,,,No,Favoured,Favoured,Favoured
187,foldkarsnp0011235611mutant29082026model0,A,ARG,189,-71,-25,179.02249128604166,113.95551230292621,97.87,-64.38733557656438,-178.67979388923766,-179.84057848241505,179.47281505409072,-0.603605270651849,No,Favoured,Favoured,Favoured
188,foldkarsnp0011235611mutant29082026model0,A,ASN,190,-99,-11,-179.3687517860432,112.10111580210443,98.17,-64.01941321890811,105.47461394388151,,,,No,Favoured,Favoured,Favoured
189,foldkarsnp0011235611mutant29082026model0,A,TYR,191,-77,157,178.70799515247342,111.16602884086404,98.33,-149.30075099187542,-101.18195557386085,,,,No,Favoured,Favoured,Favoured
190,foldkarsnp0011235611mutant29082026model0,A,LYS,192,-56,-32,-177.50060753162182,114.7132899643255,97.46,67.08062134898066,-177.36935577069775,-179.27322356906612,-179.24121180110896,,No,Favoured,Favoured,Favoured
191,foldkarsnp0011235611mutant29082026model0,A,SER,193,-159,160,167.04184529879248,110.82730400331076,98.25,76.13890830705361,,,,,No,Favoured,Favoured,Favoured
192,foldkarsnp0011235611mutant29082026model0,A,GLU,194,-68,-35,177.15041515584082,112.05674246373397,98.08,-175.5356808032074,162.70445445597457,-158.78102250430842,,,No,Favoured,Favoured,Favoured
193,foldkarsnp0011235611mutant29082026model0,A,GLU,195,-63,-50,176.2733354046823,111.40540814696219,97.85,-177.5110580088389,178.53480794975889,-175.0652548535913,,,No,Favoured,Favoured,Favoured
194,foldkarsnp0011235611mutant29082026model0,A,GLU,196,-64,-33,177.8448509611909,112.2536766567257,98.13,-74.16592465978519,-69.73501795478157,132.28282143035176,,,No,Favoured,Favoured,Favoured
195,foldkarsnp0011235611mutant29082026model0,A,PHE,197,-59,-49,172.08334346882373,111.20871364208168,98.45,175.93453031224084,-93.90868363774723,,,,No,Favoured,Favoured,Favoured
196,foldkarsnp0011235611mutant29082026model0,A,ILE,198,-64,-46,178.901773147931,109.94684973924197,97.9,-67.08209395844764,166.00580365021057,,,,No,Favoured,Favoured,Favoured
197,foldkarsnp0011235611mutant29082026model0,A,HIS,199,-57,-52,-178.43785302927165,112.80325722755414,97.44,-176.13645125511482,66.57163343865402,,,,No,Favoured,Favoured,Favoured
198,foldkarsnp0011235611mutant29082026model0,A,ILE,200,-65,-41,-178.72183050157176,111.92894034108429,97.97,-168.30534614543373,61.00090009620551,,,,No,Favoured,Favoured,Favoured
199,foldkarsnp0011235611mutant29082026model0,A,ASN,201,-69,-31,-177.01208680821253,112.07607491067783,97.95,-73.36114828870014,-70.33348441481375,,,,No,Favoured,Favoured,Favoured
200,foldkarsnp0011235611mutant29082026model0,A,ASN,202,-69,-31,172.45176102089374,112.23470032910146,96.9,-74.10140316659152,-12.57346924897578,,,,No,Favoured,Favoured,Favoured
201,foldkarsnp0011235611mutant29082026model0,A,LYS,203,-73,-39,179.17169750611941,113.1336355583622,96.14,-175.4547108779353,-175.6431795935758,-63.06391491811319,-179.4297526881221,,No,Favoured,Favoured,Favoured
202,foldkarsnp0011235611mutant29082026model0,A,LEU,204,-75,142,-171.69272672869104,113.07005011980712,98.08,-67.3914940636137,175.98149554301008,,,,No,Favoured,Favoured,Favoured
203,foldkarsnp0011235611mutant29082026model0,A,ARG,205,-132,162,175.12456466566582,111.50567060770163,98.12,-65.20683692847078,-63.19178476429644,-176.4245231341125,-85.94815755094143,4.788925559662595,No,Favoured,Favoured,Favoured
204,foldkarsnp0011235611mutant29082026model0,A,ARG,206,-56,135,171.60775302821355,109.6720353966235,97.75,178.69346679991526,179.02553073944173,173.64553973694535,-123.84445963755476,-3.7390909306868454,No,Favoured,Favoured,Favoured
205,foldkarsnp0011235611mutant29082026model0,A,GLY,207,97,-20,-177.37819655826502,114.37579743223888,98.26,,,,,,No,Favoured,Favoured,Favoured
206,foldkarsnp0011235611mutant29082026model0,A,ASP,208,-62,144,179.42116203324156,111.83136981374594,98.66,-68.26255236014083,-15.069350690803153,,,,No,Favoured,Favoured,Favoured
207,foldkarsnp0011235611mutant29082026model0,A,ILE,209,-86,128,165.71620696379435,108.0580830018406,98.8,-53.022706015973455,-59.57083211069362,,,,No,Favoured,Favoured,Favoured
208,foldkarsnp0011235611mutant29082026model0,A,ILE,210,-129,150,179.63738253123927,111.37231212702922,98.86,61.80427205875061,167.7676476761596,,,,No,Favoured,Favoured,Favoured
209,foldkarsnp0011235611mutant29082026model0,A,GLY,211,-100,140,161.78312573753215,109.78241946461985,98.82,,,,,,No,Favoured,Favoured,Favoured
210,foldkarsnp0011235611mutant29082026model0,A,VAL,212,-127,119,-178.11505996545645,108.48683003183298,98.85,-176.1281646918902,,,,,No,Favoured,Favoured,Favoured
211,foldkarsnp0011235611mutant29082026model0,A,GLN,213,-101,122,168.56769052811336,108.87572430381539,98.83,179.68206213642205,175.83322764727347,-12.613738366444974,,,No,Favoured,Favoured,Favoured
212,foldkarsnp0011235611mutant29082026model0,A,GLY,214,-177,-169,-179.05487031267862,114.50545887168643,98.69,,,,,,No,Favoured,Favoured,Favoured
213,foldkarsnp0011235611mutant29082026model0,A,ASN,215,-102,140,-174.89341542472056,110.94610907343798,98.67,-54.02639569251163,120.1711507615676,,,,No,Favoured,Favoured,Favoured
214,foldkarsnp0011235611mutant29082026model0,A,PRO,216,-62,141,167.2566556432428,111.79271797708499,98.74,-19.269264960455143,31.8950773482419,,,,No,Favoured,Favoured,Favoured
215,foldkarsnp0011235611mutant29082026model0,A,GLY,217,-163,174,175.57320208263502,111.82726935498506,98.41,,,,,,No,Favoured,Favoured,Favoured
216,foldkarsnp0011235611mutant29082026model0,A,LYS,218,-134,133,176.46497722922447,109.76800710987364,98.23,-163.70905339571982,174.2520493059654,-87.35267847020017,178.6981989843682,,No,Favoured,Favoured,Favoured
217,foldkarsnp0011235611mutant29082026model0,A,THR,219,-63,163,177.6702120115916,110.93723200888677,97.73,64.93380202951474,,,,,No,Favoured,Favoured,Favoured
218,foldkarsnp0011235611mutant29082026model0,A,LYS,220,-58,-22,171.79159717698784,113.39693470126439,97.5,-64.66733317254099,-174.55873897609607,179.09452437255806,-177.15096830939825,,No,Favoured,Favoured,Favoured
219,foldkarsnp0011235611mutant29082026model0,A,LYS,221,-84,0,174.54090388223023,113.13045863488428,97.26,-64.7487006622172,-173.9935451087627,177.38914396103323,-176.92328198754865,,No,Favoured,Favoured,Favoured
220,foldkarsnp0011235611mutant29082026model0,A,GLY,222,85,9,178.42139992607954,115.27589227379934,97.72,,,,,,No,Favoured,Favoured,Favoured
221,foldkarsnp0011235611mutant29082026model0,A,GLU,223,-83,118,178.4418416104337,110.74644352737778,98.2,-168.3689943909972,167.89436352593438,-168.14443704159464,,,No,Favoured,Favoured,Favoured
222,foldkarsnp0011235611mutant29082026model0,A,LEU,224,-60,131,175.51158857890283,109.91611812770205,98.53,-178.73988078392537,65.70152580063854,,,,No,Favoured,Favoured,Favoured
223,foldkarsnp0011235611mutant29082026model0,A,SER,225,-140,155,-172.25698090557918,111.38525722775654,98.62,-53.47566879922168,,,,,No,Favoured,Favoured,Favoured
224,foldkarsnp0011235611mutant29082026model0,A,ILE,226,-104,133,157.6035929838165,108.67084577233935,98.76,-172.16926952346435,168.86758804195443,,,,No,Favoured,Favoured,Favoured
225,foldkarsnp0011235611mutant29082026model0,A,ILE,227,-102,105,-179.16928626347655,107.31154056450221,98.67,-61.17606501636557,157.14421858521686,,,,No,Favoured,Favoured,Favoured
226,foldkarsnp0011235611mutant29082026model0,A,PRO,228,-74,134,-168.18336729334885,112.74737108659498,98.75,28.364103635825998,-34.048847470288905,,,,No,Favoured,Favoured,Favoured
227,foldkarsnp0011235611mutant29082026model0,A,TYR,229,-81,-38,157.06162061186592,110.67862180172129,98.44,176.81974403608922,-98.3375466676856,,,,No,Favoured,Favoured,Favoured
228,foldkarsnp0011235611mutant29082026model0,A,GLU,230,-146,141,178.5512021329403,111.63090993563024,98.68,-176.0909728118307,166.4326003266637,-145.89046799601041,,,No,Favoured,Favoured,Favoured
229,foldkarsnp0011235611mutant29082026model0,A,ILE,231,-119,131,170.64450952508503,108.01247139959683,98.73,-58.39037647858724,172.82352872341392,,,,No,Favoured,Favoured,Favoured
230,foldkarsnp0011235611mutant29082026model0,A,THR,232,-114,126,177.8190344438731,110.08335131302843,98.78,-52.4951522744244,,,,,No,Favoured,Favoured,Favoured
231,foldkarsnp0011235611mutant29082026model0,A,LEU,233,-68,124,167.57274086563876,108.7235830044373,98.74,175.97823110215265,62.18888203774031,,,,No,Favoured,Favoured,Favoured
232,foldkarsnp0011235611mutant29082026model0,A,LEU,234,-107,-35,-179.74084630389484,112.74059884103671,98.77,-56.69398173386577,-176.91833050690326,,,,No,Favoured,Favoured,Favoured
233,foldkarsnp0011235611mutant29082026model0,A,SER,235,-159,116,173.51414237948921,110.16090284123605,98.79,-173.64292346203698,,,,,No,Allowed,Allowed,Favoured
234,foldkarsnp0011235611mutant29082026model0,A,PRO,236,-72,141,179.8187239052894,111.99901935295208,98.77,29.080701391038062,-35.04936839454476,,,,No,Favoured,Favoured,Favoured
235,foldkarsnp0011235611mutant29082026model0,A,CYS,237,-85,115,165.59272405560722,108.91395184578636,98.54,-171.7718210715066,,,,,No,Favoured,Favoured,Favoured
236,foldkarsnp0011235611mutant29082026model0,A,LEU,238,-85,-19,-177.43073142615944,112.90082171670544,98.57,-56.23577617067103,-174.80909196014878,,,,No,Favoured,Favoured,Favoured
237,foldkarsnp0011235611mutant29082026model0,A,HIS,239,-101,149,-178.6818332782504,111.38213130796186,98.28,-68.61830043625069,-82.61950708548156,,,,No,Favoured,Favoured,Favoured
238,foldkarsnp0011235611mutant29082026model0,A,MET,240,-67,125,166.1258563149926,109.28533591150348,97.64,-171.82382941553658,-178.51790741093325,-70.65906471995527,,,No,Favoured,Favoured,Favoured
239,foldkarsnp0011235611mutant29082026model0,A,LEU,241,-79,145,173.38226923173715,109.93244755418756,97.09,-67.6793613866521,178.20730951290125,,,,No,Favoured,Favoured,Favoured
240,foldkarsnp0011235611mutant29082026model0,A,PRO,242,-47,138,172.03284866423596,112.5258793534901,95.62,-28.874123852690055,34.97583623564655,,,,No,Favoured,Favoured,Favoured
241,foldkarsnp0011235611mutant29082026model0,A,HIS,243,-56,142,-175.67048418705173,112.78028450946978,91.89,-67.43985927522736,-85.13460649815188,,,,No,Favoured,Favoured,Favoured
242,foldkarsnp0011235611mutant29082026model0,A,LEU,244,-61,-32,-178.37514882788716,112.99857556220113,84.4,-73.7116748706472,167.2884058437462,,,,No,Favoured,Favoured,Favoured
243,foldkarsnp0011235611mutant29082026model0,A,HIS,245,-69,-35,-177.91035962957727,113.33214366730957,84.47,-68.89758051155867,-68.24553186514206,,,,No,Favoured,Favoured,Favoured
244,foldkarsnp0011235611mutant29082026model0,A,PHE,246,-92,-23,-178.20923459690246,112.10282806308842,84.52,-59.63645152101781,-67.45625849930721,,,,No,Favoured,Favoured,Favoured
245,foldkarsnp0011235611mutant29082026model0,A,GLY,247,63,-165,-171.98529039535802,112.07216965682935,83.69,,,,,,No,Favoured,Favoured,Favoured
246,foldkarsnp0011235611mutant29082026model0,A,LEU,248,-114,98,172.34501400899995,109.23081224744449,94.72,-179.05313351914572,63.31301534640704,,,,No,Favoured,Favoured,Favoured
247,foldkarsnp0011235611mutant29082026model0,A,LYS,249,-104,-28,-176.1431080529768,112.95644075446421,95.73,-64.03349903854614,-177.31688441359617,-179.1238225486068,179.92623143220428,,No,Favoured,Favoured,Favoured
248,foldkarsnp0011235611mutant29082026model0,A,ASP,250,-59,115,-179.06617702048584,111.16887468235473,96.34,176.32590986188612,57.35082852898381,,,,No,Favoured,Favoured,Favoured
249,foldkarsnp0011235611mutant29082026model0,A,LYS,251,-61,-38,-174.51332760986085,111.9773961093605,96.68,-69.68931268255487,-175.63721701383523,178.3895059984801,-178.4811557216713,,No,Favoured,Favoured,Favoured
250,foldkarsnp0011235611mutant29082026model0,A,GLU,252,-66,-48,-177.76454048086092,111.13207776187528,96.41,-176.56272614378884,151.08769579168475,-168.8377133169084,,,No,Favoured,Favoured,Favoured
251,foldkarsnp0011235611mutant29082026model0,A,THR,253,-60,-42,175.08052061284724,111.49581925856354,97.0,-55.41659434304894,,,,,No,Favoured,Favoured,Favoured
252,foldkarsnp0011235611mutant29082026model0,A,ARG,254,-57,-44,177.21030004905177,112.21222298761609,97.38,-72.00710108380359,175.16965893839148,64.46733118887674,-129.42074652579637,-13.802349276081609,No,Favoured,Favoured,Favoured
253,foldkarsnp0011235611mutant29082026model0,A,TYR,255,-78,-36,-177.09163515164235,112.64513304649626,97.74,-56.7486327071551,-27.162855379758664,,,,No,Favoured,Favoured,Favoured
254,foldkarsnp0011235611mutant29082026model0,A,ARG,256,-73,-33,176.43633706229312,112.78058530387786,97.92,-68.615017030755,-175.8199501256036,-174.5773970325303,-74.70037696728365,0.625385076551335,No,Favoured,Favoured,Favoured
255,foldkarsnp0011235611mutant29082026model0,A,GLN,257,-122,59,-177.6636471886928,110.86960532194209,98.08,-59.23733585397367,-174.69450160907618,-3.161630512848726,,,No,Allowed,Allowed,Allowed
256,foldkarsnp0011235611mutant29082026model0,A,ARG,258,-52,-30,-176.2625864038331,113.84104700585024,98.25,-175.44936810837473,62.927675895175874,73.70462085156649,-171.71393733240285,6.771807018816992,No,Favoured,Favoured,Favoured
257,foldkarsnp0011235611mutant29082026model0,A,TYR,259,-63,-36,174.16030647003333,112.6002581120374,98.49,53.183147622383416,-94.16190865999432,,,,No,Favoured,Favoured,Favoured
258,foldkarsnp0011235611mutant29082026model0,A,LEU,260,-68,-40,172.26359265964467,111.53519466805655,97.88,-68.10595873966929,-172.62926331246118,,,,No,Favoured,Favoured,Favoured
259,foldkarsnp0011235611mutant29082026model0,A,ASP,261,-59,-48,176.95876193039592,111.3211068108105,97.02,-163.03164740818073,21.774286406266373,,,,No,Favoured,Favoured,Favoured
260,foldkarsnp0011235611mutant29082026model0,A,LEU,262,-65,-30,176.28187024659806,113.34313091150594,96.65,-72.51150215617062,166.66726597566927,,,,No,Favoured,Favoured,Favoured
261,foldkarsnp0011235611mutant29082026model0,A,ILE,263,-69,-41,175.930829331515,110.66761768748742,97.29,-72.92151017437466,164.1190067339903,,,,No,Favoured,Favoured,Favoured
262,foldkarsnp0011235611mutant29082026model0,A,LEU,264,-100,-27,-166.81910043483887,113.78178814581861,96.38,-64.33305489277238,172.3583353984244,,,,No,Favoured,Favoured,Favoured
263,foldkarsnp0011235611mutant29082026model0,A,ASN,265,-119,98,-171.60898789416132,111.35569806055291,95.36,-65.46832678159979,-35.53122298769184,,,,No,Favoured,Favoured,Favoured
264,foldkarsnp0011235611mutant29082026model0,A,ASP,266,-62,-35,-177.28104908459932,113.94970009290833,95.28,-172.0840351519045,64.62887853984384,,,,No,Favoured,Favoured,Favoured
265,foldkarsnp0011235611mutant29082026model0,A,PHE,267,-57,-27,178.22132747440128,113.1000969899138,95.48,72.7736068239372,-95.64902225568643,,,,No,Favoured,Favoured,Favoured
266,foldkarsnp0011235611mutant29082026model0,A,VAL,268,-66,-43,178.37091061818387,110.30648812909881,96.45,-179.26449668471918,,,,,No,Favoured,Favoured,Favoured
267,foldkarsnp0011235611mutant29082026model0,A,ARG,269,-58,-42,174.14523345190847,110.7693118297318,97.26,179.18495895484222,-175.87803777304808,174.67345597074817,89.38067148844482,-0.12639319772223623,No,Favoured,Favoured,Favoured
268,foldkarsnp0011235611mutant29082026model0,A,GLN,270,-62,-40,179.4582156377204,111.98938155637163,97.92,-58.914206698080584,-54.0466783888232,-32.10592502119733,,,No,Favoured,Favoured,Favoured
269,foldkarsnp0011235611mutant29082026model0,A,LYS,271,-57,-45,174.9697472569369,112.13348040379542,98.17,-67.85390154318418,-175.97760029034865,176.16194476275874,-167.4004666809233,,No,Favoured,Favoured,Favoured
270,foldkarsnp0011235611mutant29082026model0,A,PHE,272,-73,-28,179.03216595362636,113.42845036210772,98.54,-68.83416915993863,-65.16156958350501,,,,No,Favoured,Favoured,Favoured
271,foldkarsnp0011235611mutant29082026model0,A,ILE,273,-64,-45,169.6909658383166,109.82847729617022,98.6,-69.74926719763317,167.3402734485021,,,,No,Favoured,Favoured,Favoured
272,foldkarsnp0011235611mutant29082026model0,A,ILE,274,-59,-47,175.81728176794064,110.50772248438963,98.73,-70.59056825134617,166.81179733565008,,,,No,Favoured,Favoured,Favoured
273,foldkarsnp0011235611mutant29082026model0,A,ARG,275,-54,-45,175.53093601725104,112.40319285777392,98.86,-176.65083240237533,-172.68283943770118,178.18310373205478,97.32214231420618,0.8399341834049268,No,Favoured,Favoured,Favoured
274,foldkarsnp0011235611mutant29082026model0,A,SER,276,-62,-42,176.83325510974709,111.47303556516334,98.88,-175.55595198527638,,,,,No,Favoured,Favoured,Favoured
275,foldkarsnp0011235611mutant29082026model0,A,LYS,277,-62,-37,176.6187324335497,112.55234451610994,98.83,-73.00137662835327,178.6052639837962,177.00943471506977,-175.18957924391233,,No,Favoured,Favoured,Favoured
276,foldkarsnp0011235611mutant29082026model0,A,ILE,278,-57,-53,174.63939989015358,110.06611816034872,98.86,-69.49292881429265,162.31800544457496,,,,No,Favoured,Favoured,Favoured
277,foldkarsnp0011235611mutant29082026model0,A,ILE,279,-62,-45,-178.7829499608934,110.98100908443439,98.97,-67.21871421394198,168.93039691586765,,,,No,Favoured,Favoured,Favoured
278,foldkarsnp0011235611mutant29082026model0,A,THR,280,-61,-41,177.84633203084132,111.44489996052148,98.87,-59.80477051423044,,,,,No,Favoured,Favoured,Favoured
279,foldkarsnp0011235611mutant29082026model0,A,TYR,281,-62,-45,178.07634136278122,111.82922953654517,98.83,-177.0766815433935,-83.88545695964343,,,,No,Favoured,Favoured,Favoured
280,foldkarsnp0011235611mutant29082026model0,A,ILE,282,-61,-44,179.18380482988508,110.2453337468677,98.9,-66.94247034918621,166.7287793571824,,,,No,Favoured,Favoured,Favoured
281,foldkarsnp0011235611mutant29082026model0,A,ARG,283,-57,-55,175.22812531610148,111.27380697199823,98.95,-76.61873465157522,-173.9335953604341,171.76329182125676,115.92549357408974,2.4473773078310583,No,Favoured,Favoured,Favoured
282,foldkarsnp0011235611mutant29082026model0,A,SER,284,-56,-41,179.05218130312502,112.37827329261535,98.81,-62.67229444648251,,,,,No,Favoured,Favoured,Favoured
283,foldkarsnp0011235611mutant29082026model0,A,PHE,285,-62,-45,179.1011606781553,112.62567093886877,98.85,-176.51072517215812,-84.80507485095028,,,,No,Favoured,Favoured,Favoured
284,foldkarsnp0011235611mutant29082026model0,A,LEU,286,-76,-38,-178.9132087099745,112.21067903805199,98.81,-66.14240019943978,173.96967478676092,,,,No,Favoured,Favoured,Favoured
285,foldkarsnp0011235611mutant29082026model0,A,ASP,287,-59,-43,175.7552481012847,110.70792291569899,98.8,-68.40277342322499,-15.402738937058697,,,,No,Favoured,Favoured,Favoured
286,foldkarsnp0011235611mutant29082026model0,A,GLU,288,-64,-26,176.29820787989198,112.93442201794677,98.51,-76.47587329303785,176.05007348563547,-165.70776063289733,,,No,Favoured,Favoured,Favoured
287,foldkarsnp0011235611mutant29082026model0,A,LEU,289,-85,2,173.67910515167998,112.99052516608036,98.54,-69.06991825853315,178.68757886255568,,,,No,Favoured,Favoured,Favoured
288,foldkarsnp0011235611mutant29082026model0,A,GLY,290,79,21,177.87904119261083,115.00998394667494,98.3,,,,,,No,Favoured,Favoured,Favoured
289,foldkarsnp0011235611mutant29082026model0,A,PHE,291,-74,144,170.62358394694442,110.79449469700106,98.78,-73.89040985051479,-102.10049076224425,,,,No,Favoured,Favoured,Favoured
290,foldkarsnp0011235611mutant29082026model0,A,LEU,292,-93,121,172.0276340705329,109.25873488262509,98.85,-179.31281728955403,65.01370835960509,,,,No,Favoured,Favoured,Favoured
291,foldkarsnp0011235611mutant29082026model0,A,GLU,293,-70,124,169.05494264768785,109.34876150744567,98.89,-166.91173935789502,169.40983436301846,-170.00688395109296,,,No,Favoured,Favoured,Favoured
292,foldkarsnp0011235611mutant29082026model0,A,ILE,294,-128,163,-176.03038153447966,111.44803531843007,98.86,57.431381559404585,85.09968563495384,,,,No,Favoured,Favoured,Favoured
293,foldkarsnp0011235611mutant29082026model0,A,GLU,295,-125,125,173.5135983871051,109.0373881462162,98.74,-67.68104667052405,179.61049823944157,-132.49473254058196,,,No,Favoured,Favoured,Favoured
294,foldkarsnp0011235611mutant29082026model0,A,THR,296,-114,160,179.3686701785261,111.08837731128244,98.25,62.18121320788131,,,,,No,Favoured,Favoured,Favoured
295,foldkarsnp0011235611mutant29082026model0,A,PRO,297,-55,131,-176.31836085648598,113.24848680888782,98.06,-28.30899294531124,36.225018676398975,,,,No,Favoured,Favoured,Favoured
296,foldkarsnp0011235611mutant29082026model0,A,MET,298,-91,-9,170.52073261208756,112.87597713303737,97.97,-67.06020469626584,-170.82642625405342,-175.24538875808724,,,No,Favoured,Favoured,Favoured
297,foldkarsnp0011235611mutant29082026model0,A,MET,299,-120,111,178.25987246991332,108.97008782982755,97.21,-62.972269666193036,178.26063489171577,72.24621735818435,,,No,Favoured,Favoured,Favoured
298,foldkarsnp0011235611mutant29082026model0,A,ASN,300,-114,149,-169.25759383086412,110.57592505098258,96.26,-61.31353611228295,-11.556609182087486,,,,No,Favoured,Favoured,Favoured
299,foldkarsnp0011235611mutant29082026model0,A,ILE,301,-70,-39,169.1953737433906,109.71016369337707,94.3,-59.512699979826166,174.04004028938118,,,,No,Favoured,Favoured,Favoured
300,foldkarsnp0011235611mutant29082026model0,A,ILE,302,-128,122,177.10960444438217,107.631367702627,93.58,-59.920794806825384,175.27479902063718,,,,No,Favoured,Favoured,Favoured
301,foldkarsnp0011235611mutant29082026model0,A,PRO,303,-77,138,175.3743735078503,109.86369250853411,89.62,32.07331712057738,-32.59842654917412,,,,No,Favoured,Favoured,Favoured
302,foldkarsnp0011235611mutant29082026model0,A,GLY,304,-154,-177,-179.31765380084997,113.12002390288727,87.87,,,,,,No,Favoured,Favoured,Favoured
303,foldkarsnp0011235611mutant29082026model0,A,GLY,305,84,-1,177.62152252292535,115.68361790181272,87.97,,,,,,No,Favoured,Favoured,Favoured
304,foldkarsnp0011235611mutant29082026model0,A,ALA,306,-158,168,172.44191251701153,111.61842977928256,88.47,,,,,,No,Favoured,Favoured,Favoured
305,foldkarsnp0011235611mutant29082026model0,A,VAL,307,-95,100,169.22012755989962,107.44537214318632,88.74,179.56059450184742,,,,,No,Favoured,Favoured,Favoured
306,foldkarsnp0011235611mutant29082026model0,A,ALA,308,-163,154,-178.46573110379552,112.2277796346313,90.15,,,,,,No,Favoured,Favoured,Favoured
307,foldkarsnp0011235611mutant29082026model0,A,LYS,309,-78,121,173.30183841624208,110.92518221508006,90.54,-173.42164102512658,171.24240807547972,-174.29854861162465,160.04252667794566,,No,Favoured,Favoured,Favoured
308,foldkarsnp0011235611mutant29082026model0,A,PRO,310,-84,158,-177.42411966473964,112.95255120866578,92.82,33.09394316081645,-35.65508696263562,,,,No,Favoured,Favoured,Favoured
309,foldkarsnp0011235611mutant29082026model0,A,PHE,311,-80,141,159.96042282805607,110.2453144911828,93.84,-74.2574056717519,-85.01250479454968,,,,No,Favoured,Favoured,Favoured
310,foldkarsnp0011235611mutant29082026model0,A,ILE,312,-110,136,178.04846774481638,108.56099331600126,95.19,-51.37692460853956,178.29956284991385,,,,No,Favoured,Favoured,Favoured
311,foldkarsnp0011235611mutant29082026model0,A,THR,313,-137,179,172.98700488411882,110.48982018472927,96.25,-168.61226225690947,,,,,No,Favoured,Favoured,Favoured
312,foldkarsnp0011235611mutant29082026model0,A,TYR,314,-138,134,-173.3004769584107,111.0497669392337,96.69,-179.80891581975135,-96.88383455917821,,,,No,Favoured,Favoured,Favoured
313,foldkarsnp0011235611mutant29082026model0,A,HIS,315,-97,107,177.08408643559437,110.55123528578993,96.29,-168.44178404362836,-60.813980843052704,,,,No,Favoured,Favoured,Favoured
314,foldkarsnp0011235611mutant29082026model0,A,ASN,316,-58,-46,-172.36289230671434,114.05147398980976,96.35,-66.20693772882159,-38.89108876180739,,,,No,Favoured,Favoured,Favoured
315,foldkarsnp0011235611mutant29082026model0,A,GLU,317,-72,-34,-175.75759829564976,113.03004640419317,96.47,-175.53238204634195,175.1423149874712,-175.83259216937773,,,No,Favoured,Favoured,Favoured
316,foldkarsnp0011235611mutant29082026model0,A,LEU,318,-89,-3,179.60040219297673,113.32509266393822,95.44,-62.51372866278472,179.11685093037676,,,,No,Favoured,Favoured,Favoured
317,foldkarsnp0011235611mutant29082026model0,A,ASP,319,49,50,-177.77710806915897,113.39521268030504,96.66,-169.74064951287426,19.44520593247892,,,,No,Favoured,Favoured,Favoured
318,foldkarsnp0011235611mutant29082026model0,A,MET,320,-143,148,-176.0672178770052,114.13719634992162,96.63,70.76175332629349,-174.45085551802595,-58.153727845001775,,,No,Favoured,Favoured,Favoured
319,foldkarsnp0011235611mutant29082026model0,A,ASN,321,-74,143,168.94673041716908,110.6859825244915,96.04,-69.84517080166842,-35.65013807738051,,,,No,Favoured,Favoured,Favoured
320,foldkarsnp0011235611mutant29082026model0,A,LEU,322,-130,154,171.87082128316158,109.33189958902402,95.94,-65.89334311399699,172.7994430844579,,,,No,Favoured,Favoured,Favoured
321,foldkarsnp0011235611mutant29082026model0,A,TYR,323,-111,137,177.01266248821744,109.96868810533724,95.81,-60.54914099815541,-92.80947977164048,,,,No,Favoured,Favoured,Favoured
322,foldkarsnp0011235611mutant29082026model0,A,MET,324,-69,134,167.005130125356,108.64906216204292,96.5,-59.31339956537471,-58.556923205544,-62.92033429004584,,,No,Favoured,Favoured,Favoured
323,foldkarsnp0011235611mutant29082026model0,A,ARG,325,-61,143,-174.69968223138355,112.11653154671583,95.59,75.32182830361641,179.73188138582867,-176.16276470059879,-171.77062724703518,3.1249175808281233,No,Favoured,Favoured,Favoured
324,foldkarsnp0011235611mutant29082026model0,A,ILE,326,-96,-25,172.16035182123477,111.95603799347863,94.49,55.30168577543228,175.5755135987406,,,,No,Favoured,Favoured,Favoured
325,foldkarsnp0011235611mutant29082026model0,A,ALA,327,-159,156,172.33097357362112,109.99233677776819,95.08,,,,,,No,Favoured,Favoured,Favoured
326,foldkarsnp0011235611mutant29082026model0,A,PRO,328,-90,-2,174.38742030060456,114.27621273224008,97.45,35.98301605193114,-34.90851805448774,,,,No,Favoured,Favoured,Favoured
327,foldkarsnp0011235611mutant29082026model0,A,GLU,329,-42,-52,-171.17085635521073,115.96611099423176,97.73,163.50233940906952,167.93519169596834,173.38018709066634,,,No,Favoured,Favoured,Favoured
328,foldkarsnp0011235611mutant29082026model0,A,PRO,330,-60,-37,-176.95705873177144,112.44672887170833,97.78,-22.737597816048357,34.96557834821931,,,,No,Favoured,Favoured,Favoured
329,foldkarsnp0011235611mutant29082026model0,A,TYR,331,-67,-40,178.04513851713156,111.94452214814966,98.36,-67.74221346444027,-74.37446125693255,,,,No,Favoured,Favoured,Favoured
330,foldkarsnp0011235611mutant29082026model0,A,HIS,332,-62,-46,177.2615075093125,110.83520392653647,98.76,-70.86703396839975,-154.80987729324943,,,,No,Favoured,Favoured,Favoured
331,foldkarsnp0011235611mutant29082026model0,A,LYS,333,-60,-40,175.77031371715088,112.1643904859493,98.71,-68.60980948823652,179.71521473345067,-177.76482542017243,-179.35542586998247,,No,Favoured,Favoured,Favoured
332,foldkarsnp0011235611mutant29082026model0,A,MET,334,-63,-34,174.40066272619015,112.56865899026438,98.7,-73.13988425713039,-173.0115890554475,-72.00907280559872,,,No,Favoured,Favoured,Favoured
333,foldkarsnp0011235611mutant29082026model0,A,LEU,335,-68,-35,173.26543285315654,112.49078776323525,98.88,-67.58900578769222,174.14176818034224,,,,No,Favoured,Favoured,Favoured
334,foldkarsnp0011235611mutant29082026model0,A,VAL,336,-68,-39,173.29410399299616,111.35027064548902,98.88,-178.8072747193338,,,,,No,Favoured,Favoured,Favoured
335,foldkarsnp0011235611mutant29082026model0,A,VAL,337,-55,-40,166.9726940447934,110.8822471676787,98.78,171.51213648790048,,,,,No,Favoured,Favoured,Favoured
336,foldkarsnp0011235611mutant29082026model0,A,GLY,338,-69,-3,176.70151391997834,115.28571113176805,98.64,,,,,,No,Favoured,Favoured,Favoured
337,foldkarsnp0011235611mutant29082026model0,A,GLY,339,91,15,176.0304674425059,115.10154738382496,98.42,,,,,,No,Favoured,Favoured,Favoured
338,foldkarsnp0011235611mutant29082026model0,A,ILE,340,-92,91,169.18070761305387,107.60206253057395,98.74,-48.87254481764696,179.9245233802514,,,,No,Favoured,Favoured,Favoured
339,foldkarsnp0011235611mutant29082026model0,A,ASP,341,-59,-26,-169.3637280239385,115.10212348316342,98.8,-70.74057695853874,-16.981898298706092,,,,No,Favoured,Favoured,Favoured
340,foldkarsnp0011235611mutant29082026model0,A,ARG,342,-137,111,-177.89913002719112,110.52362093115161,98.91,-60.212503135980896,-174.79024317462247,-175.20237906453488,-169.37507961620244,-0.5113461021899477,No,Favoured,Favoured,Favoured
341,foldkarsnp0011235611mutant29082026model0,A,VAL,343,-126,147,178.11893912485527,110.48935585255606,98.94,-64.52760074285962,,,,,No,Favoured,Favoured,Favoured
342,foldkarsnp0011235611mutant29082026model0,A,TYR,344,-142,155,167.8671236408042,111.98100310880253,98.84,81.38799838293333,-80.44292711027954,,,,No,Favoured,Favoured,Favoured
343,foldkarsnp0011235611mutant29082026model0,A,GLU,345,-139,128,174.23466022362095,109.82222104231434,98.85,-175.09160825129828,176.4101721686216,169.11512830437692,,,No,Favoured,Favoured,Favoured
344,foldkarsnp0011235611mutant29082026model0,A,ILE,346,-104,100,166.91844977969393,107.65174189801644,98.88,-57.43695238153515,178.32094871364592,,,,No,Favoured,Favoured,Favoured
345,foldkarsnp0011235611mutant29082026model0,A,GLY,347,-142,169,-168.0784985872215,114.40594610578266,98.36,,,,,,No,Favoured,Favoured,Favoured
346,foldkarsnp0011235611mutant29082026model0,A,ARG,348,-83,138,176.76590067400448,111.52844832802826,98.59,-160.8631491862787,64.2098848670321,50.41459367497818,84.05538973892561,4.332267001560387,No,Favoured,Favoured,Favoured
347,foldkarsnp0011235611mutant29082026model0,A,GLN,349,-114,155,169.12043750696571,109.46314340651865,97.28,-44.1207234356317,-48.70801131747982,-26.254928602686384,,,No,Favoured,Favoured,Favoured
348,foldkarsnp0011235611mutant29082026model0,A,PHE,350,-131,122,-173.33225453699993,109.74577214577536,96.29,-54.338519533584204,-89.57048831457897,,,,No,Favoured,Favoured,Favoured
349,foldkarsnp0011235611mutant29082026model0,A,ARG,351,-130,124,178.76129145116712,109.95919747070376,93.76,-64.93113961733773,-173.3035471977104,-175.3842846661636,-179.77923736410511,0.006898307444069819,No,Favoured,Favoured,Favoured
350,foldkarsnp0011235611mutant29082026model0,A,ASN,352,-83,63,-178.51892754648196,110.86774393064377,93.5,-169.1023849143933,5.521988182222534,,,,No,Favoured,Favoured,Favoured
351,foldkarsnp0011235611mutant29082026model0,A,GLU,353,-125,175,-171.51891583299383,111.33670854933733,92.22,-68.80176683303432,165.57781814892408,-157.6646410099371,,,No,Favoured,Favoured,Favoured
352,foldkarsnp0011235611mutant29082026model0,A,GLY,354,-63,150,178.021990704711,113.38520935707646,89.44,,,,,,No,Favoured,Favoured,Favoured
353,foldkarsnp0011235611mutant29082026model0,A,ILE,355,-95,125,173.68730802096442,108.83267591920483,91.44,-56.94658086252869,169.8659847212345,,,,No,Favoured,Favoured,Favoured
354,foldkarsnp0011235611mutant29082026model0,A,ASP,356,-138,-154,176.45194528411147,112.3073688470389,92.72,67.52911436753394,29.028681956881275,,,,No,Allowed,Allowed,Allowed
355,foldkarsnp0011235611mutant29082026model0,A,LEU,357,-72,-18,179.75886074056842,113.59731621388565,91.87,-65.9405022675763,178.6897036378632,,,,No,Favoured,Favoured,Favoured
356,foldkarsnp0011235611mutant29082026model0,A,THR,358,-129,-4,-173.3787620481604,113.99081242648286,92.84,52.88770865309131,,,,,No,Favoured,Favoured,Favoured
357,foldkarsnp0011235611mutant29082026model0,A,HIS,359,-122,132,-179.70789238718433,111.78906206123445,94.29,-58.646645677478,98.00752221415641,,,,No,Favoured,Favoured,Favoured
358,foldkarsnp0011235611mutant29082026model0,A,ASN,360,-131,141,170.92207526474417,107.56642461850889,96.19,-169.79643762556137,81.09536011436604,,,,No,Favoured,Favoured,Favoured
359,foldkarsnp0011235611mutant29082026model0,A,PRO,361,-61,-24,-172.4342650266296,114.83429880061374,96.87,-25.17256140027437,34.87868293195236,,,,No,Favoured,Favoured,Favoured
360,foldkarsnp0011235611mutant29082026model0,A,GLU,362,-121,131,166.43909159961206,109.27006714046404,97.99,60.610298361822196,173.92521824155386,115.67804201624214,,,No,Favoured,Favoured,Favoured
361,foldkarsnp0011235611mutant29082026model0,A,PHE,363,-146,165,-177.9410701745018,110.73703487110626,97.56,63.05979340190786,-82.29384385225315,,,,No,Favoured,Favoured,Favoured
362,foldkarsnp0011235611mutant29082026model0,A,THR,364,-106,128,-174.8708399717928,110.4505294635916,98.44,-51.81898357239448,,,,,No,Favoured,Favoured,Favoured
363,foldkarsnp0011235611mutant29082026model0,A,THR,365,-115,156,168.7568797987445,110.70303081162719,98.17,61.632975945950655,,,,,No,Favoured,Favoured,Favoured
364,foldkarsnp0011235611mutant29082026model0,A,CYS,366,-104,125,154.74177321159075,107.12127980115415,98.87,-179.91934127459652,,,,,No,Favoured,Favoured,Favoured
365,foldkarsnp0011235611mutant29082026model0,A,GLU,367,-118,138,167.97009697604358,109.53720338353199,98.61,-69.40314106889232,-174.54621205771218,-146.0655547726552,,,No,Favoured,Favoured,Favoured
366,foldkarsnp0011235611mutant29082026model0,A,PHE,368,-135,152,171.31809093042872,111.26913493451684,98.89,73.37386361611954,-106.93757496730343,,,,No,Favoured,Favoured,Favoured
367,foldkarsnp0011235611mutant29082026model0,A,TYR,369,-130,132,178.23926170222467,108.97006368071118,98.88,-67.89399488630524,-99.55894068711004,,,,No,Favoured,Favoured,Favoured
368,foldkarsnp0011235611mutant29082026model0,A,MET,370,-127,111,-174.70710611927166,110.29337891372826,98.93,-179.15220598292012,168.17976949716157,169.2330373689568,,,No,Favoured,Favoured,Favoured
369,foldkarsnp0011235611mutant29082026model0,A,ALA,371,-62,147,172.71332254988155,110.69944909121249,98.87,,,,,,No,Favoured,Favoured,Favoured
370,foldkarsnp0011235611mutant29082026model0,A,TYR,372,62,15,179.1174636447959,115.2256115506472,98.88,-39.529868195108016,-66.78534650677524,,,,No,Favoured,Favoured,Favoured
371,foldkarsnp0011235611mutant29082026model0,A,ALA,373,-104,159,170.06216408049087,111.12378041493415,98.85,,,,,,No,Favoured,Favoured,Favoured
372,foldkarsnp0011235611mutant29082026model0,A,ASP,374,-121,-179,165.15108489804146,111.75219253995361,98.82,74.78272934241117,20.91949655545558,,,,No,Favoured,Favoured,Favoured
373,foldkarsnp0011235611mutant29082026model0,A,TYR,375,-65,-20,-177.3725402718211,113.93905567332843,98.87,81.29456369508169,-49.772153475557595,,,,No,Favoured,Favoured,Favoured
374,foldkarsnp0011235611mutant29082026model0,A,HIS,376,-70,-43,173.38077021050992,111.52774720810606,98.86,-65.51223609694588,-65.82773628991615,,,,No,Favoured,Favoured,Favoured
375,foldkarsnp0011235611mutant29082026model0,A,ASP,377,-57,-41,172.3290362586393,110.41907543407133,98.87,-62.11635566545925,-53.02008230630038,,,,No,Favoured,Favoured,Favoured
376,foldkarsnp0011235611mutant29082026model0,A,LEU,378,-68,-31,179.55024742810528,113.30289209220474,98.96,-91.99984112891589,56.76916624799152,,,,No,Favoured,Favoured,Favoured
377,foldkarsnp0011235611mutant29082026model0,A,MET,379,-61,-45,171.15809917038413,111.00356482912937,98.9,-72.59416313498346,-178.95597647801335,-153.71518047345114,,,No,Favoured,Favoured,Favoured
378,foldkarsnp0011235611mutant29082026model0,A,GLU,380,-65,-42,177.8002112703956,112.72050772797185,98.8,-65.53021286675136,-168.40835930970033,-170.62883589407244,,,No,Favoured,Favoured,Favoured
379,foldkarsnp0011235611mutant29082026model0,A,ILE,381,-61,-43,175.06886149921328,110.17201950814365,98.83,-71.00219804139468,170.37911817698537,,,,No,Favoured,Favoured,Favoured
380,foldkarsnp0011235611mutant29082026model0,A,THR,382,-61,-46,178.40704492408497,111.60725239217459,98.98,-58.39220244785605,,,,,No,Favoured,Favoured,Favoured
381,foldkarsnp0011235611mutant29082026model0,A,GLU,383,-57,-48,175.76416038881126,111.06659530061495,98.83,-75.99220216379437,172.59882808566795,170.3688623541623,,,No,Favoured,Favoured,Favoured
382,foldkarsnp0011235611mutant29082026model0,A,LYS,384,-63,-48,179.6709181918432,111.86702881089933,98.89,-71.23104962159498,166.52271214774927,-172.43985734505583,160.6453272883331,,No,Favoured,Favoured,Favoured
383,foldkarsnp0011235611mutant29082026model0,A,MET,385,-63,-53,-178.91863915059142,111.59604827577984,98.84,-175.65986093855724,-169.50114618582066,-68.5278671940411,,,No,Favoured,Favoured,Favoured
384,foldkarsnp0011235611mutant29082026model0,A,VAL,386,-69,-48,-173.39408753441307,111.05485588556617,98.72,175.69274808666148,,,,,No,Favoured,Favoured,Favoured
385,foldkarsnp0011235611mutant29082026model0,A,SER,387,-62,-43,178.58212725213477,111.98713201791405,98.7,66.58601169315672,,,,,No,Favoured,Favoured,Favoured
386,foldkarsnp0011235611mutant29082026model0,A,GLY,388,-63,-42,177.27232220086776,112.56457042823008,98.79,,,,,,No,Favoured,Favoured,Favoured
387,foldkarsnp0011235611mutant29082026model0,A,MET,389,-61,-48,176.31334262346397,111.95365063714036,98.81,177.3613977983521,174.6035467375327,58.703834201705874,,,No,Favoured,Favoured,Favoured
388,foldkarsnp0011235611mutant29082026model0,A,VAL,390,-58,-50,177.99548506882425,110.12566777702261,98.61,173.6568633105393,,,,,No,Favoured,Favoured,Favoured
389,foldkarsnp0011235611mutant29082026model0,A,LYS,391,-61,-42,178.80993427570374,112.54461882749142,98.67,-173.06101978747228,-179.10443422645858,-174.35262986625636,174.17945142371997,,No,Favoured,Favoured,Favoured
390,foldkarsnp0011235611mutant29082026model0,A,HIS,392,-63,-41,179.43675297464057,112.30579263223943,98.61,178.5130912387298,80.50986898146822,,,,No,Favoured,Favoured,Favoured
391,foldkarsnp0011235611mutant29082026model0,A,ILE,393,-81,-40,-174.97522721936727,112.13517784042891,98.59,-67.15280501159722,174.0867837604328,,,,No,Favoured,Favoured,Favoured
392,foldkarsnp0011235611mutant29082026model0,A,THR,394,-103,-14,-171.75560361783863,113.60862847698826,97.65,72.84079598222147,,,,,No,Favoured,Favoured,Favoured
393,foldkarsnp0011235611mutant29082026model0,A,GLY,395,82,-3,-173.7385528793545,114.99373054457064,97.62,,,,,,No,Favoured,Favoured,Favoured
394,foldkarsnp0011235611mutant29082026model0,A,SER,396,-140,161,-177.33047885691943,111.33553053500171,97.42,-176.6956214042414,,,,,No,Favoured,Favoured,Favoured
395,foldkarsnp0011235611mutant29082026model0,A,TYR,397,-82,-12,165.69720219027454,112.62656950333962,98.25,-66.9319432343047,-64.52645558908631,,,,No,Favoured,Favoured,Favoured
396,foldkarsnp0011235611mutant29082026model0,A,LYS,398,-101,131,-177.988325709575,110.79068306802571,97.75,-63.08699644698459,-172.5060344502521,176.5269177581689,-169.9718565307327,,No,Favoured,Favoured,Favoured
397,foldkarsnp0011235611mutant29082026model0,A,VAL,399,-129,131,178.96733176947677,108.16461002130659,97.25,178.45912092356684,,,,,No,Favoured,Favoured,Favoured
398,foldkarsnp0011235611mutant29082026model0,A,THR,400,-86,132,171.15693294288405,109.36529226987203,95.79,-54.56208738520146,,,,,No,Favoured,Favoured,Favoured
399,foldkarsnp0011235611mutant29082026model0,A,TYR,401,-134,139,-178.6845284823627,111.85831357443936,92.39,-176.2396068460693,-107.42031665800053,,,,No,Favoured,Favoured,Favoured
400,foldkarsnp0011235611mutant29082026model0,A,HIS,402,-117,90,-179.05882098271732,110.83330714867273,93.22,-57.33207700318478,84.08836847372953,,,,No,Favoured,Favoured,Favoured
401,foldkarsnp0011235611mutant29082026model0,A,PRO,403,-62,-30,-176.61269607116066,113.39496315347591,90.79,24.601764710585478,-33.92623904419455,,,,No,Favoured,Favoured,Favoured
402,foldkarsnp0011235611mutant29082026model0,A,ASP,404,-100,12,-178.8603939151575,113.00967586533358,91.95,-56.438993881100465,-50.78159357606695,,,,No,Favoured,Favoured,Favoured
403,foldkarsnp0011235611mutant29082026model0,A,GLY,405,92,175,-178.61436115877424,113.72163053915868,89.93,,,,,,No,Favoured,Favoured,Favoured
404,foldkarsnp0011235611mutant29082026model0,A,PRO,406,-58,-27,-168.12692070805306,115.71012139936299,92.45,-26.00982858537574,34.73463140009095,,,,No,Favoured,Favoured,Favoured
405,foldkarsnp0011235611mutant29082026model0,A,GLU,407,-89,-4,178.5692782475209,112.764626194168,94.03,-54.39017278449952,-60.98163085390656,147.66337109649814,,,No,Favoured,Favoured,Favoured
406,foldkarsnp0011235611mutant29082026model0,A,GLY,408,-85,-172,179.8374186244222,113.06672207331621,93.67,,,,,,No,Favoured,Favoured,Favoured
407,foldkarsnp0011235611mutant29082026model0,A,GLN,409,-66,129,176.75257933119536,110.9031341275536,94.2,-177.4286461926016,175.20903058257917,-1.6829905845901865,,,No,Favoured,Favoured,Favoured
408,foldkarsnp0011235611mutant29082026model0,A,ALA,410,-83,139,169.7168403423625,111.26624128187335,95.63,,,,,,No,Favoured,Favoured,Favoured
409,foldkarsnp0011235611mutant29082026model0,A,TYR,411,-120,130,173.21246959960033,109.47934988614112,94.4,-67.65835803040491,-98.41060547191147,,,,No,Favoured,Favoured,Favoured
410,foldkarsnp0011235611mutant29082026model0,A,ASP,412,-88,109,169.02012590455934,109.11013525936885,95.87,-70.6484651017,-31.558036856277727,,,,No,Favoured,Favoured,Favoured
411,foldkarsnp0011235611mutant29082026model0,A,VAL,413,-94,122,179.0484196312095,108.86507905120772,96.86,-170.64497058969258,,,,,No,Favoured,Favoured,Favoured
412,foldkarsnp0011235611mutant29082026model0,A,ASP,414,-105,110,-179.66354216488352,111.0464777300875,98.18,-163.72377164202385,-17.82232462538338,,,,No,Favoured,Favoured,Favoured
413,foldkarsnp0011235611mutant29082026model0,A,PHE,415,-89,13,178.21425031286057,113.25229091566275,98.3,-69.45690896822208,-95.75661984012493,,,,No,Favoured,Favoured,Favoured
414,foldkarsnp0011235611mutant29082026model0,A,THR,416,-65,121,175.87593299132266,109.83559646542928,98.58,-53.265814439883705,,,,,No,Favoured,Favoured,Favoured
415,foldkarsnp0011235611mutant29082026model0,A,PRO,417,-75,156,176.85532050833888,111.54265061918149,98.58,31.874771065749933,-35.32446255250783,,,,No,Favoured,Favoured,Favoured
416,foldkarsnp0011235611mutant29082026model0,A,PRO,418,-76,149,0.3268924369823,112.57084937345682,98.51,31.881261645619677,-35.42739878635349,,,,No,Favoured,Favoured,Favoured
417,foldkarsnp0011235611mutant29082026model0,A,PHE,419,-77,152,175.71047978770198,111.40742474720696,98.61,-59.97003106924189,-18.81794512383116,,,,No,Favoured,Favoured,Favoured
418,foldkarsnp0011235611mutant29082026model0,A,ARG,420,-60,140,175.3097687616311,109.57370802088246,98.29,-179.91903120792716,-178.09677091550054,172.46519787842286,-147.91695332708565,-2.4911691605432993,No,Favoured,Favoured,Favoured
419,foldkarsnp0011235611mutant29082026model0,A,ARG,421,-122,133,175.23611791179792,109.8646814683364,98.49,-52.636225823686274,-175.74759794233879,-174.6765637621699,-172.75219802487823,-1.251540827342361,No,Favoured,Favoured,Favoured
420,foldkarsnp0011235611mutant29082026model0,A,ILE,422,-134,145,173.68687787638186,109.79635378496772,97.6,63.54929442666628,176.29081444658425,,,,No,Favoured,Favoured,Favoured
421,foldkarsnp0011235611mutant29082026model0,A,ASN,423,-87,130,171.83876030075928,109.2819704963364,98.45,-60.43221927888858,-61.15071208099825,,,,No,Favoured,Favoured,Favoured
422,foldkarsnp0011235611mutant29082026model0,A,MET,424,-54,-57,-173.2499773278458,112.90342424959744,98.4,-179.6690390580658,-177.94224216826936,-78.5975974960214,,,No,Favoured,Favoured,Favoured
423,foldkarsnp0011235611mutant29082026model0,A,VAL,425,-67,-46,-173.91079110318654,111.19315190772372,98.26,-179.4308771890675,,,,,No,Favoured,Favoured,Favoured
424,foldkarsnp0011235611mutant29082026model0,A,GLU,426,-62,-40,-178.1412976678659,112.26645214176641,97.92,-64.36865617483879,173.7335528806853,-156.46285192787542,,,No,Favoured,Favoured,Favoured
425,foldkarsnp0011235611mutant29082026model0,A,GLU,427,-76,-32,179.52757374270834,111.7498188597487,97.98,-158.03980521413192,68.46859118458538,-168.45138955856908,,,No,Favoured,Favoured,Favoured
426,foldkarsnp0011235611mutant29082026model0,A,LEU,428,-64,-43,173.21423228759392,111.42350463114647,97.96,-175.46649744882063,59.470903491203416,,,,No,Favoured,Favoured,Favoured
427,foldkarsnp0011235611mutant29082026model0,A,GLU,429,-56,-44,173.24449473524058,112.10715046131814,97.95,-72.43116445356326,-173.6704230805348,135.03837290219815,,,No,Favoured,Favoured,Favoured
428,foldkarsnp0011235611mutant29082026model0,A,LYS,430,-63,-45,177.42187977817608,111.52991469182992,98.02,-69.22366013006865,172.19731854025179,-157.175378429894,159.23791085155642,,No,Favoured,Favoured,Favoured
429,foldkarsnp0011235611mutant29082026model0,A,ALA,431,-66,-36,-179.56376963700637,112.65131712703906,97.5,,,,,,No,Favoured,Favoured,Favoured
430,foldkarsnp0011235611mutant29082026model0,A,LEU,432,-76,-23,175.6017212692257,113.31324038961733,97.24,-68.03509795810758,173.90105272754096,,,,No,Favoured,Favoured,Favoured
431,foldkarsnp0011235611mutant29082026model0,A,GLY,433,68,27,-173.2365584357336,113.566400606753,97.18,,,,,,No,Favoured,Favoured,Favoured
432,foldkarsnp0011235611mutant29082026model0,A,MET,434,-147,158,-179.22712557830255,111.18017349059458,97.12,65.33281339666382,-178.3220058236158,65.0692899368977,,,No,Favoured,Favoured,Favoured
433,foldkarsnp0011235611mutant29082026model0,A,LYS,435,-82,137,171.72609366231742,110.10277816914964,97.72,-75.09986974587177,-63.079734929960985,-170.04827883584068,178.7603354992432,,No,Favoured,Favoured,Favoured
434,foldkarsnp0011235611mutant29082026model0,A,LEU,436,-86,165,167.27378870047045,109.91742186656066,97.58,-63.610976776713365,179.5011973890714,,,,No,Favoured,Favoured,Favoured
435,foldkarsnp0011235611mutant29082026model0,A,PRO,437,-54,154,169.28323159102627,111.66372392630082,97.53,-25.59995717377968,35.991416350733395,,,,No,Favoured,Favoured,Favoured
436,foldkarsnp0011235611mutant29082026model0,A,GLU,438,-55,141,172.79637947897203,110.85782048268985,97.86,-65.32195312357365,-61.29569695062493,152.0605727396905,,,No,Favoured,Favoured,Favoured
437,foldkarsnp0011235611mutant29082026model0,A,THR,439,-62,-26,-168.48803055458083,113.85311836548888,97.73,52.71039207802879,,,,,No,Favoured,Favoured,Favoured
438,foldkarsnp0011235611mutant29082026model0,A,ASN,440,-71,-6,174.1105815918165,114.33718963768172,97.78,68.60840195389834,-14.715661620102116,,,,No,Favoured,Favoured,Favoured
439,foldkarsnp0011235611mutant29082026model0,A,LEU,441,-101,2,176.20817007082044,113.18216278979011,97.73,-57.42270984599545,177.4347670751036,,,,No,Favoured,Favoured,Favoured
440,foldkarsnp0011235611mutant29082026model0,A,PHE,442,-67,-17,-172.93129643184423,114.19649641683263,97.61,-84.44978592047646,27.795426964243898,,,,No,Favoured,Favoured,Favoured
441,foldkarsnp0011235611mutant29082026model0,A,GLU,443,-82,-8,174.43461570640477,113.27459866338401,95.6,-62.4584779555164,179.0131745585807,-179.26962466926537,,,No,Favoured,Favoured,Favoured
442,foldkarsnp0011235611mutant29082026model0,A,THR,444,-80,147,-175.93758475362895,112.61083520781135,96.4,69.10429240549432,,,,,No,Favoured,Favoured,Favoured
443,foldkarsnp0011235611mutant29082026model0,A,GLU,445,-63,-27,173.09133853643397,112.70839356758937,96.49,175.43765165248502,57.349037062274654,-162.38404839077074,,,No,Favoured,Favoured,Favoured
444,foldkarsnp0011235611mutant29082026model0,A,GLU,446,-63,-48,173.49324230864232,111.06047969600145,97.31,-175.85641100818376,173.35558239327042,-175.06458353866665,,,No,Favoured,Favoured,Favoured
445,foldkarsnp0011235611mutant29082026model0,A,THR,447,-61,-41,175.08446725813536,111.57743099276156,97.61,-63.00836763156496,,,,,No,Favoured,Favoured,Favoured
446,foldkarsnp0011235611mutant29082026model0,A,ARG,448,-57,-43,175.71229212469268,111.85751572208584,96.89,-166.45190386333124,-150.38312041625636,64.8829492319687,73.80126337152683,2.957414880798055,No,Favoured,Favoured,Favoured
447,foldkarsnp0011235611mutant29082026model0,A,LYS,449,-65,-44,177.022017618017,112.20416311410045,97.88,-73.50012394365166,174.49127573378013,-177.99195793083845,173.41570683117322,,No,Favoured,Favoured,Favoured
448,foldkarsnp0011235611mutant29082026model0,A,ILE,450,-57,-46,176.52418107155464,110.4509933001679,97.83,-69.47327773747836,166.0405207142328,,,,No,Favoured,Favoured,Favoured
449,foldkarsnp0011235611mutant29082026model0,A,LEU,451,-66,-35,177.96267214868743,112.3779643348087,97.81,-67.94120373273927,171.06984978112678,,,,No,Favoured,Favoured,Favoured
450,foldkarsnp0011235611mutant29082026model0,A,ASP,452,-62,-47,174.58613972401596,111.50299142417013,98.08,-165.32620977445168,38.93195355671553,,,,No,Favoured,Favoured,Favoured
451,foldkarsnp0011235611mutant29082026model0,A,ASP,453,-61,-41,176.0407927888734,111.41460449310631,97.85,-70.85117125950958,-23.173078837346267,,,,No,Favoured,Favoured,Favoured
452,foldkarsnp0011235611mutant29082026model0,A,ILE,454,-61,-47,174.6339773886485,110.90700574415399,97.87,-69.1127854295235,166.36169818430096,,,,No,Favoured,Favoured,Favoured
453,foldkarsnp0011235611mutant29082026model0,A,CYS,455,-57,-44,176.6186123901451,111.89371142493464,97.75,-76.08435456896716,,,,,No,Favoured,Favoured,Favoured
454,foldkarsnp0011235611mutant29082026model0,A,VAL,456,-62,-48,175.92876627006225,111.11757202353392,97.76,173.8276954315766,,,,,No,Favoured,Favoured,Favoured
455,foldkarsnp0011235611mutant29082026model0,A,ALA,457,-63,-30,-178.55367931953933,113.15826780583457,97.45,,,,,,No,Favoured,Favoured,Favoured
456,foldkarsnp0011235611mutant29082026model0,A,LYS,458,-95,3,178.55497866615642,113.84510614564861,97.22,-61.61680494915258,-66.4565709482925,-175.53193750968964,172.30662352219125,,No,Favoured,Favoured,Favoured
457,foldkarsnp0011235611mutant29082026model0,A,ALA,459,57,34,-176.48639942745845,114.06715525955298,97.42,,,,,,No,Favoured,Favoured,Favoured
458,foldkarsnp0011235611mutant29082026model0,A,VAL,460,-89,114,175.99598986334243,109.55514773515866,97.05,179.36684064757193,,,,,No,Favoured,Favoured,Favoured
459,foldkarsnp0011235611mutant29082026model0,A,GLU,461,-75,134,179.98356908418378,112.00828632264447,96.93,-66.15743923751575,-167.74732038648102,168.79789334373888,,,No,Favoured,Favoured,Favoured
460,foldkarsnp0011235611mutant29082026model0,A,CYS,462,-138,111,171.71851693031667,108.51042315715692,95.26,-178.87121473370314,,,,,No,Favoured,Favoured,Favoured
461,foldkarsnp0011235611mutant29082026model0,A,PRO,463,-66,155,176.93827087332073,111.04401320112358,94.66,27.932530720030293,-34.0537600198402,,,,No,Favoured,Favoured,Favoured
462,foldkarsnp0011235611mutant29082026model0,A,PRO,464,-59,148,174.87782051297432,112.65539934786693,93.8,-23.256076250818452,33.8090239509272,,,,No,Favoured,Favoured,Favoured
463,foldkarsnp0011235611mutant29082026model0,A,PRO,465,-77,135,-4.195563448913515,112.16219645567197,93.29,30.572823380651073,-33.86362438138704,,,,No,Favoured,Favoured,Favoured
464,foldkarsnp0011235611mutant29082026model0,A,ARG,466,-84,66,-179.0081307911004,110.80617309311867,94.95,-64.16776571047214,176.32554962122464,67.983863812612,89.09381297599789,-2.920747479864034,No,Favoured,Favoured,Favoured
465,foldkarsnp0011235611mutant29082026model0,A,THR,467,-78,159,178.17377100492354,110.93627876816808,93.94,64.99415331417649,,,,,No,Favoured,Favoured,Favoured
466,foldkarsnp0011235611mutant29082026model0,A,THR,468,-51,-46,174.9436793767534,112.45850533396246,94.92,-54.8720289486883,,,,,No,Favoured,Favoured,Favoured
467,foldkarsnp0011235611mutant29082026model0,A,ALA,469,-60,-47,179.43925210336025,111.99667749026658,94.18,,,,,,No,Favoured,Favoured,Favoured
468,foldkarsnp0011235611mutant29082026model0,A,ARG,470,-69,-36,-179.55319740180818,112.69832098677573,94.46,-65.8208098515887,174.68240602156254,72.80476725168049,95.64524784183915,4.160892565421628,No,Favoured,Favoured,Favoured
469,foldkarsnp0011235611mutant29082026model0,A,LEU,471,-65,-45,175.22273610611518,111.37875997124065,95.78,-69.90999174344553,165.4866941476378,,,,No,Favoured,Favoured,Favoured
470,foldkarsnp0011235611mutant29082026model0,A,LEU,472,-60,-47,174.4030780712787,111.49037316547462,96.24,-76.9026493778985,170.31000285524968,,,,No,Favoured,Favoured,Favoured
471,foldkarsnp0011235611mutant29082026model0,A,ASP,473,-52,-47,176.40664928563083,111.33885656429989,96.23,173.9457258617929,77.6771836817836,,,,No,Favoured,Favoured,Favoured
472,foldkarsnp0011235611mutant29082026model0,A,LYS,474,-66,-39,178.6424111945639,113.35984364338798,96.47,-64.41970464207722,-59.612803636378175,166.11200744949795,-129.74345492084817,,No,Favoured,Favoured,Favoured
473,foldkarsnp0011235611mutant29082026model0,A,LEU,475,-66,-42,175.81708159725383,111.15870450874421,97.19,-70.89835847921246,169.34714984314556,,,,No,Favoured,Favoured,Favoured
474,foldkarsnp0011235611mutant29082026model0,A,VAL,476,-62,-45,176.19516908866117,110.8148615161312,96.97,171.323821496918,,,,,No,Favoured,Favoured,Favoured
475,foldkarsnp0011235611mutant29082026model0,A,GLY,477,-56,-44,174.81241101937914,113.77516818043483,95.3,,,,,,No,Favoured,Favoured,Favoured
476,foldkarsnp0011235611mutant29082026model0,A,GLU,478,-72,-39,-178.37566919907962,113.25242155296662,96.52,-175.4099802199976,62.70704167957858,-154.47566417155,,,No,Favoured,Favoured,Favoured
477,foldkarsnp0011235611mutant29082026model0,A,PHE,479,-106,-28,-168.91569168277428,114.56065371723359,97.36,-69.55280966084207,-75.02865554595667,,,,No,Favoured,Favoured,Favoured
478,foldkarsnp0011235611mutant29082026model0,A,LEU,480,-108,-54,-173.907739054798,113.04232873564538,96.87,-55.10052169527775,-169.37455332875967,,,,No,Favoured,Favoured,Favoured
479,foldkarsnp0011235611mutant29082026model0,A,GLU,481,-58,-37,-173.88132962661416,111.84279050647497,95.26,-60.92569187694151,-179.7676846480083,-167.09964341632406,,,No,Favoured,Favoured,Favoured
480,foldkarsnp0011235611mutant29082026model0,A,VAL,482,-60,-19,177.79016004143335,114.0180374501701,94.25,-63.217993142082044,,,,,No,Favoured,Favoured,Favoured
481,foldkarsnp0011235611mutant29082026model0,A,THR,483,-91,-11,178.03651224613213,113.18548352194965,93.53,76.5269371179779,,,,,No,Favoured,Favoured,Favoured
482,foldkarsnp0011235611mutant29082026model0,A,CYS,484,-88,70,-174.63943269201243,111.3765852204919,95.34,-58.39705569444575,,,,,No,Favoured,Favoured,Favoured
483,foldkarsnp0011235611mutant29082026model0,A,ILE,485,-76,-60,176.30311031282145,110.43702845514747,94.97,-56.7059413525162,-56.25232556255134,,,,No,Favoured,Favoured,Favoured
484,foldkarsnp0011235611mutant29082026model0,A,ASN,486,-72,158,170.40143452706832,110.0571330820604,97.03,-70.300837967629,-27.5546137302475,,,,No,Favoured,Favoured,Favoured
485,foldkarsnp0011235611mutant29082026model0,A,PRO,487,-50,119,176.505827749184,111.3714488126094,98.39,-26.032369352134367,33.918042428485236,,,,No,Favoured,Favoured,Favoured
486,foldkarsnp0011235611mutant29082026model0,A,THR,488,-136,125,-174.70935633826193,109.3282891527156,98.4,-59.86263620487151,,,,,No,Favoured,Favoured,Favoured
487,foldkarsnp0011235611mutant29082026model0,A,PHE,489,-81,120,169.0340504668345,109.87019738595062,98.54,-62.7879429414606,-68.24494594730956,,,,No,Favoured,Favoured,Favoured
488,foldkarsnp0011235611mutant29082026model0,A,ILE,490,-92,118,163.32536175619592,106.68454197463844,98.5,-56.62933543095187,-176.79289562499295,,,,No,Favoured,Favoured,Favoured
489,foldkarsnp0011235611mutant29082026model0,A,CYS,491,-114,165,-168.82409251455343,112.60866168171718,98.64,-55.80198556476219,,,,,No,Favoured,Favoured,Favoured
490,foldkarsnp0011235611mutant29082026model0,A,ASP,492,60,53,167.41452402811294,112.89645816561405,98.7,-52.31985155689488,-19.720541204506834,,,,No,Favoured,Favoured,Favoured
491,foldkarsnp0011235611mutant29082026model0,A,HIS,493,-63,145,179.45864008311574,110.86361544086266,98.47,-65.78596982317242,63.306958254223744,,,,No,Favoured,Favoured,Favoured
492,foldkarsnp0011235611mutant29082026model0,A,PRO,494,-57,145,171.70933970084042,113.14983043844839,98.06,-27.81893865731602,36.64427722037846,,,,No,Favoured,Favoured,Favoured
493,foldkarsnp0011235611mutant29082026model0,A,GLN,495,-56,-37,178.8831093067431,111.94734604491234,97.6,-176.18082227583932,72.34169967333197,79.55842497764966,,,No,Favoured,Favoured,Favoured
494,foldkarsnp0011235611mutant29082026model0,A,ILE,496,-61,-19,179.85379143302785,113.66510581657069,96.46,-162.52443636942223,163.14792608151498,,,,No,Favoured,Favoured,Favoured
495,foldkarsnp0011235611mutant29082026model0,A,MET,497,-96,-5,174.28088049235396,112.59643671457276,96.55,-59.77248779436938,177.57470762395883,72.6531260554997,,,No,Favoured,Favoured,Favoured
496,foldkarsnp0011235611mutant29082026model0,A,SER,498,-138,64,-163.1315970242845,112.34798456759677,96.91,-48.582241905632976,,,,,No,Favoured,Favoured,Allowed
497,foldkarsnp0011235611mutant29082026model0,A,PRO,499,-69,-8,-169.27459948590635,115.25604303954331,97.15,28.26819067977936,-36.76476992967564,,,,No,Favoured,Favoured,Favoured
498,foldkarsnp0011235611mutant29082026model0,A,LEU,500,-114,-5,179.31162899142717,112.64126728092302,97.51,-59.75865707373414,175.8847341373235,,,,No,Favoured,Favoured,Favoured
499,foldkarsnp0011235611mutant29082026model0,A,ALA,501,-89,144,-178.91382287250113,111.12500342734596,98.32,,,,,,No,Favoured,Favoured,Favoured
500,foldkarsnp0011235611mutant29082026model0,A,LYS,502,-69,142,177.76269042502776,111.01008885523329,98.86,-162.73330069354955,164.77704925014976,-173.44457420308922,161.99706964065368,,No,Favoured,Favoured,Favoured
501,foldkarsnp0011235611mutant29082026model0,A,TRP,503,-56,145,174.18674496680566,110.80922248279123,98.79,64.01399244958927,89.05945209098853,,,,No,Favoured,Favoured,Favoured
502,foldkarsnp0011235611mutant29082026model0,A,HIS,504,-68,130,178.26801570918664,110.45991484423025,98.77,-172.63618592243043,-68.75498794064539,,,,No,Favoured,Favoured,Favoured
503,foldkarsnp0011235611mutant29082026model0,A,ARG,505,-62,-16,-172.71632683404002,115.90560443119567,98.5,66.94644560226276,-170.21274820949864,69.28654606613232,179.34968923222888,0.4074227628529569,No,Favoured,Favoured,Favoured
504,foldkarsnp0011235611mutant29082026model0,A,SER,506,-136,-6,-176.9139496900629,115.36300414176213,98.27,64.17401969504634,,,,,No,Favoured,Favoured,Favoured
505,foldkarsnp0011235611mutant29082026model0,A,LYS,507,-124,99,-178.1738112507163,109.30275806856844,98.16,-62.95080441156594,-178.28244167503803,-178.17240214756688,-179.3194881918162,,No,Favoured,Favoured,Favoured
506,foldkarsnp0011235611mutant29082026model0,A,GLU,508,-60,138,-179.31856014672414,111.12584047065567,98.2,-169.14261677328963,179.0350989770251,-167.75223190061797,,,No,Favoured,Favoured,Favoured
507,foldkarsnp0011235611mutant29082026model0,A,GLY,509,83,-11,-176.6270405005044,115.25724777421503,98.12,,,,,,No,Favoured,Favoured,Favoured
508,foldkarsnp0011235611mutant29082026model0,A,LEU,510,-103,171,175.2974458681159,112.30166862761227,98.56,-55.81463239678134,-172.73029389704539,,,,No,Favoured,Favoured,Favoured
509,foldkarsnp0011235611mutant29082026model0,A,THR,511,-126,158,178.17276671384437,112.14837899364332,98.68,61.257592167401235,,,,,No,Favoured,Favoured,Favoured
510,foldkarsnp0011235611mutant29082026model0,A,GLU,512,-81,70,171.2643444445406,110.56073216124462,98.84,-65.81806403346259,-171.257694219959,174.5014751561104,,,No,Favoured,Favoured,Favoured
511,foldkarsnp0011235611mutant29082026model0,A,ARG,513,-126,145,-178.12178340717858,110.98155253883166,98.79,174.4723848195116,175.72994016026146,173.46965942526214,-157.4319023518237,-2.7657490731304644,No,Favoured,Favoured,Favoured
512,foldkarsnp0011235611mutant29082026model0,A,PHE,514,-134,154,163.64761619704242,111.63907226452864,98.77,72.89719411187885,-99.60827606064356,,,,No,Favoured,Favoured,Favoured
513,foldkarsnp0011235611mutant29082026model0,A,GLU,515,-120,137,162.93062167767633,109.44345349991407,98.54,-68.59156996589607,174.63483512075788,148.38081279060324,,,No,Favoured,Favoured,Favoured
514,foldkarsnp0011235611mutant29082026model0,A,LEU,516,-93,121,173.28513194837626,109.30467190906388,98.54,179.6134207817164,63.06826046541031,,,,No,Favoured,Favoured,Favoured
515,foldkarsnp0011235611mutant29082026model0,A,PHE,517,-105,139,174.1389550176284,111.27558620459851,97.43,-78.03111971412226,-99.55035100449435,,,,No,Favoured,Favoured,Favoured
516,foldkarsnp0011235611mutant29082026model0,A,VAL,518,-137,135,169.74023802752112,107.73047337424488,96.28,179.55801484185656,,,,,No,Favoured,Favoured,Favoured
517,foldkarsnp0011235611mutant29082026model0,A,MET,519,47,45,-179.3668457031887,113.45417652128593,93.3,-74.38673623883706,-56.24772415379411,-49.69399500084371,,,No,Favoured,Favoured,Favoured
518,foldkarsnp0011235611mutant29082026model0,A,LYS,520,66,14,177.9346345670703,114.19661476900639,92.02,-40.89671952965541,175.20043918213486,-178.76295637530802,-177.80665132884567,,No,Favoured,Favoured,Favoured
519,foldkarsnp0011235611mutant29082026model0,A,LYS,521,-127,132,-179.52900799628364,110.95749295328461,92.13,-61.48124318831259,-60.81197431718676,176.25857675980518,-171.76335602886937,,No,Favoured,Favoured,Favoured
520,foldkarsnp0011235611mutant29082026model0,A,GLU,522,-60,129,170.7809623826328,110.41378073077301,95.55,-177.11165551344706,-139.7686030686219,152.12052651647699,,,No,Favoured,Favoured,Favoured
521,foldkarsnp0011235611mutant29082026model0,A,ILE,523,-116,-25,172.01339879517678,113.4888260540592,96.34,63.58963484127939,165.0071410947368,,,,No,Favoured,Favoured,Favoured
522,foldkarsnp0011235611mutant29082026model0,A,CYS,524,-135,149,176.4594392726692,110.99710769275364,98.1,-51.24139172807178,,,,,No,Favoured,Favoured,Favoured
523,foldkarsnp0011235611mutant29082026model0,A,ASN,525,-132,131,168.684471858302,107.69924647200112,98.2,175.05093788272765,38.84730909785785,,,,No,Favoured,Favoured,Favoured
524,foldkarsnp0011235611mutant29082026model0,A,ALA,526,-153,149,-174.03807316199868,112.05970654141551,98.74,,,,,,No,Favoured,Favoured,Favoured
525,foldkarsnp0011235611mutant29082026model0,A,TYR,527,-157,159,177.61582316901635,113.01280572881096,98.65,35.187751292350285,-93.10609015189304,,,,No,Favoured,Favoured,Favoured
526,foldkarsnp0011235611mutant29082026model0,A,THR,528,-65,126,158.9254348423939,108.24865039967227,98.89,-56.431891138036576,,,,,No,Favoured,Favoured,Favoured
527,foldkarsnp0011235611mutant29082026model0,A,GLU,529,-74,134,-171.49927775665094,112.41270975611087,98.78,-60.77700283336601,-53.7699480045746,151.8110810083378,,,No,Favoured,Favoured,Favoured
528,foldkarsnp0011235611mutant29082026model0,A,LEU,530,-69,112,169.51972009930938,109.60346640900408,98.7,-179.5608671459366,58.24132090228144,,,,No,Favoured,Favoured,Favoured
529,foldkarsnp0011235611mutant29082026model0,A,ASN,531,-114,4,-178.65009176536577,114.25178472522647,98.79,68.5113835418277,-26.469854542563738,,,,No,Favoured,Favoured,Favoured
530,foldkarsnp0011235611mutant29082026model0,A,ASP,532,-84,112,169.7215022262068,109.22925203513897,98.77,179.7848160169864,-20.34618017156257,,,,No,Favoured,Favoured,Favoured
531,foldkarsnp0011235611mutant29082026model0,A,PRO,533,-65,-31,-177.14508186773185,113.36761343587548,98.51,25.467950186041698,-33.62012053435583,,,,No,Favoured,Favoured,Favoured
532,foldkarsnp0011235611mutant29082026model0,A,MET,534,-70,-46,179.51426358873871,110.65985988719939,98.43,-60.9615722883275,-63.30080540640306,104.91602642958081,,,No,Favoured,Favoured,Favoured
533,foldkarsnp0011235611mutant29082026model0,A,ARG,535,-66,-39,176.99171659466762,111.34445722194647,98.3,-176.8492487388219,56.71626886864902,-179.95126127483616,159.98639236111285,2.6535395959023256,No,Favoured,Favoured,Favoured
534,foldkarsnp0011235611mutant29082026model0,A,GLN,536,-60,-44,176.56137777679083,112.02466331112144,97.99,-175.07497697988615,60.286864792103216,79.23375024898344,,,No,Favoured,Favoured,Favoured
535,foldkarsnp0011235611mutant29082026model0,A,ARG,537,-60,-46,176.49089084470174,111.64933626845037,97.81,-177.4155605323994,-179.2288142871089,-66.72285505944149,-79.46181385872512,-5.100236344209279,No,Favoured,Favoured,Favoured
536,foldkarsnp0011235611mutant29082026model0,A,GLN,538,-56,-46,176.27525097026773,111.83042028869326,97.45,-176.5151264373305,-168.29074314608732,-14.188256037828285,,,No,Favoured,Favoured,Favoured
537,foldkarsnp0011235611mutant29082026model0,A,LEU,539,-66,-34,179.5841913052187,111.8267865486354,97.05,-68.03272065442387,171.3500343749286,,,,No,Favoured,Favoured,Favoured
538,foldkarsnp0011235611mutant29082026model0,A,PHE,540,-65,-38,171.36165846365262,112.72143369898653,95.71,-76.87552032019971,-37.429209053266,,,,No,Favoured,Favoured,Favoured
539,foldkarsnp0011235611mutant29082026model0,A,GLU,541,-63,-38,174.77508266290613,111.98840693094213,95.61,-70.14045493683771,174.78898972394248,-172.13444587727528,,,No,Favoured,Favoured,Favoured
540,foldkarsnp0011235611mutant29082026model0,A,GLU,542,-64,-44,173.8000483566678,111.61699912515964,93.94,-71.27190850564136,165.703867045067,-162.08057721120392,,,No,Favoured,Favoured,Favoured
541,foldkarsnp0011235611mutant29082026model0,A,GLN,543,-61,-42,173.63835328553606,112.20034412016157,93.43,-71.87809972587583,-69.00314039310953,-62.2304423229221,,,No,Favoured,Favoured,Favoured
542,foldkarsnp0011235611mutant29082026model0,A,ALA,544,-63,-35,176.85517142159713,112.50924713377425,93.16,,,,,,No,Favoured,Favoured,Favoured
543,foldkarsnp0011235611mutant29082026model0,A,LYS,545,-64,-44,172.33768130734418,111.323943435193,92.33,-72.21062508516938,165.93498316489666,-169.86122685452256,164.80949694090202,,No,Favoured,Favoured,Favoured
544,foldkarsnp0011235611mutant29082026model0,A,ALA,546,-60,-42,176.06489980082685,111.64397532801976,91.01,,,,,,No,Favoured,Favoured,Favoured
545,foldkarsnp0011235611mutant29082026model0,A,LYS,547,-59,-46,174.8002915520412,112.05714025904177,90.74,-162.3323707375449,176.32142076166767,-160.76885769993623,75.24449694194895,,No,Favoured,Favoured,Favoured
546,foldkarsnp0011235611mutant29082026model0,A,ALA,548,-63,-25,176.12483790605364,113.0474365603283,90.19,,,,,,No,Favoured,Favoured,Favoured
547,foldkarsnp0011235611mutant29082026model0,A,ALA,549,-82,1,174.43114038192698,114.05363293003741,89.22,,,,,,No,Favoured,Favoured,Favoured
548,foldkarsnp0011235611mutant29082026model0,A,GLY,550,107,12,173.09839498715192,116.11320694089775,89.06,,,,,,No,Favoured,Favoured,Favoured
549,foldkarsnp0011235611mutant29082026model0,A,ASP,551,-85,97,169.702207908327,110.56995067619283,88.29,-165.2483344411293,-18.343781095844907,,,,No,Favoured,Favoured,Favoured
550,foldkarsnp0011235611mutant29082026model0,A,ASP,552,-65,-20,-179.72072155198305,113.70933275898017,87.57,-77.79979037389876,-14.273690710594614,,,,No,Favoured,Favoured,Favoured
551,foldkarsnp0011235611mutant29082026model0,A,GLU,553,-87,-21,-178.51226448164005,112.55344594834422,88.09,-65.40071739642715,169.31093653421897,-169.37504118679587,,,No,Favoured,Favoured,Favoured
552,foldkarsnp0011235611mutant29082026model0,A,ALA,554,-59,148,-178.33618108884247,112.55838266138383,89.93,,,,,,No,Favoured,Favoured,Favoured
553,foldkarsnp0011235611mutant29082026model0,A,MET,555,-72,156,-173.17892648146255,112.86706854271718,92.61,-61.097568626909556,-179.02190976427323,73.59510136152531,,,No,Favoured,Favoured,Favoured
554,foldkarsnp0011235611mutant29082026model0,A,PHE,556,-86,163,168.39591312349464,110.60872175205249,92.92,-63.90007389954345,-93.03841390096325,,,,No,Favoured,Favoured,Favoured
555,foldkarsnp0011235611mutant29082026model0,A,ILE,557,-78,118,169.26672690327808,108.06615479810708,93.56,-54.94714495397748,179.60110278543837,,,,No,Favoured,Favoured,Favoured
556,foldkarsnp0011235611mutant29082026model0,A,ASP,558,-102,93,172.4969316453859,109.78626867606857,95.2,-170.88615839418173,-21.41545335053922,,,,No,Favoured,Favoured,Favoured
557,foldkarsnp0011235611mutant29082026model0,A,GLU,559,-65,-33,178.99217120282208,113.1205967650682,95.68,-72.62740284043944,-64.691949432895,160.79452592842316,,,No,Favoured,Favoured,Favoured
558,foldkarsnp0011235611mutant29082026model0,A,ASN,560,-67,-41,178.08278383453927,110.5554799551519,97.2,179.7433248155552,67.10365842813518,,,,No,Favoured,Favoured,Favoured
559,foldkarsnp0011235611mutant29082026model0,A,PHE,561,-65,-44,174.2520099236007,112.12721051634716,97.29,176.81102625512287,-114.38678838866555,,,,No,Favoured,Favoured,Favoured
560,foldkarsnp0011235611mutant29082026model0,A,CYS,562,-58,-42,173.96667547149534,111.6581314307729,97.74,-69.3462846302745,,,,,No,Favoured,Favoured,Favoured
561,foldkarsnp0011235611mutant29082026model0,A,THR,563,-61,-40,175.42768120794491,111.1887389224382,98.37,-58.711957352282795,,,,,No,Favoured,Favoured,Favoured
562,foldkarsnp0011235611mutant29082026model0,A,ALA,564,-61,-41,175.62758580121195,111.6346700200803,98.59,,,,,,No,Favoured,Favoured,Favoured
563,foldkarsnp0011235611mutant29082026model0,A,LEU,565,-63,-32,175.3986114146885,112.49825354148034,98.59,-63.946622622137326,-177.41267144803243,,,,No,Favoured,Favoured,Favoured
564,foldkarsnp0011235611mutant29082026model0,A,GLU,566,-65,-23,175.3232808194333,112.80006839157495,98.5,-68.46061219206368,166.78045532804222,-170.0103545564459,,,No,Favoured,Favoured,Favoured
565,foldkarsnp0011235611mutant29082026model0,A,TYR,567,-78,-8,170.30053185630987,113.40719013613634,98.55,-75.35069168779239,-78.28878137068213,,,,No,Favoured,Favoured,Favoured
566,foldkarsnp0011235611mutant29082026model0,A,GLY,568,98,96,173.1312246545549,113.7501521370369,98.36,,,,,,No,Favoured,Favoured,Favoured
567,foldkarsnp0011235611mutant29082026model0,A,LEU,569,-80,121,163.7789011697963,108.8439012379961,98.76,176.9202343920563,63.55505138304872,,,,No,Favoured,Favoured,Favoured
568,foldkarsnp0011235611mutant29082026model0,A,PRO,570,-60,160,174.31190357634213,110.88568330969547,98.74,25.492161437785064,-33.759971271323536,,,,No,Favoured,Favoured,Favoured
569,foldkarsnp0011235611mutant29082026model0,A,PRO,571,-50,120,168.4771184606072,109.50370091996847,98.88,-24.88418244256064,34.22987468352246,,,,No,Favoured,Favoured,Favoured
570,foldkarsnp0011235611mutant29082026model0,A,THR,572,-138,151,-169.65993546223604,108.55480477308046,98.86,-62.03348022385304,,,,,No,Favoured,Favoured,Favoured
571,foldkarsnp0011235611mutant29082026model0,A,ALA,573,-125,140,165.51861569538593,110.11901262245512,98.87,,,,,,No,Favoured,Favoured,Favoured
572,foldkarsnp0011235611mutant29082026model0,A,GLY,574,-121,153,-176.9588996541951,111.97483843423592,98.72,,,,,,No,Favoured,Favoured,Favoured
573,foldkarsnp0011235611mutant29082026model0,A,TRP,575,-148,138,-170.66022901421476,111.13856204020574,98.87,-178.51374752833246,99.46412885473423,,,,No,Favoured,Favoured,Favoured
574,foldkarsnp0011235611mutant29082026model0,A,GLY,576,-131,138,176.06736445424116,112.63583218697804,98.36,,,,,,No,Favoured,Favoured,Favoured
575,foldkarsnp0011235611mutant29082026model0,A,MET,577,-130,133,176.6640358071913,111.93732619127186,98.63,173.38675437097612,-175.8742550056229,-82.6307497002549,,,No,Favoured,Favoured,Favoured
576,foldkarsnp0011235611mutant29082026model0,A,GLY,578,-77,100,171.12691839906753,112.78772026200517,97.51,,,,,,No,Allowed,Allowed,Allowed
577,foldkarsnp0011235611mutant29082026model0,A,ILE,579,-59,-38,-178.8963251364394,111.98023061426075,98.54,-59.10219953074082,-60.55413931795685,,,,No,Favoured,Favoured,Favoured
578,foldkarsnp0011235611mutant29082026model0,A,ASP,580,-63,-43,-179.85670641383098,111.52064360985929,98.14,-53.52171017559265,-74.71555907655929,,,,No,Favoured,Favoured,Favoured
579,foldkarsnp0011235611mutant29082026model0,A,ARG,581,-64,-42,177.72326959626452,111.85995416539635,96.5,-69.85418862608644,-174.72722351797935,-178.77621117629695,161.80523935221225,-0.7633502152964489,No,Favoured,Favoured,Favoured
580,foldkarsnp0011235611mutant29082026model0,A,VAL,582,-60,-43,174.39421678641355,111.0249840042209,97.54,179.23775704253057,,,,,No,Favoured,Favoured,Favoured
581,foldkarsnp0011235611mutant29082026model0,A,ALA,583,-61,-37,175.68522266363695,112.27360922648154,97.71,,,,,,No,Favoured,Favoured,Favoured
582,foldkarsnp0011235611mutant29082026model0,A,MET,584,-58,-48,174.19832975530764,111.7167823289356,95.5,-71.18086163527792,170.98697126306345,64.08622778397873,,,No,Favoured,Favoured,Favoured
583,foldkarsnp0011235611mutant29082026model0,A,PHE,585,-65,-42,-179.36764226489512,112.95389709167736,95.73,-67.12781267339079,-52.76666455762413,,,,No,Favoured,Favoured,Favoured
584,foldkarsnp0011235611mutant29082026model0,A,LEU,586,-76,-3,-179.43409527992588,114.06250604057358,96.43,-60.49389023803956,-168.7962659608517,,,,No,Favoured,Favoured,Favoured
585,foldkarsnp0011235611mutant29082026model0,A,THR,587,-121,11,177.72860057116145,113.47971830724718,96.13,65.21511361431395,,,,,No,Favoured,Favoured,Favoured
586,foldkarsnp0011235611mutant29082026model0,A,ASP,588,47,55,-175.99216540282896,111.83666480805742,95.49,-169.0581093016725,23.878371674624525,,,,No,Favoured,Favoured,Favoured
587,foldkarsnp0011235611mutant29082026model0,A,SER,589,-122,115,-176.00578115413785,110.52887665584798,95.21,-58.35186174813263,,,,,No,Favoured,Favoured,Favoured
588,foldkarsnp0011235611mutant29082026model0,A,ASN,590,-85,3,176.87436274627814,113.97169384191389,93.77,71.1934024663235,-20.666528162302786,,,,No,Favoured,Favoured,Favoured
589,foldkarsnp0011235611mutant29082026model0,A,ASN,591,-133,123,-179.433514720084,109.92376392726067,95.24,-172.64750912133147,-30.377451437709936,,,,No,Favoured,Favoured,Favoured
590,foldkarsnp0011235611mutant29082026model0,A,ILE,592,-56,-28,-179.37400274631128,112.74759066937715,96.01,-167.25878916833673,169.50298362666598,,,,No,Favoured,Favoured,Favoured
591,foldkarsnp0011235611mutant29082026model0,A,LYS,593,-64,-18,177.48892274850508,113.74003431164465,97.45,-60.37987267440557,179.39376640470394,176.11428082036693,63.70319756952515,,No,Favoured,Favoured,Favoured
592,foldkarsnp0011235611mutant29082026model0,A,GLU,594,-72,-24,174.4935009327879,112.89048029998156,97.56,-68.6751833368918,-69.28287639108797,157.40510672779627,,,No,Favoured,Favoured,Favoured
593,foldkarsnp0011235611mutant29082026model0,A,VAL,595,-111,5,-175.6351054242565,113.43674995143948,97.92,-60.47939489764383,,,,,No,Favoured,Favoured,Favoured
594,foldkarsnp0011235611mutant29082026model0,A,LEU,596,-109,128,169.76815733948038,109.21603997077693,98.22,-63.988111667208365,176.2573573781742,,,,No,Favoured,Favoured,Favoured
595,foldkarsnp0011235611mutant29082026model0,A,LEU,597,-60,-45,179.80704658793317,111.43581437872304,98.48,-78.74201523850655,168.52777038946294,,,,No,Favoured,Favoured,Favoured
596,foldkarsnp0011235611mutant29082026model0,A,PHE,598,-130,82,178.76591248844807,108.99187581076005,98.19,-58.14831633373387,-77.14838664421801,,,,No,Favoured,Favoured,Favoured
597,foldkarsnp0011235611mutant29082026model0,A,PRO,599,-69,155,-179.7621029590899,111.42871595688398,97.22,29.663433678397105,-35.13201476078401,,,,No,Favoured,Favoured,Favoured
598,foldkarsnp0011235611mutant29082026model0,A,ALA,600,-63,129,170.146346909372,110.50246020924048,96.21,,,,,,No,Favoured,Favoured,Favoured
599,foldkarsnp0011235611mutant29082026model0,A,MET,601,-124,142,-178.24155424107002,109.32889797289859,95.86,-61.83810259988905,-62.14573872801885,-72.45364953581029,,,No,Favoured,Favoured,Favoured
600,foldkarsnp0011235611mutant29082026model0,A,LYS,602,-58,142,170.33726298146533,109.41923626289714,93.7,-67.10627310388891,-175.69387895453983,179.99394898877932,-178.3671010753321,,No,Favoured,Favoured,Favoured
601,foldkarsnp0011235611mutant29082026model0,A,PRO,603,-50,145,173.88328856872596,110.99162302006572,92.03,-25.487914604313918,34.68387177885229,,,,No,Favoured,Favoured,Favoured
602,foldkarsnp0011235611mutant29082026model0,A,GLU,604,-66,130,168.0490944226815,108.29735772950929,89.89,-67.64524888923322,-178.8578244738494,176.5481338233717,,,No,Favoured,Favoured,Favoured
603,foldkarsnp0011235611mutant29082026model0,A,ASP,605,-56,115,166.6245795264429,106.44876134519662,82.03,-69.86389809750273,-35.512290633076375,,,,No,Favoured,Favoured,Favoured
604,foldkarsnp0011235611mutant29082026model0,A,LYS,606,-58,100,167.30178916312187,105.1767402279523,69.47,-73.99282374582022,-176.71989801226843,-179.85910432041916,178.23235796618792,,No,Allowed,Allowed,Allowed
605,foldkarsnp0011235611mutant29082026model0,A,LYS,607,-56,100,164.59701183669924,104.70942885985438,57.53,-75.44714199720951,-175.46249801520204,178.47659839541893,178.3959041713242,,No,Allowed,Allowed,Allowed
606,foldkarsnp0011235611mutant29082026model0,A,GLU,608,-52,117,161.51844160065096,104.75044434439965,40.9,-73.83547183077994,-173.5248697056351,160.70384193033217,,,No,Favoured,Favoured,Favoured
607,foldkarsnp0011235611mutant29082026model0,A,ASN,609,-62,85,165.81362139191825,105.77957561745598,39.08,-84.28180167454832,-31.993112682790205,,,,No,Disallowed,Allowed,Disallowed
608,foldkarsnp0011235611mutant29082026model0,A,VAL,610,-64,93,165.28385679023725,104.24878124123192,34.91,-178.18749155871774,,,,,No,Allowed,Allowed,Allowed
609,foldkarsnp0011235611mutant29082026model0,A,ALA,611,-56,107,162.7655734814302,105.17247877170142,34.16,,,,,,No,Allowed,Allowed,Allowed
610,foldkarsnp0011235611mutant29082026model0,A,THR,612,-56,97,169.63003950208665,107.56937171422292,29.86,37.01764930184173,,,,,No,Disallowed,Disallowed,Disallowed
611,foldkarsnp0011235611mutant29082026model0,A,THR,613,-73,92,161.36499438743238,106.20660944144207,28.89,40.81062361564211,,,,,No,Favoured,Favoured,Favoured
612,foldkarsnp0011235611mutant29082026model0,A,ASP,614,-61,98,162.04322573216814,108.32480996133361,32.03,-80.12109302382534,-27.912407577686043,,,,No,Allowed,Allowed,Allowed
613,foldkarsnp0011235611mutant29082026model0,A,THR,615,-72,96,162.1986044388647,107.70575761028397,27.0,39.54336468231581,,,,,No,Favoured,Favoured,Favoured
614,foldkarsnp0011235611mutant29082026model0,A,LEU,616,-67,99,162.24404192516843,108.1525132579588,28.69,-83.87769002128397,155.17734337174662,,,,No,Allowed,Allowed,Allowed
615,foldkarsnp0011235611mutant29082026model0,A,GLU,617,-64,111,161.79065570909154,108.83872180259556,27.85,-79.92031207571144,-175.2340389166993,154.32703614540296,,,No,Favoured,Favoured,Favoured
616,foldkarsnp0011235611mutant29082026model0,A,SER,618,-76,104,168.77491887341236,109.28973117656672,30.95,60.42317915885412,,,,,No,Favoured,Favoured,Favoured
617,foldkarsnp0011235611mutant29082026model0,A,THR,619,-69,104,163.97555236527674,109.82390858385197,29.73,34.136299798853976,,,,,No,Favoured,Favoured,Favoured
618,foldkarsnp0011235611mutant29082026model0,A,THR,620,-78,108,164.8796933552781,109.21269786050425,29.05,43.05039587814126,,,,,No,Favoured,Favoured,Favoured
619,foldkarsnp0011235611mutant29082026model0,A,VAL,621,-77,111,165.38573049879304,107.87140141076837,31.17,178.9484659924707,,,,,No,Favoured,Favoured,Favoured
620,foldkarsnp0011235611mutant29082026model0,A,GLY,622,-80,117,168.77970539136174,109.95156789882785,34.71,,,,,,No,Favoured,Favoured,Favoured
621,foldkarsnp0011235611mutant29082026model0,A,THR,623,-92,116,162.83642410756025,108.86461243330659,31.7,37.322819017869826,,,,,No,Favoured,Favoured,Favoured
622,foldkarsnp0011235611mutant29082026model0,A,SER,624,-82,130,165.93785757373124,110.33029617430066,34.51,50.8150345099498,,,,,No,Favoured,Favoured,Favoured
